Speaker,Language,Text,ID_unigram_coupe,ID_unigram_esidaine,ID_bigram_coupe,ID_bigram_esidaine,ID_trigram_esidaine,ID_4gram_esidaine,IR_unigram_esidaine,IR_bigram_esidaine,IR_trigram_esidaine,IR_4gram_esidaine
CAT_F1(Su),CAT,O1,8.1,,5.49,,,,,,,
CAT_F1(Su),CAT,O2,8.1,,5.49,,,,,,,
CAT_F1(Su),CAT,O3,8.1,,5.49,,,,,,,
CAT_F1(Su),CAT,O4,8.1,,5.49,,,,,,,
CAT_F1(Su),CAT,O6,8.1,,5.49,,,,,,,
CAT_F1(Su),CAT,O8,8.1,,5.49,,,,,,,
CAT_F1(Su),CAT,O9,8.1,,5.49,,,,,,,
CAT_F1(Su),CAT,P0,8.1,,5.49,,,,,,,
CAT_F1(Su),CAT,P1,8.1,,5.49,,,,,,,
CAT_F1(Su),CAT,P2,8.1,,5.49,,,,,,,
CAT_F1(Su),CAT,P3,8.1,,5.49,,,,,,,
CAT_F1(Su),CAT,P8,8.1,,5.49,,,,,,,
CAT_F1(Su),CAT,P9,8.1,,5.49,,,,,,,
CAT_F1(Su),CAT,Q0,8.1,,5.49,,,,,,,
CAT_F1(Su),CAT,Q1,8.1,,5.49,,,,,,,
CAT_F2(De),CAT,O1,8.1,,5.49,,,,,,,
CAT_F2(De),CAT,O2,8.1,,5.49,,,,,,,
CAT_F2(De),CAT,O3,8.1,,5.49,,,,,,,
CAT_F2(De),CAT,O4,8.1,,5.49,,,,,,,
CAT_F2(De),CAT,O6,8.1,,5.49,,,,,,,
CAT_F2(De),CAT,O8,8.1,,5.49,,,,,,,
CAT_F2(De),CAT,O9,8.1,,5.49,,,,,,,
CAT_F2(De),CAT,P0,8.1,,5.49,,,,,,,
CAT_F2(De),CAT,P1,8.1,,5.49,,,,,,,
CAT_F2(De),CAT,P2,8.1,,5.49,,,,,,,
CAT_F2(De),CAT,P3,8.1,,5.49,,,,,,,
CAT_F2(De),CAT,P8,8.1,,5.49,,,,,,,
CAT_F2(De),CAT,P9,8.1,,5.49,,,,,,,
CAT_F2(De),CAT,Q0,8.1,,5.49,,,,,,,
CAT_F2(De),CAT,Q1,8.1,,5.49,,,,,,,
CAT_F3(Mo),CAT,O1,8.1,,5.49,,,,,,,
CAT_F3(Mo),CAT,O2,8.1,,5.49,,,,,,,
CAT_F3(Mo),CAT,O3,8.1,,5.49,,,,,,,
CAT_F3(Mo),CAT,O4,8.1,,5.49,,,,,,,
CAT_F3(Mo),CAT,O6,8.1,,5.49,,,,,,,
CAT_F3(Mo),CAT,O8,8.1,,5.49,,,,,,,
CAT_F3(Mo),CAT,O9,8.1,,5.49,,,,,,,
CAT_F3(Mo),CAT,P0,8.1,,5.49,,,,,,,
CAT_F3(Mo),CAT,P1,8.1,,5.49,,,,,,,
CAT_F3(Mo),CAT,P2,8.1,,5.49,,,,,,,
CAT_F3(Mo),CAT,P3,8.1,,5.49,,,,,,,
CAT_F3(Mo),CAT,P8,8.1,,5.49,,,,,,,
CAT_F3(Mo),CAT,P9,8.1,,5.49,,,,,,,
CAT_F3(Mo),CAT,Q0,8.1,,5.49,,,,,,,
CAT_F3(Mo),CAT,Q1,8.1,,5.49,,,,,,,
CAT_F4(Mi),CAT,O1,8.1,,5.49,,,,,,,
CAT_F4(Mi),CAT,O2,8.1,,5.49,,,,,,,
CAT_F4(Mi),CAT,O3,8.1,,5.49,,,,,,,
CAT_F4(Mi),CAT,O4,8.1,,5.49,,,,,,,
CAT_F4(Mi),CAT,O6,8.1,,5.49,,,,,,,
CAT_F4(Mi),CAT,O8,8.1,,5.49,,,,,,,
CAT_F4(Mi),CAT,O9,8.1,,5.49,,,,,,,
CAT_F4(Mi),CAT,P0,8.1,,5.49,,,,,,,
CAT_F4(Mi),CAT,P1,8.1,,5.49,,,,,,,
CAT_F4(Mi),CAT,P2,8.1,,5.49,,,,,,,
CAT_F4(Mi),CAT,P3,8.1,,5.49,,,,,,,
CAT_F4(Mi),CAT,P8,8.1,,5.49,,,,,,,
CAT_F4(Mi),CAT,P9,8.1,,5.49,,,,,,,
CAT_F4(Mi),CAT,Q0,8.1,,5.49,,,,,,,
CAT_F4(Mi),CAT,Q1,8.1,,5.49,,,,,,,
CAT_F5(An),CAT,O1,8.1,,5.49,,,,,,,
CAT_F5(An),CAT,O2,8.1,,5.49,,,,,,,
CAT_F5(An),CAT,O3,8.1,,5.49,,,,,,,
CAT_F5(An),CAT,O4,8.1,,5.49,,,,,,,
CAT_F5(An),CAT,O6,8.1,,5.49,,,,,,,
CAT_F5(An),CAT,O8,8.1,,5.49,,,,,,,
CAT_F5(An),CAT,O9,8.1,,5.49,,,,,,,
CAT_F5(An),CAT,P0,8.1,,5.49,,,,,,,
CAT_F5(An),CAT,P1,8.1,,5.49,,,,,,,
CAT_F5(An),CAT,P2,8.1,,5.49,,,,,,,
CAT_F5(An),CAT,P3,8.1,,5.49,,,,,,,
CAT_F5(An),CAT,P8,8.1,,5.49,,,,,,,
CAT_F5(An),CAT,P9,8.1,,5.49,,,,,,,
CAT_F5(An),CAT,Q0,8.1,,5.49,,,,,,,
CAT_F5(An),CAT,Q1,8.1,,5.49,,,,,,,
CAT_M1(Xa),CAT,O1,8.1,,5.49,,,,,,,
CAT_M1(Xa),CAT,O2,8.1,,5.49,,,,,,,
CAT_M1(Xa),CAT,O3,8.1,,5.49,,,,,,,
CAT_M1(Xa),CAT,O4,8.1,,5.49,,,,,,,
CAT_M1(Xa),CAT,O6,8.1,,5.49,,,,,,,
CAT_M1(Xa),CAT,O8,8.1,,5.49,,,,,,,
CAT_M1(Xa),CAT,O9,8.1,,5.49,,,,,,,
CAT_M1(Xa),CAT,P0,8.1,,5.49,,,,,,,
CAT_M1(Xa),CAT,P1,8.1,,5.49,,,,,,,
CAT_M1(Xa),CAT,P2,8.1,,5.49,,,,,,,
CAT_M1(Xa),CAT,P3,8.1,,5.49,,,,,,,
CAT_M1(Xa),CAT,P8,8.1,,5.49,,,,,,,
CAT_M1(Xa),CAT,P9,8.1,,5.49,,,,,,,
CAT_M1(Xa),CAT,Q0,8.1,,5.49,,,,,,,
CAT_M1(Xa),CAT,Q1,8.1,,5.49,,,,,,,
CAT_M2(Al),CAT,O1,8.1,,5.49,,,,,,,
CAT_M2(Al),CAT,O2,8.1,,5.49,,,,,,,
CAT_M2(Al),CAT,O3,8.1,,5.49,,,,,,,
CAT_M2(Al),CAT,O4,8.1,,5.49,,,,,,,
CAT_M2(Al),CAT,O6,8.1,,5.49,,,,,,,
CAT_M2(Al),CAT,O8,8.1,,5.49,,,,,,,
CAT_M2(Al),CAT,O9,8.1,,5.49,,,,,,,
CAT_M2(Al),CAT,P0,8.1,,5.49,,,,,,,
CAT_M2(Al),CAT,P1,8.1,,5.49,,,,,,,
CAT_M2(Al),CAT,P2,8.1,,5.49,,,,,,,
CAT_M2(Al),CAT,P3,8.1,,5.49,,,,,,,
CAT_M2(Al),CAT,P8,8.1,,5.49,,,,,,,
CAT_M2(Al),CAT,P9,8.1,,5.49,,,,,,,
CAT_M2(Al),CAT,Q0,8.1,,5.49,,,,,,,
CAT_M2(Al),CAT,Q1,8.1,,5.49,,,,,,,
CAT_M3(Da),CAT,O1,8.1,,5.49,,,,,,,
CAT_M3(Da),CAT,O2,8.1,,5.49,,,,,,,
CAT_M3(Da),CAT,O3,8.1,,5.49,,,,,,,
CAT_M3(Da),CAT,O4,8.1,,5.49,,,,,,,
CAT_M3(Da),CAT,O6,8.1,,5.49,,,,,,,
CAT_M3(Da),CAT,O8,8.1,,5.49,,,,,,,
CAT_M3(Da),CAT,O9,8.1,,5.49,,,,,,,
CAT_M3(Da),CAT,P0,8.1,,5.49,,,,,,,
CAT_M3(Da),CAT,P1,8.1,,5.49,,,,,,,
CAT_M3(Da),CAT,P2,8.1,,5.49,,,,,,,
CAT_M3(Da),CAT,P3,8.1,,5.49,,,,,,,
CAT_M3(Da),CAT,P8,8.1,,5.49,,,,,,,
CAT_M3(Da),CAT,P9,8.1,,5.49,,,,,,,
CAT_M3(Da),CAT,Q0,8.1,,5.49,,,,,,,
CAT_M3(Da),CAT,Q1,8.1,,5.49,,,,,,,
CAT_M4(Ma),CAT,O1,8.1,,5.49,,,,,,,
CAT_M4(Ma),CAT,O2,8.1,,5.49,,,,,,,
CAT_M4(Ma),CAT,O3,8.1,,5.49,,,,,,,
CAT_M4(Ma),CAT,O4,8.1,,5.49,,,,,,,
CAT_M4(Ma),CAT,O6,8.1,,5.49,,,,,,,
CAT_M4(Ma),CAT,O8,8.1,,5.49,,,,,,,
CAT_M4(Ma),CAT,O9,8.1,,5.49,,,,,,,
CAT_M4(Ma),CAT,P0,8.1,,5.49,,,,,,,
CAT_M4(Ma),CAT,P1,8.1,,5.49,,,,,,,
CAT_M4(Ma),CAT,P2,8.1,,5.49,,,,,,,
CAT_M4(Ma),CAT,P3,8.1,,5.49,,,,,,,
CAT_M4(Ma),CAT,P8,8.1,,5.49,,,,,,,
CAT_M4(Ma),CAT,P9,8.1,,5.49,,,,,,,
CAT_M4(Ma),CAT,Q0,8.1,,5.49,,,,,,,
CAT_M4(Ma),CAT,Q1,8.1,,5.49,,,,,,,
CAT_M5(Jo),CAT,O1,8.1,,5.49,,,,,,,
CAT_M5(Jo),CAT,O2,8.1,,5.49,,,,,,,
CAT_M5(Jo),CAT,O3,8.1,,5.49,,,,,,,
CAT_M5(Jo),CAT,O4,8.1,,5.49,,,,,,,
CAT_M5(Jo),CAT,O6,8.1,,5.49,,,,,,,
CAT_M5(Jo),CAT,O8,8.1,,5.49,,,,,,,
CAT_M5(Jo),CAT,O9,8.1,,5.49,,,,,,,
CAT_M5(Jo),CAT,P0,8.1,,5.49,,,,,,,
CAT_M5(Jo),CAT,P1,8.1,,5.49,,,,,,,
CAT_M5(Jo),CAT,P2,8.1,,5.49,,,,,,,
CAT_M5(Jo),CAT,P3,8.1,,5.49,,,,,,,
CAT_M5(Jo),CAT,P8,8.1,,5.49,,,,,,,
CAT_M5(Jo),CAT,P9,8.1,,5.49,,,,,,,
CAT_M5(Jo),CAT,Q0,8.1,,5.49,,,,,,,
CAT_M5(Jo),CAT,Q1,8.1,,5.49,,,,,,,
CMN_F1(Hu),CMN,O1,8.69,8.633642899567581,6.96,3.9309067501260495,0.4822832591435065,0.0433434400222938,39.022,17.767,2.18,0.196
CMN_F1(Hu),CMN,O2,8.69,8.633642899567581,6.96,3.9309067501260495,0.4822832591435065,0.0433434400222938,48.447,22.058,2.706,0.243
CMN_F1(Hu),CMN,O3,8.69,8.633642899567581,6.96,3.9309067501260495,0.4822832591435065,0.0433434400222938,42.426,19.316,2.37,0.213
CMN_F1(Hu),CMN,O4,8.69,8.633642899567581,6.96,3.9309067501260495,0.4822832591435065,0.0433434400222938,44.079,20.069,2.462,0.221
CMN_F1(Hu),CMN,O6,8.69,8.633642899567581,6.96,3.9309067501260495,0.4822832591435065,0.0433434400222938,35.709,16.258,1.995,0.179
CMN_F1(Hu),CMN,O8,8.69,8.633642899567581,6.96,3.9309067501260495,0.4822832591435065,0.0433434400222938,40.245,18.323,2.248,0.202
CMN_F1(Hu),CMN,O9,8.69,8.633642899567581,6.96,3.9309067501260495,0.4822832591435065,0.0433434400222938,41.987,19.117,2.345,0.211
CMN_F1(Hu),CMN,P0,8.69,8.633642899567581,6.96,3.9309067501260495,0.4822832591435065,0.0433434400222938,44.877,20.432,2.507,0.225
CMN_F1(Hu),CMN,P1,8.69,8.633642899567581,6.96,3.9309067501260495,0.4822832591435065,0.0433434400222938,38.986,17.75,2.178,0.196
CMN_F1(Hu),CMN,P2,8.69,8.633642899567581,6.96,3.9309067501260495,0.4822832591435065,0.0433434400222938,44.041,20.052,2.46,0.221
CMN_F1(Hu),CMN,P3,8.69,8.633642899567581,6.96,3.9309067501260495,0.4822832591435065,0.0433434400222938,41.255,18.783,2.305,0.207
CMN_F1(Hu),CMN,P8,8.69,8.633642899567581,6.96,3.9309067501260495,0.4822832591435065,0.0433434400222938,43.723,19.907,2.442,0.22
CMN_F1(Hu),CMN,P9,8.69,8.633642899567581,6.96,3.9309067501260495,0.4822832591435065,0.0433434400222938,42.148,19.19,2.354,0.212
CMN_F1(Hu),CMN,Q0,8.69,8.633642899567581,6.96,3.9309067501260495,0.4822832591435065,0.0433434400222938,45.823,20.863,2.56,0.23
CMN_F1(Hu),CMN,Q1,8.69,8.633642899567581,6.96,3.9309067501260495,0.4822832591435065,0.0433434400222938,36.238,16.499,2.024,0.182
CMN_F2(Yu),CMN,O1,8.69,8.633642899567581,6.96,3.9309067501260495,0.4822832591435065,0.0433434400222938,43.084,19.616,2.407,0.216
CMN_F2(Yu),CMN,O2,8.69,8.633642899567581,6.96,3.9309067501260495,0.4822832591435065,0.0433434400222938,42.847,19.508,2.393,0.215
CMN_F2(Yu),CMN,O3,8.69,8.633642899567581,6.96,3.9309067501260495,0.4822832591435065,0.0433434400222938,44.042,20.052,2.46,0.221
CMN_F2(Yu),CMN,O4,8.69,8.633642899567581,6.96,3.9309067501260495,0.4822832591435065,0.0433434400222938,44.911,20.448,2.509,0.225
CMN_F2(Yu),CMN,O6,8.69,8.633642899567581,6.96,3.9309067501260495,0.4822832591435065,0.0433434400222938,42.33,19.273,2.365,0.213
CMN_F2(Yu),CMN,O8,8.69,8.633642899567581,6.96,3.9309067501260495,0.4822832591435065,0.0433434400222938,42.374,19.293,2.367,0.213
CMN_F2(Yu),CMN,O9,8.69,8.633642899567581,6.96,3.9309067501260495,0.4822832591435065,0.0433434400222938,46.314,21.087,2.587,0.233
CMN_F2(Yu),CMN,P0,8.69,8.633642899567581,6.96,3.9309067501260495,0.4822832591435065,0.0433434400222938,41.831,19.046,2.337,0.21
CMN_F2(Yu),CMN,P1,8.69,8.633642899567581,6.96,3.9309067501260495,0.4822832591435065,0.0433434400222938,38.772,17.653,2.166,0.195
CMN_F2(Yu),CMN,P2,8.69,8.633642899567581,6.96,3.9309067501260495,0.4822832591435065,0.0433434400222938,39.51,17.989,2.207,0.198
CMN_F2(Yu),CMN,P3,8.69,8.633642899567581,6.96,3.9309067501260495,0.4822832591435065,0.0433434400222938,46.809,21.312,2.615,0.235
CMN_F2(Yu),CMN,P8,8.69,8.633642899567581,6.96,3.9309067501260495,0.4822832591435065,0.0433434400222938,46.634,21.233,2.605,0.234
CMN_F2(Yu),CMN,P9,8.69,8.633642899567581,6.96,3.9309067501260495,0.4822832591435065,0.0433434400222938,45.161,20.562,2.523,0.227
CMN_F2(Yu),CMN,Q0,8.69,8.633642899567581,6.96,3.9309067501260495,0.4822832591435065,0.0433434400222938,46.709,21.267,2.609,0.234
CMN_F2(Yu),CMN,Q1,8.69,8.633642899567581,6.96,3.9309067501260495,0.4822832591435065,0.0433434400222938,42.432,19.319,2.37,0.213
CMN_F3(Ma),CMN,O1,8.69,8.633642899567581,6.96,3.9309067501260495,0.4822832591435065,0.0433434400222938,42.946,19.553,2.399,0.216
CMN_F3(Ma),CMN,O2,8.69,8.633642899567581,6.96,3.9309067501260495,0.4822832591435065,0.0433434400222938,38.49,17.525,2.15,0.193
CMN_F3(Ma),CMN,O3,8.69,8.633642899567581,6.96,3.9309067501260495,0.4822832591435065,0.0433434400222938,42.565,19.38,2.378,0.214
CMN_F3(Ma),CMN,O4,8.69,8.633642899567581,6.96,3.9309067501260495,0.4822832591435065,0.0433434400222938,39.36,17.921,2.199,0.198
CMN_F3(Ma),CMN,O6,8.69,8.633642899567581,6.96,3.9309067501260495,0.4822832591435065,0.0433434400222938,38.626,17.586,2.158,0.194
CMN_F3(Ma),CMN,O8,8.69,8.633642899567581,6.96,3.9309067501260495,0.4822832591435065,0.0433434400222938,38.606,17.577,2.157,0.194
CMN_F3(Ma),CMN,O9,8.69,8.633642899567581,6.96,3.9309067501260495,0.4822832591435065,0.0433434400222938,39.059,17.784,2.182,0.196
CMN_F3(Ma),CMN,P0,8.69,8.633642899567581,6.96,3.9309067501260495,0.4822832591435065,0.0433434400222938,42.629,19.409,2.381,0.214
CMN_F3(Ma),CMN,P1,8.69,8.633642899567581,6.96,3.9309067501260495,0.4822832591435065,0.0433434400222938,38.304,17.44,2.14,0.192
CMN_F3(Ma),CMN,P2,8.69,8.633642899567581,6.96,3.9309067501260495,0.4822832591435065,0.0433434400222938,36.991,16.842,2.066,0.186
CMN_F3(Ma),CMN,P3,8.69,8.633642899567581,6.96,3.9309067501260495,0.4822832591435065,0.0433434400222938,40.217,18.311,2.247,0.202
CMN_F3(Ma),CMN,P8,8.69,8.633642899567581,6.96,3.9309067501260495,0.4822832591435065,0.0433434400222938,42.59,19.391,2.379,0.214
CMN_F3(Ma),CMN,P9,8.69,8.633642899567581,6.96,3.9309067501260495,0.4822832591435065,0.0433434400222938,45.632,20.776,2.549,0.229
CMN_F3(Ma),CMN,Q0,8.69,8.633642899567581,6.96,3.9309067501260495,0.4822832591435065,0.0433434400222938,41.022,18.678,2.292,0.206
CMN_F3(Ma),CMN,Q1,8.69,8.633642899567581,6.96,3.9309067501260495,0.4822832591435065,0.0433434400222938,43.091,19.619,2.407,0.216
CMN_F4(Fe),CMN,O1,8.69,8.633642899567581,6.96,3.9309067501260495,0.4822832591435065,0.0433434400222938,46.55,21.194,2.6,0.234
CMN_F4(Fe),CMN,O2,8.69,8.633642899567581,6.96,3.9309067501260495,0.4822832591435065,0.0433434400222938,45.359,20.652,2.534,0.228
CMN_F4(Fe),CMN,O3,8.69,8.633642899567581,6.96,3.9309067501260495,0.4822832591435065,0.0433434400222938,43.544,19.825,2.432,0.219
CMN_F4(Fe),CMN,O4,8.69,8.633642899567581,6.96,3.9309067501260495,0.4822832591435065,0.0433434400222938,43.422,19.77,2.426,0.218
CMN_F4(Fe),CMN,O6,8.69,8.633642899567581,6.96,3.9309067501260495,0.4822832591435065,0.0433434400222938,45.778,20.843,2.557,0.23
CMN_F4(Fe),CMN,O8,8.69,8.633642899567581,6.96,3.9309067501260495,0.4822832591435065,0.0433434400222938,45.796,20.851,2.558,0.23
CMN_F4(Fe),CMN,O9,8.69,8.633642899567581,6.96,3.9309067501260495,0.4822832591435065,0.0433434400222938,43.787,19.936,2.446,0.22
CMN_F4(Fe),CMN,P0,8.69,8.633642899567581,6.96,3.9309067501260495,0.4822832591435065,0.0433434400222938,43.808,19.946,2.447,0.22
CMN_F4(Fe),CMN,P1,8.69,8.633642899567581,6.96,3.9309067501260495,0.4822832591435065,0.0433434400222938,43.44,19.778,2.427,0.218
CMN_F4(Fe),CMN,P2,8.69,8.633642899567581,6.96,3.9309067501260495,0.4822832591435065,0.0433434400222938,45.519,20.725,2.543,0.229
CMN_F4(Fe),CMN,P3,8.69,8.633642899567581,6.96,3.9309067501260495,0.4822832591435065,0.0433434400222938,42.086,19.162,2.351,0.211
CMN_F4(Fe),CMN,P8,8.69,8.633642899567581,6.96,3.9309067501260495,0.4822832591435065,0.0433434400222938,42.593,19.392,2.379,0.214
CMN_F4(Fe),CMN,P9,8.69,8.633642899567581,6.96,3.9309067501260495,0.4822832591435065,0.0433434400222938,46.453,21.15,2.595,0.233
CMN_F4(Fe),CMN,Q0,8.69,8.633642899567581,6.96,3.9309067501260495,0.4822832591435065,0.0433434400222938,41.081,18.704,2.295,0.206
CMN_F4(Fe),CMN,Q1,8.69,8.633642899567581,6.96,3.9309067501260495,0.4822832591435065,0.0433434400222938,42.05,19.145,2.349,0.211
CMN_F6(Xu),CMN,O1,8.69,8.633642899567581,6.96,3.9309067501260495,0.4822832591435065,0.0433434400222938,50.174,22.844,2.803,0.252
CMN_F6(Xu),CMN,O2,8.69,8.633642899567581,6.96,3.9309067501260495,0.4822832591435065,0.0433434400222938,53.908,24.544,3.011,0.271
CMN_F6(Xu),CMN,O3,8.69,8.633642899567581,6.96,3.9309067501260495,0.4822832591435065,0.0433434400222938,53.205,24.224,2.972,0.267
CMN_F6(Xu),CMN,O4,8.69,8.633642899567581,6.96,3.9309067501260495,0.4822832591435065,0.0433434400222938,51.882,23.622,2.898,0.26
CMN_F6(Xu),CMN,O6,8.69,8.633642899567581,6.96,3.9309067501260495,0.4822832591435065,0.0433434400222938,50.143,22.83,2.801,0.252
CMN_F6(Xu),CMN,O8,8.69,8.633642899567581,6.96,3.9309067501260495,0.4822832591435065,0.0433434400222938,51.531,23.462,2.879,0.259
CMN_F6(Xu),CMN,O9,8.69,8.633642899567581,6.96,3.9309067501260495,0.4822832591435065,0.0433434400222938,51.781,23.576,2.893,0.26
CMN_F6(Xu),CMN,P0,8.69,8.633642899567581,6.96,3.9309067501260495,0.4822832591435065,0.0433434400222938,53.023,24.141,2.962,0.266
CMN_F6(Xu),CMN,P1,8.69,8.633642899567581,6.96,3.9309067501260495,0.4822832591435065,0.0433434400222938,48.974,22.298,2.736,0.246
CMN_F6(Xu),CMN,P2,8.69,8.633642899567581,6.96,3.9309067501260495,0.4822832591435065,0.0433434400222938,49.545,22.558,2.768,0.249
CMN_F6(Xu),CMN,P3,8.69,8.633642899567581,6.96,3.9309067501260495,0.4822832591435065,0.0433434400222938,52.188,23.761,2.915,0.262
CMN_F6(Xu),CMN,P8,8.69,8.633642899567581,6.96,3.9309067501260495,0.4822832591435065,0.0433434400222938,49.52,22.546,2.766,0.249
CMN_F6(Xu),CMN,P9,8.69,8.633642899567581,6.96,3.9309067501260495,0.4822832591435065,0.0433434400222938,51.847,23.606,2.896,0.26
CMN_F6(Xu),CMN,Q0,8.69,8.633642899567581,6.96,3.9309067501260495,0.4822832591435065,0.0433434400222938,50.087,22.805,2.798,0.251
CMN_F6(Xu),CMN,Q1,8.69,8.633642899567581,6.96,3.9309067501260495,0.4822832591435065,0.0433434400222938,52.997,24.129,2.96,0.266
CMN_M1(Cha),CMN,O1,8.69,8.633642899567581,6.96,3.9309067501260495,0.4822832591435065,0.0433434400222938,47.037,21.416,2.628,0.236
CMN_M1(Cha),CMN,O2,8.69,8.633642899567581,6.96,3.9309067501260495,0.4822832591435065,0.0433434400222938,42.019,19.131,2.347,0.211
CMN_M1(Cha),CMN,O3,8.69,8.633642899567581,6.96,3.9309067501260495,0.4822832591435065,0.0433434400222938,44.973,20.476,2.512,0.226
CMN_M1(Cha),CMN,O4,8.69,8.633642899567581,6.96,3.9309067501260495,0.4822832591435065,0.0433434400222938,44.822,20.408,2.504,0.225
CMN_M1(Cha),CMN,O6,8.69,8.633642899567581,6.96,3.9309067501260495,0.4822832591435065,0.0433434400222938,47.468,21.612,2.652,0.238
CMN_M1(Cha),CMN,O8,8.69,8.633642899567581,6.96,3.9309067501260495,0.4822832591435065,0.0433434400222938,46.504,21.174,2.598,0.233
CMN_M1(Cha),CMN,O9,8.69,8.633642899567581,6.96,3.9309067501260495,0.4822832591435065,0.0433434400222938,45.01,20.493,2.514,0.226
CMN_M1(Cha),CMN,P0,8.69,8.633642899567581,6.96,3.9309067501260495,0.4822832591435065,0.0433434400222938,45.324,20.636,2.532,0.228
CMN_M1(Cha),CMN,P1,8.69,8.633642899567581,6.96,3.9309067501260495,0.4822832591435065,0.0433434400222938,45.126,20.546,2.521,0.227
CMN_M1(Cha),CMN,P2,8.69,8.633642899567581,6.96,3.9309067501260495,0.4822832591435065,0.0433434400222938,43.548,19.828,2.433,0.219
CMN_M1(Cha),CMN,P3,8.69,8.633642899567581,6.96,3.9309067501260495,0.4822832591435065,0.0433434400222938,41.503,18.896,2.318,0.208
CMN_M1(Cha),CMN,P8,8.69,8.633642899567581,6.96,3.9309067501260495,0.4822832591435065,0.0433434400222938,40.954,18.647,2.288,0.206
CMN_M1(Cha),CMN,P9,8.69,8.633642899567581,6.96,3.9309067501260495,0.4822832591435065,0.0433434400222938,48.226,21.957,2.694,0.242
CMN_M1(Cha),CMN,Q0,8.69,8.633642899567581,6.96,3.9309067501260495,0.4822832591435065,0.0433434400222938,44.292,20.166,2.474,0.222
CMN_M1(Cha),CMN,Q1,8.69,8.633642899567581,6.96,3.9309067501260495,0.4822832591435065,0.0433434400222938,47.606,21.675,2.659,0.239
CMN_M2(Ye),CMN,O1,8.69,8.633642899567581,6.96,3.9309067501260495,0.4822832591435065,0.0433434400222938,49.99,22.76,2.792,0.251
CMN_M2(Ye),CMN,O2,8.69,8.633642899567581,6.96,3.9309067501260495,0.4822832591435065,0.0433434400222938,48.317,21.999,2.699,0.243
CMN_M2(Ye),CMN,O3,8.69,8.633642899567581,6.96,3.9309067501260495,0.4822832591435065,0.0433434400222938,45.978,20.934,2.568,0.231
CMN_M2(Ye),CMN,O4,8.69,8.633642899567581,6.96,3.9309067501260495,0.4822832591435065,0.0433434400222938,42.811,19.492,2.391,0.215
CMN_M2(Ye),CMN,O6,8.69,8.633642899567581,6.96,3.9309067501260495,0.4822832591435065,0.0433434400222938,49.283,22.439,2.753,0.247
CMN_M2(Ye),CMN,O8,8.69,8.633642899567581,6.96,3.9309067501260495,0.4822832591435065,0.0433434400222938,45.26,20.607,2.528,0.227
CMN_M2(Ye),CMN,O9,8.69,8.633642899567581,6.96,3.9309067501260495,0.4822832591435065,0.0433434400222938,45.0,20.488,2.514,0.226
CMN_M2(Ye),CMN,P0,8.69,8.633642899567581,6.96,3.9309067501260495,0.4822832591435065,0.0433434400222938,46.993,21.396,2.625,0.236
CMN_M2(Ye),CMN,P1,8.69,8.633642899567581,6.96,3.9309067501260495,0.4822832591435065,0.0433434400222938,44.761,20.38,2.5,0.225
CMN_M2(Ye),CMN,P2,8.69,8.633642899567581,6.96,3.9309067501260495,0.4822832591435065,0.0433434400222938,43.124,19.634,2.409,0.216
CMN_M2(Ye),CMN,P3,8.69,8.633642899567581,6.96,3.9309067501260495,0.4822832591435065,0.0433434400222938,45.586,20.755,2.546,0.229
CMN_M2(Ye),CMN,P8,8.69,8.633642899567581,6.96,3.9309067501260495,0.4822832591435065,0.0433434400222938,47.77,21.75,2.668,0.24
CMN_M2(Ye),CMN,P9,8.69,8.633642899567581,6.96,3.9309067501260495,0.4822832591435065,0.0433434400222938,46.489,21.166,2.597,0.233
CMN_M2(Ye),CMN,Q0,8.69,8.633642899567581,6.96,3.9309067501260495,0.4822832591435065,0.0433434400222938,49.503,22.539,2.765,0.249
CMN_M2(Ye),CMN,Q1,8.69,8.633642899567581,6.96,3.9309067501260495,0.4822832591435065,0.0433434400222938,44.25,20.147,2.472,0.222
CMN_M4(Yi),CMN,O1,8.69,8.633642899567581,6.96,3.9309067501260495,0.4822832591435065,0.0433434400222938,39.776,18.11,2.222,0.2
CMN_M4(Yi),CMN,O2,8.69,8.633642899567581,6.96,3.9309067501260495,0.4822832591435065,0.0433434400222938,38.319,17.446,2.141,0.192
CMN_M4(Yi),CMN,O3,8.69,8.633642899567581,6.96,3.9309067501260495,0.4822832591435065,0.0433434400222938,36.791,16.751,2.055,0.185
CMN_M4(Yi),CMN,O4,8.69,8.633642899567581,6.96,3.9309067501260495,0.4822832591435065,0.0433434400222938,39.076,17.791,2.183,0.196
CMN_M4(Yi),CMN,O6,8.69,8.633642899567581,6.96,3.9309067501260495,0.4822832591435065,0.0433434400222938,42.308,19.263,2.363,0.212
CMN_M4(Yi),CMN,O8,8.69,8.633642899567581,6.96,3.9309067501260495,0.4822832591435065,0.0433434400222938,37.338,17.0,2.086,0.187
CMN_M4(Yi),CMN,O9,8.69,8.633642899567581,6.96,3.9309067501260495,0.4822832591435065,0.0433434400222938,40.802,18.577,2.279,0.205
CMN_M4(Yi),CMN,P0,8.69,8.633642899567581,6.96,3.9309067501260495,0.4822832591435065,0.0433434400222938,39.655,18.055,2.215,0.199
CMN_M4(Yi),CMN,P1,8.69,8.633642899567581,6.96,3.9309067501260495,0.4822832591435065,0.0433434400222938,36.725,16.721,2.052,0.184
CMN_M4(Yi),CMN,P2,8.69,8.633642899567581,6.96,3.9309067501260495,0.4822832591435065,0.0433434400222938,40.492,18.436,2.262,0.203
CMN_M4(Yi),CMN,P3,8.69,8.633642899567581,6.96,3.9309067501260495,0.4822832591435065,0.0433434400222938,38.796,17.664,2.167,0.195
CMN_M4(Yi),CMN,P8,8.69,8.633642899567581,6.96,3.9309067501260495,0.4822832591435065,0.0433434400222938,42.487,19.345,2.373,0.213
CMN_M4(Yi),CMN,P9,8.69,8.633642899567581,6.96,3.9309067501260495,0.4822832591435065,0.0433434400222938,40.116,18.265,2.241,0.201
CMN_M4(Yi),CMN,Q0,8.69,8.633642899567581,6.96,3.9309067501260495,0.4822832591435065,0.0433434400222938,38.022,17.312,2.124,0.191
CMN_M4(Yi),CMN,Q1,8.69,8.633642899567581,6.96,3.9309067501260495,0.4822832591435065,0.0433434400222938,44.983,20.481,2.513,0.226
CMN_M5(Qi),CMN,O1,8.69,8.633642899567581,6.96,3.9309067501260495,0.4822832591435065,0.0433434400222938,40.823,18.587,2.28,0.205
CMN_M5(Qi),CMN,O2,8.69,8.633642899567581,6.96,3.9309067501260495,0.4822832591435065,0.0433434400222938,41.882,19.069,2.34,0.21
CMN_M5(Qi),CMN,O3,8.69,8.633642899567581,6.96,3.9309067501260495,0.4822832591435065,0.0433434400222938,41.788,19.026,2.334,0.21
CMN_M5(Qi),CMN,O4,8.69,8.633642899567581,6.96,3.9309067501260495,0.4822832591435065,0.0433434400222938,47.06,21.426,2.629,0.236
CMN_M5(Qi),CMN,O6,8.69,8.633642899567581,6.96,3.9309067501260495,0.4822832591435065,0.0433434400222938,45.075,20.523,2.518,0.226
CMN_M5(Qi),CMN,O8,8.69,8.633642899567581,6.96,3.9309067501260495,0.4822832591435065,0.0433434400222938,40.91,18.626,2.285,0.205
CMN_M5(Qi),CMN,O9,8.69,8.633642899567581,6.96,3.9309067501260495,0.4822832591435065,0.0433434400222938,39.361,17.921,2.199,0.198
CMN_M5(Qi),CMN,P0,8.69,8.633642899567581,6.96,3.9309067501260495,0.4822832591435065,0.0433434400222938,46.91,21.358,2.62,0.236
CMN_M5(Qi),CMN,P1,8.69,8.633642899567581,6.96,3.9309067501260495,0.4822832591435065,0.0433434400222938,39.457,17.965,2.204,0.198
CMN_M5(Qi),CMN,P2,8.69,8.633642899567581,6.96,3.9309067501260495,0.4822832591435065,0.0433434400222938,38.44,17.502,2.147,0.193
CMN_M5(Qi),CMN,P3,8.69,8.633642899567581,6.96,3.9309067501260495,0.4822832591435065,0.0433434400222938,43.547,19.827,2.433,0.219
CMN_M5(Qi),CMN,P8,8.69,8.633642899567581,6.96,3.9309067501260495,0.4822832591435065,0.0433434400222938,45.982,20.936,2.569,0.231
CMN_M5(Qi),CMN,P9,8.69,8.633642899567581,6.96,3.9309067501260495,0.4822832591435065,0.0433434400222938,45.974,20.932,2.568,0.231
CMN_M5(Qi),CMN,Q0,8.69,8.633642899567581,6.96,3.9309067501260495,0.4822832591435065,0.0433434400222938,43.473,19.793,2.428,0.218
CMN_M5(Qi),CMN,Q1,8.69,8.633642899567581,6.96,3.9309067501260495,0.4822832591435065,0.0433434400222938,44.926,20.455,2.51,0.226
CMN_M6(Na),CMN,O1,8.69,8.633642899567581,6.96,3.9309067501260495,0.4822832591435065,0.0433434400222938,42.535,19.366,2.376,0.214
CMN_M6(Na),CMN,O2,8.69,8.633642899567581,6.96,3.9309067501260495,0.4822832591435065,0.0433434400222938,51.028,23.233,2.85,0.256
CMN_M6(Na),CMN,O3,8.69,8.633642899567581,6.96,3.9309067501260495,0.4822832591435065,0.0433434400222938,48.006,21.857,2.682,0.241
CMN_M6(Na),CMN,O4,8.69,8.633642899567581,6.96,3.9309067501260495,0.4822832591435065,0.0433434400222938,49.685,22.622,2.775,0.249
CMN_M6(Na),CMN,O6,8.69,8.633642899567581,6.96,3.9309067501260495,0.4822832591435065,0.0433434400222938,46.836,21.324,2.616,0.235
CMN_M6(Na),CMN,O8,8.69,8.633642899567581,6.96,3.9309067501260495,0.4822832591435065,0.0433434400222938,50.838,23.146,2.84,0.255
CMN_M6(Na),CMN,O9,8.69,8.633642899567581,6.96,3.9309067501260495,0.4822832591435065,0.0433434400222938,48.183,21.938,2.692,0.242
CMN_M6(Na),CMN,P0,8.69,8.633642899567581,6.96,3.9309067501260495,0.4822832591435065,0.0433434400222938,46.596,21.215,2.603,0.234
CMN_M6(Na),CMN,P1,8.69,8.633642899567581,6.96,3.9309067501260495,0.4822832591435065,0.0433434400222938,44.75,20.375,2.5,0.225
CMN_M6(Na),CMN,P2,8.69,8.633642899567581,6.96,3.9309067501260495,0.4822832591435065,0.0433434400222938,45.821,20.862,2.56,0.23
CMN_M6(Na),CMN,P3,8.69,8.633642899567581,6.96,3.9309067501260495,0.4822832591435065,0.0433434400222938,42.502,19.351,2.374,0.213
CMN_M6(Na),CMN,P8,8.69,8.633642899567581,6.96,3.9309067501260495,0.4822832591435065,0.0433434400222938,47.363,21.565,2.646,0.238
CMN_M6(Na),CMN,P9,8.69,8.633642899567581,6.96,3.9309067501260495,0.4822832591435065,0.0433434400222938,49.636,22.599,2.773,0.249
CMN_M6(Na),CMN,Q0,8.69,8.633642899567581,6.96,3.9309067501260495,0.4822832591435065,0.0433434400222938,45.569,20.747,2.546,0.229
CMN_M6(Na),CMN,Q1,8.69,8.633642899567581,6.96,3.9309067501260495,0.4822832591435065,0.0433434400222938,47.647,21.694,2.662,0.239
DEU_aj,DEU,O1,9.3,9.274570032338996,6.08,3.451807610593126,1.3978501648805977,0.87107872315471,41.274,15.361,6.221,3.877
DEU_aj,DEU,O4,9.3,9.274570032338996,6.08,3.451807610593126,1.3978501648805977,0.87107872315471,44.982,16.741,6.78,4.225
DEU_aj,DEU,O6,9.3,9.274570032338996,6.08,3.451807610593126,1.3978501648805977,0.87107872315471,40.812,15.189,6.151,3.833
DEU_aj,DEU,O9,9.3,9.274570032338996,6.08,3.451807610593126,1.3978501648805977,0.87107872315471,39.868,14.838,6.009,3.744
DEU_aj,DEU,P0,9.3,9.274570032338996,6.08,3.451807610593126,1.3978501648805977,0.87107872315471,44.338,16.502,6.683,4.164
DEU_aj,DEU,Q0,9.3,9.274570032338996,6.08,3.451807610593126,1.3978501648805977,0.87107872315471,44.165,16.437,6.656,4.148
DEU_bg,DEU,O2,9.3,9.274570032338996,6.08,3.451807610593126,1.3978501648805977,0.87107872315471,46.032,17.132,6.938,4.323
DEU_bg,DEU,O3,9.3,9.274570032338996,6.08,3.451807610593126,1.3978501648805977,0.87107872315471,43.023,16.012,6.484,4.041
DEU_bg,DEU,O8,9.3,9.274570032338996,6.08,3.451807610593126,1.3978501648805977,0.87107872315471,46.606,17.346,7.024,4.377
DEU_bg,DEU,P1,9.3,9.274570032338996,6.08,3.451807610593126,1.3978501648805977,0.87107872315471,48.246,17.956,7.271,4.531
DEU_bg,DEU,P2,9.3,9.274570032338996,6.08,3.451807610593126,1.3978501648805977,0.87107872315471,43.555,16.21,6.564,4.091
DEU_bg,DEU,P3,9.3,9.274570032338996,6.08,3.451807610593126,1.3978501648805977,0.87107872315471,48.081,17.895,7.247,4.516
DEU_bg,DEU,P8,9.3,9.274570032338996,6.08,3.451807610593126,1.3978501648805977,0.87107872315471,39.322,14.635,5.927,3.693
DEU_bg,DEU,P9,9.3,9.274570032338996,6.08,3.451807610593126,1.3978501648805977,0.87107872315471,42.41,15.784,6.392,3.983
DEU_bg,DEU,Q1,9.3,9.274570032338996,6.08,3.451807610593126,1.3978501648805977,0.87107872315471,42.484,15.812,6.403,3.99
DEU_ga,DEU,O1,9.3,9.274570032338996,6.08,3.451807610593126,1.3978501648805977,0.87107872315471,49.597,18.459,7.475,4.658
DEU_ga,DEU,O4,9.3,9.274570032338996,6.08,3.451807610593126,1.3978501648805977,0.87107872315471,46.606,17.346,7.024,4.377
DEU_ga,DEU,O6,9.3,9.274570032338996,6.08,3.451807610593126,1.3978501648805977,0.87107872315471,45.792,17.043,6.902,4.301
DEU_ga,DEU,O9,9.3,9.274570032338996,6.08,3.451807610593126,1.3978501648805977,0.87107872315471,37.678,14.023,5.679,3.539
DEU_ga,DEU,P0,9.3,9.274570032338996,6.08,3.451807610593126,1.3978501648805977,0.87107872315471,45.197,16.821,6.812,4.245
DEU_ga,DEU,Q0,9.3,9.274570032338996,6.08,3.451807610593126,1.3978501648805977,0.87107872315471,48.228,17.949,7.269,4.53
DEU_hm,DEU,O2,9.3,9.274570032338996,6.08,3.451807610593126,1.3978501648805977,0.87107872315471,42.525,15.827,6.409,3.994
DEU_hm,DEU,O3,9.3,9.274570032338996,6.08,3.451807610593126,1.3978501648805977,0.87107872315471,41.276,15.362,6.221,3.877
DEU_hm,DEU,O8,9.3,9.274570032338996,6.08,3.451807610593126,1.3978501648805977,0.87107872315471,46.595,17.342,7.023,4.376
DEU_hm,DEU,P1,9.3,9.274570032338996,6.08,3.451807610593126,1.3978501648805977,0.87107872315471,47.701,17.753,7.189,4.48
DEU_hm,DEU,P2,9.3,9.274570032338996,6.08,3.451807610593126,1.3978501648805977,0.87107872315471,42.815,15.935,6.453,4.021
DEU_hm,DEU,P3,9.3,9.274570032338996,6.08,3.451807610593126,1.3978501648805977,0.87107872315471,41.124,15.306,6.198,3.862
DEU_hm,DEU,P8,9.3,9.274570032338996,6.08,3.451807610593126,1.3978501648805977,0.87107872315471,36.529,13.595,5.506,3.431
DEU_hm,DEU,P9,9.3,9.274570032338996,6.08,3.451807610593126,1.3978501648805977,0.87107872315471,44.533,16.574,6.712,4.183
DEU_hm,DEU,Q1,9.3,9.274570032338996,6.08,3.451807610593126,1.3978501648805977,0.87107872315471,46.062,17.143,6.942,4.326
DEU_jm,DEU,O2,9.3,9.274570032338996,6.08,3.451807610593126,1.3978501648805977,0.87107872315471,47.972,17.854,7.23,4.506
DEU_jm,DEU,O3,9.3,9.274570032338996,6.08,3.451807610593126,1.3978501648805977,0.87107872315471,45.691,17.005,6.886,4.291
DEU_jm,DEU,O8,9.3,9.274570032338996,6.08,3.451807610593126,1.3978501648805977,0.87107872315471,51.031,18.993,7.691,4.793
DEU_jm,DEU,P1,9.3,9.274570032338996,6.08,3.451807610593126,1.3978501648805977,0.87107872315471,46.625,17.353,7.027,4.379
DEU_jm,DEU,P2,9.3,9.274570032338996,6.08,3.451807610593126,1.3978501648805977,0.87107872315471,45.242,16.838,6.819,4.249
DEU_jm,DEU,P3,9.3,9.274570032338996,6.08,3.451807610593126,1.3978501648805977,0.87107872315471,45.345,16.877,6.834,4.259
DEU_jm,DEU,P8,9.3,9.274570032338996,6.08,3.451807610593126,1.3978501648805977,0.87107872315471,46.174,17.185,6.959,4.337
DEU_jm,DEU,P9,9.3,9.274570032338996,6.08,3.451807610593126,1.3978501648805977,0.87107872315471,50.243,18.699,7.573,4.719
DEU_jm,DEU,Q1,9.3,9.274570032338996,6.08,3.451807610593126,1.3978501648805977,0.87107872315471,44.899,16.71,6.767,4.217
DEU_mi,DEU,O2,9.3,9.274570032338996,6.08,3.451807610593126,1.3978501648805977,0.87107872315471,42.173,15.696,6.356,3.961
DEU_mi,DEU,O3,9.3,9.274570032338996,6.08,3.451807610593126,1.3978501648805977,0.87107872315471,40.709,15.151,6.136,3.823
DEU_mi,DEU,O8,9.3,9.274570032338996,6.08,3.451807610593126,1.3978501648805977,0.87107872315471,43.973,16.366,6.627,4.13
DEU_mi,DEU,P1,9.3,9.274570032338996,6.08,3.451807610593126,1.3978501648805977,0.87107872315471,43.521,16.198,6.559,4.088
DEU_mi,DEU,P2,9.3,9.274570032338996,6.08,3.451807610593126,1.3978501648805977,0.87107872315471,40.343,15.015,6.08,3.789
DEU_mi,DEU,P3,9.3,9.274570032338996,6.08,3.451807610593126,1.3978501648805977,0.87107872315471,41.894,15.592,6.314,3.935
DEU_mi,DEU,P8,9.3,9.274570032338996,6.08,3.451807610593126,1.3978501648805977,0.87107872315471,44.255,16.471,6.67,4.157
DEU_mi,DEU,P9,9.3,9.274570032338996,6.08,3.451807610593126,1.3978501648805977,0.87107872315471,43.009,16.007,6.482,4.039
DEU_mi,DEU,Q1,9.3,9.274570032338996,6.08,3.451807610593126,1.3978501648805977,0.87107872315471,41.588,15.478,6.268,3.906
DEU_mj,DEU,O1,9.3,9.274570032338996,6.08,3.451807610593126,1.3978501648805977,0.87107872315471,44.774,16.664,6.748,4.205
DEU_mj,DEU,O4,9.3,9.274570032338996,6.08,3.451807610593126,1.3978501648805977,0.87107872315471,42.771,15.919,6.446,4.017
DEU_mj,DEU,O6,9.3,9.274570032338996,6.08,3.451807610593126,1.3978501648805977,0.87107872315471,44.341,16.503,6.683,4.165
DEU_mj,DEU,O9,9.3,9.274570032338996,6.08,3.451807610593126,1.3978501648805977,0.87107872315471,40.757,15.169,6.143,3.828
DEU_mj,DEU,P0,9.3,9.274570032338996,6.08,3.451807610593126,1.3978501648805977,0.87107872315471,42.313,15.748,6.377,3.974
DEU_mj,DEU,Q0,9.3,9.274570032338996,6.08,3.451807610593126,1.3978501648805977,0.87107872315471,46.594,17.341,7.023,4.376
DEU_qk,DEU,O1,9.3,9.274570032338996,6.08,3.451807610593126,1.3978501648805977,0.87107872315471,45.286,16.855,6.825,4.253
DEU_qk,DEU,O4,9.3,9.274570032338996,6.08,3.451807610593126,1.3978501648805977,0.87107872315471,49.6,18.46,7.476,4.658
DEU_qk,DEU,O6,9.3,9.274570032338996,6.08,3.451807610593126,1.3978501648805977,0.87107872315471,47.159,17.552,7.108,4.429
DEU_qk,DEU,O9,9.3,9.274570032338996,6.08,3.451807610593126,1.3978501648805977,0.87107872315471,47.88,17.82,7.216,4.497
DEU_qk,DEU,P0,9.3,9.274570032338996,6.08,3.451807610593126,1.3978501648805977,0.87107872315471,44.357,16.509,6.685,4.166
DEU_qk,DEU,Q0,9.3,9.274570032338996,6.08,3.451807610593126,1.3978501648805977,0.87107872315471,46.114,17.163,6.95,4.331
DEU_sm,DEU,O1,9.3,9.274570032338996,6.08,3.451807610593126,1.3978501648805977,0.87107872315471,52.812,19.655,7.96,4.96
DEU_sm,DEU,O4,9.3,9.274570032338996,6.08,3.451807610593126,1.3978501648805977,0.87107872315471,53.559,19.934,8.072,5.03
DEU_sm,DEU,O6,9.3,9.274570032338996,6.08,3.451807610593126,1.3978501648805977,0.87107872315471,49.484,18.417,7.458,4.648
DEU_sm,DEU,O9,9.3,9.274570032338996,6.08,3.451807610593126,1.3978501648805977,0.87107872315471,47.882,17.821,7.217,4.497
DEU_sm,DEU,P0,9.3,9.274570032338996,6.08,3.451807610593126,1.3978501648805977,0.87107872315471,50.884,18.938,7.669,4.779
DEU_sm,DEU,Q0,9.3,9.274570032338996,6.08,3.451807610593126,1.3978501648805977,0.87107872315471,53.031,19.737,7.993,4.981
DEU_ss,DEU,O2,9.3,9.274570032338996,6.08,3.451807610593126,1.3978501648805977,0.87107872315471,42.141,15.684,6.351,3.958
DEU_ss,DEU,O3,9.3,9.274570032338996,6.08,3.451807610593126,1.3978501648805977,0.87107872315471,38.697,14.402,5.832,3.634
DEU_ss,DEU,O8,9.3,9.274570032338996,6.08,3.451807610593126,1.3978501648805977,0.87107872315471,43.037,16.017,6.486,4.042
DEU_ss,DEU,P1,9.3,9.274570032338996,6.08,3.451807610593126,1.3978501648805977,0.87107872315471,40.219,14.969,6.062,3.777
DEU_ss,DEU,P2,9.3,9.274570032338996,6.08,3.451807610593126,1.3978501648805977,0.87107872315471,41.724,15.529,6.289,3.919
DEU_ss,DEU,P3,9.3,9.274570032338996,6.08,3.451807610593126,1.3978501648805977,0.87107872315471,42.253,15.726,6.368,3.968
DEU_ss,DEU,P8,9.3,9.274570032338996,6.08,3.451807610593126,1.3978501648805977,0.87107872315471,44.072,16.403,6.643,4.139
DEU_ss,DEU,P9,9.3,9.274570032338996,6.08,3.451807610593126,1.3978501648805977,0.87107872315471,39.53,14.712,5.958,3.713
DEU_ss,DEU,Q1,9.3,9.274570032338996,6.08,3.451807610593126,1.3978501648805977,0.87107872315471,44.697,16.635,6.737,4.198
ENG_fa,ENG,O1,9.51,9.506135143661751,7.09,3.584731501243554,1.0032723902848382,0.5316255079458874,47.044,17.74,4.965,2.631
ENG_fa,ENG,O2,9.51,9.506135143661751,7.09,3.584731501243554,1.0032723902848382,0.5316255079458874,49.659,18.726,5.241,2.777
ENG_fa,ENG,O3,9.51,9.506135143661751,7.09,3.584731501243554,1.0032723902848382,0.5316255079458874,48.369,18.24,5.105,2.705
ENG_fa,ENG,O4,9.51,9.506135143661751,7.09,3.584731501243554,1.0032723902848382,0.5316255079458874,39.68,14.963,4.188,2.219
ENG_fa,ENG,O6,9.51,9.506135143661751,7.09,3.584731501243554,1.0032723902848382,0.5316255079458874,41.549,15.668,4.385,2.324
ENG_fa,ENG,O8,9.51,9.506135143661751,7.09,3.584731501243554,1.0032723902848382,0.5316255079458874,48.011,18.105,5.067,2.685
ENG_fa,ENG,O9,9.51,9.506135143661751,7.09,3.584731501243554,1.0032723902848382,0.5316255079458874,44.175,16.658,4.662,2.47
ENG_fa,ENG,P1,9.51,9.506135143661751,7.09,3.584731501243554,1.0032723902848382,0.5316255079458874,49.751,18.761,5.251,2.782
ENG_fa,ENG,P2,9.51,9.506135143661751,7.09,3.584731501243554,1.0032723902848382,0.5316255079458874,45.298,17.082,4.781,2.533
ENG_fa,ENG,P3,9.51,9.506135143661751,7.09,3.584731501243554,1.0032723902848382,0.5316255079458874,46.399,17.497,4.897,2.595
ENG_fb,ENG,Q0,9.51,9.506135143661751,7.09,3.584731501243554,1.0032723902848382,0.5316255079458874,49.392,18.625,5.213,2.762
ENG_fb,ENG,Q1,9.51,9.506135143661751,7.09,3.584731501243554,1.0032723902848382,0.5316255079458874,47.617,17.956,5.025,2.663
ENG_fc,ENG,P0,9.51,9.506135143661751,7.09,3.584731501243554,1.0032723902848382,0.5316255079458874,46.21,17.426,4.877,2.584
ENG_fc,ENG,P8,9.51,9.506135143661751,7.09,3.584731501243554,1.0032723902848382,0.5316255079458874,52.147,19.664,5.504,2.916
ENG_fc,ENG,P9,9.51,9.506135143661751,7.09,3.584731501243554,1.0032723902848382,0.5316255079458874,47.319,17.844,4.994,2.646
ENG_fc,ENG,Q0,9.51,9.506135143661751,7.09,3.584731501243554,1.0032723902848382,0.5316255079458874,46.262,17.445,4.882,2.587
ENG_fc,ENG,Q1,9.51,9.506135143661751,7.09,3.584731501243554,1.0032723902848382,0.5316255079458874,45.267,17.07,4.777,2.532
ENG_fd,ENG,O1,9.51,9.506135143661751,7.09,3.584731501243554,1.0032723902848382,0.5316255079458874,50.959,19.216,5.378,2.85
ENG_fd,ENG,O2,9.51,9.506135143661751,7.09,3.584731501243554,1.0032723902848382,0.5316255079458874,50.032,18.867,5.28,2.798
ENG_fd,ENG,O3,9.51,9.506135143661751,7.09,3.584731501243554,1.0032723902848382,0.5316255079458874,52.024,19.618,5.491,2.909
ENG_fd,ENG,O4,9.51,9.506135143661751,7.09,3.584731501243554,1.0032723902848382,0.5316255079458874,45.964,17.333,4.851,2.57
ENG_fd,ENG,O6,9.51,9.506135143661751,7.09,3.584731501243554,1.0032723902848382,0.5316255079458874,47.711,17.992,5.035,2.668
ENG_fd,ENG,O8,9.51,9.506135143661751,7.09,3.584731501243554,1.0032723902848382,0.5316255079458874,50.573,19.071,5.337,2.828
ENG_fd,ENG,O9,9.51,9.506135143661751,7.09,3.584731501243554,1.0032723902848382,0.5316255079458874,47.531,17.924,5.016,2.658
ENG_fe,ENG,O1,9.51,9.506135143661751,7.09,3.584731501243554,1.0032723902848382,0.5316255079458874,47.787,18.02,5.043,2.672
ENG_fe,ENG,O2,9.51,9.506135143661751,7.09,3.584731501243554,1.0032723902848382,0.5316255079458874,47.897,18.062,5.055,2.679
ENG_fe,ENG,O3,9.51,9.506135143661751,7.09,3.584731501243554,1.0032723902848382,0.5316255079458874,49.664,18.728,5.242,2.777
ENG_fe,ENG,O4,9.51,9.506135143661751,7.09,3.584731501243554,1.0032723902848382,0.5316255079458874,47.105,17.763,4.971,2.634
ENG_ff,ENG,O6,9.51,9.506135143661751,7.09,3.584731501243554,1.0032723902848382,0.5316255079458874,43.508,16.407,4.592,2.433
ENG_ff,ENG,O8,9.51,9.506135143661751,7.09,3.584731501243554,1.0032723902848382,0.5316255079458874,46.828,17.659,4.942,2.619
ENG_ff,ENG,O9,9.51,9.506135143661751,7.09,3.584731501243554,1.0032723902848382,0.5316255079458874,43.79,16.513,4.622,2.449
ENG_ff,ENG,P0,9.51,9.506135143661751,7.09,3.584731501243554,1.0032723902848382,0.5316255079458874,43.263,16.314,4.566,2.419
ENG_ff,ENG,P1,9.51,9.506135143661751,7.09,3.584731501243554,1.0032723902848382,0.5316255079458874,47.138,17.776,4.975,2.636
ENG_ff,ENG,P2,9.51,9.506135143661751,7.09,3.584731501243554,1.0032723902848382,0.5316255079458874,49.023,18.486,5.174,2.742
ENG_ff,ENG,P3,9.51,9.506135143661751,7.09,3.584731501243554,1.0032723902848382,0.5316255079458874,51.841,19.549,5.471,2.899
ENG_ff,ENG,P8,9.51,9.506135143661751,7.09,3.584731501243554,1.0032723902848382,0.5316255079458874,48.086,18.133,5.075,2.689
ENG_ff,ENG,P9,9.51,9.506135143661751,7.09,3.584731501243554,1.0032723902848382,0.5316255079458874,48.829,18.413,5.153,2.731
ENG_fg,ENG,P0,9.51,9.506135143661751,7.09,3.584731501243554,1.0032723902848382,0.5316255079458874,46.995,17.722,4.96,2.628
ENG_fg,ENG,P1,9.51,9.506135143661751,7.09,3.584731501243554,1.0032723902848382,0.5316255079458874,50.161,18.916,5.294,2.805
ENG_fg,ENG,P2,9.51,9.506135143661751,7.09,3.584731501243554,1.0032723902848382,0.5316255079458874,46.584,17.567,4.916,2.605
ENG_fg,ENG,P3,9.51,9.506135143661751,7.09,3.584731501243554,1.0032723902848382,0.5316255079458874,51.559,19.443,5.441,2.883
ENG_fg,ENG,P8,9.51,9.506135143661751,7.09,3.584731501243554,1.0032723902848382,0.5316255079458874,48.849,18.421,5.155,2.732
ENG_fg,ENG,P9,9.51,9.506135143661751,7.09,3.584731501243554,1.0032723902848382,0.5316255079458874,55.437,20.905,5.851,3.1
ENG_fg,ENG,Q1,9.51,9.506135143661751,7.09,3.584731501243554,1.0032723902848382,0.5316255079458874,47.668,17.976,5.031,2.666
ENG_fh,ENG,Q0,9.51,9.506135143661751,7.09,3.584731501243554,1.0032723902848382,0.5316255079458874,42.433,16.001,4.478,2.373
ENG_fi,ENG,O1,9.51,9.506135143661751,7.09,3.584731501243554,1.0032723902848382,0.5316255079458874,45.593,17.193,4.812,2.55
ENG_fi,ENG,O2,9.51,9.506135143661751,7.09,3.584731501243554,1.0032723902848382,0.5316255079458874,42.223,15.922,4.456,2.361
ENG_fi,ENG,O3,9.51,9.506135143661751,7.09,3.584731501243554,1.0032723902848382,0.5316255079458874,46.341,17.475,4.891,2.592
ENG_fi,ENG,O4,9.51,9.506135143661751,7.09,3.584731501243554,1.0032723902848382,0.5316255079458874,40.229,15.17,4.246,2.25
ENG_fi,ENG,O6,9.51,9.506135143661751,7.09,3.584731501243554,1.0032723902848382,0.5316255079458874,43.715,16.485,4.614,2.445
ENG_fi,ENG,O8,9.51,9.506135143661751,7.09,3.584731501243554,1.0032723902848382,0.5316255079458874,46.883,17.679,4.948,2.622
ENG_fi,ENG,O9,9.51,9.506135143661751,7.09,3.584731501243554,1.0032723902848382,0.5316255079458874,48.879,18.432,5.159,2.734
ENG_fi,ENG,P1,9.51,9.506135143661751,7.09,3.584731501243554,1.0032723902848382,0.5316255079458874,44.29,16.702,4.674,2.477
ENG_fi,ENG,P2,9.51,9.506135143661751,7.09,3.584731501243554,1.0032723902848382,0.5316255079458874,42.342,15.967,4.469,2.368
ENG_fi,ENG,P3,9.51,9.506135143661751,7.09,3.584731501243554,1.0032723902848382,0.5316255079458874,46.663,17.596,4.925,2.61
ENG_fj,ENG,P0,9.51,9.506135143661751,7.09,3.584731501243554,1.0032723902848382,0.5316255079458874,41.041,15.476,4.331,2.295
ENG_fj,ENG,P8,9.51,9.506135143661751,7.09,3.584731501243554,1.0032723902848382,0.5316255079458874,45.267,17.07,4.777,2.532
ENG_fj,ENG,P9,9.51,9.506135143661751,7.09,3.584731501243554,1.0032723902848382,0.5316255079458874,45.135,17.02,4.763,2.524
ENG_fj,ENG,Q0,9.51,9.506135143661751,7.09,3.584731501243554,1.0032723902848382,0.5316255079458874,47.766,18.012,5.041,2.671
ENG_fj,ENG,Q1,9.51,9.506135143661751,7.09,3.584731501243554,1.0032723902848382,0.5316255079458874,39.902,15.047,4.211,2.232
EUS_F1(Am),EUS,O1,8.32,,4.83,,,,,,,
EUS_F1(Am),EUS,O2,8.32,,4.83,,,,,,,
EUS_F1(Am),EUS,O3,8.32,,4.83,,,,,,,
EUS_F1(Am),EUS,O4,8.32,,4.83,,,,,,,
EUS_F1(Am),EUS,O6,8.32,,4.83,,,,,,,
EUS_F1(Am),EUS,O8,8.32,,4.83,,,,,,,
EUS_F1(Am),EUS,O9,8.32,,4.83,,,,,,,
EUS_F1(Am),EUS,P0,8.32,,4.83,,,,,,,
EUS_F1(Am),EUS,P1,8.32,,4.83,,,,,,,
EUS_F1(Am),EUS,P2,8.32,,4.83,,,,,,,
EUS_F1(Am),EUS,P3,8.32,,4.83,,,,,,,
EUS_F1(Am),EUS,P8,8.32,,4.83,,,,,,,
EUS_F1(Am),EUS,P9,8.32,,4.83,,,,,,,
EUS_F1(Am),EUS,Q0,8.32,,4.83,,,,,,,
EUS_F1(Am),EUS,Q1,8.32,,4.83,,,,,,,
EUS_F2(Ux),EUS,O1,8.32,,4.83,,,,,,,
EUS_F2(Ux),EUS,O2,8.32,,4.83,,,,,,,
EUS_F2(Ux),EUS,O3,8.32,,4.83,,,,,,,
EUS_F2(Ux),EUS,O4,8.32,,4.83,,,,,,,
EUS_F2(Ux),EUS,O6,8.32,,4.83,,,,,,,
EUS_F2(Ux),EUS,O8,8.32,,4.83,,,,,,,
EUS_F2(Ux),EUS,O9,8.32,,4.83,,,,,,,
EUS_F2(Ux),EUS,P0,8.32,,4.83,,,,,,,
EUS_F2(Ux),EUS,P1,8.32,,4.83,,,,,,,
EUS_F2(Ux),EUS,P2,8.32,,4.83,,,,,,,
EUS_F2(Ux),EUS,P3,8.32,,4.83,,,,,,,
EUS_F2(Ux),EUS,P8,8.32,,4.83,,,,,,,
EUS_F2(Ux),EUS,P9,8.32,,4.83,,,,,,,
EUS_F2(Ux),EUS,Q0,8.32,,4.83,,,,,,,
EUS_F2(Ux),EUS,Q1,8.32,,4.83,,,,,,,
EUS_F3(En),EUS,O1,8.32,,4.83,,,,,,,
EUS_F3(En),EUS,O2,8.32,,4.83,,,,,,,
EUS_F3(En),EUS,O3,8.32,,4.83,,,,,,,
EUS_F3(En),EUS,O4,8.32,,4.83,,,,,,,
EUS_F3(En),EUS,O6,8.32,,4.83,,,,,,,
EUS_F3(En),EUS,O8,8.32,,4.83,,,,,,,
EUS_F3(En),EUS,O9,8.32,,4.83,,,,,,,
EUS_F3(En),EUS,P0,8.32,,4.83,,,,,,,
EUS_F3(En),EUS,P1,8.32,,4.83,,,,,,,
EUS_F3(En),EUS,P2,8.32,,4.83,,,,,,,
EUS_F3(En),EUS,P3,8.32,,4.83,,,,,,,
EUS_F3(En),EUS,P8,8.32,,4.83,,,,,,,
EUS_F3(En),EUS,P9,8.32,,4.83,,,,,,,
EUS_F3(En),EUS,Q0,8.32,,4.83,,,,,,,
EUS_F3(En),EUS,Q1,8.32,,4.83,,,,,,,
EUS_F4(Ux2),EUS,O1,8.32,,4.83,,,,,,,
EUS_F4(Ux2),EUS,O2,8.32,,4.83,,,,,,,
EUS_F4(Ux2),EUS,O3,8.32,,4.83,,,,,,,
EUS_F4(Ux2),EUS,O4,8.32,,4.83,,,,,,,
EUS_F4(Ux2),EUS,O6,8.32,,4.83,,,,,,,
EUS_F4(Ux2),EUS,O8,8.32,,4.83,,,,,,,
EUS_F4(Ux2),EUS,O9,8.32,,4.83,,,,,,,
EUS_F4(Ux2),EUS,P0,8.32,,4.83,,,,,,,
EUS_F4(Ux2),EUS,P1,8.32,,4.83,,,,,,,
EUS_F4(Ux2),EUS,P2,8.32,,4.83,,,,,,,
EUS_F4(Ux2),EUS,P3,8.32,,4.83,,,,,,,
EUS_F4(Ux2),EUS,P8,8.32,,4.83,,,,,,,
EUS_F4(Ux2),EUS,P9,8.32,,4.83,,,,,,,
EUS_F4(Ux2),EUS,Q0,8.32,,4.83,,,,,,,
EUS_F4(Ux2),EUS,Q1,8.32,,4.83,,,,,,,
EUS_F5(Am2),EUS,O1,8.32,,4.83,,,,,,,
EUS_F5(Am2),EUS,O2,8.32,,4.83,,,,,,,
EUS_F5(Am2),EUS,O3,8.32,,4.83,,,,,,,
EUS_F5(Am2),EUS,O4,8.32,,4.83,,,,,,,
EUS_F5(Am2),EUS,O6,8.32,,4.83,,,,,,,
EUS_F5(Am2),EUS,O8,8.32,,4.83,,,,,,,
EUS_F5(Am2),EUS,O9,8.32,,4.83,,,,,,,
EUS_F5(Am2),EUS,P0,8.32,,4.83,,,,,,,
EUS_F5(Am2),EUS,P1,8.32,,4.83,,,,,,,
EUS_F5(Am2),EUS,P2,8.32,,4.83,,,,,,,
EUS_F5(Am2),EUS,P3,8.32,,4.83,,,,,,,
EUS_F5(Am2),EUS,P8,8.32,,4.83,,,,,,,
EUS_F5(Am2),EUS,P9,8.32,,4.83,,,,,,,
EUS_F5(Am2),EUS,Q0,8.32,,4.83,,,,,,,
EUS_F5(Am2),EUS,Q1,8.32,,4.83,,,,,,,
EUS_M1(Bo),EUS,O1,8.32,,4.83,,,,,,,
EUS_M1(Bo),EUS,O2,8.32,,4.83,,,,,,,
EUS_M1(Bo),EUS,O3,8.32,,4.83,,,,,,,
EUS_M1(Bo),EUS,O4,8.32,,4.83,,,,,,,
EUS_M1(Bo),EUS,O6,8.32,,4.83,,,,,,,
EUS_M1(Bo),EUS,O8,8.32,,4.83,,,,,,,
EUS_M1(Bo),EUS,O9,8.32,,4.83,,,,,,,
EUS_M1(Bo),EUS,P0,8.32,,4.83,,,,,,,
EUS_M1(Bo),EUS,P1,8.32,,4.83,,,,,,,
EUS_M1(Bo),EUS,P2,8.32,,4.83,,,,,,,
EUS_M1(Bo),EUS,P3,8.32,,4.83,,,,,,,
EUS_M1(Bo),EUS,P8,8.32,,4.83,,,,,,,
EUS_M1(Bo),EUS,P9,8.32,,4.83,,,,,,,
EUS_M1(Bo),EUS,Q0,8.32,,4.83,,,,,,,
EUS_M1(Bo),EUS,Q1,8.32,,4.83,,,,,,,
EUS_M2(Ai),EUS,O1,8.32,,4.83,,,,,,,
EUS_M2(Ai),EUS,O2,8.32,,4.83,,,,,,,
EUS_M2(Ai),EUS,O3,8.32,,4.83,,,,,,,
EUS_M2(Ai),EUS,O4,8.32,,4.83,,,,,,,
EUS_M2(Ai),EUS,O6,8.32,,4.83,,,,,,,
EUS_M2(Ai),EUS,O8,8.32,,4.83,,,,,,,
EUS_M2(Ai),EUS,O9,8.32,,4.83,,,,,,,
EUS_M2(Ai),EUS,P0,8.32,,4.83,,,,,,,
EUS_M2(Ai),EUS,P1,8.32,,4.83,,,,,,,
EUS_M2(Ai),EUS,P2,8.32,,4.83,,,,,,,
EUS_M2(Ai),EUS,P3,8.32,,4.83,,,,,,,
EUS_M2(Ai),EUS,P8,8.32,,4.83,,,,,,,
EUS_M2(Ai),EUS,P9,8.32,,4.83,,,,,,,
EUS_M2(Ai),EUS,Q0,8.32,,4.83,,,,,,,
EUS_M2(Ai),EUS,Q1,8.32,,4.83,,,,,,,
EUS_M3(An),EUS,O1,8.32,,4.83,,,,,,,
EUS_M3(An),EUS,O2,8.32,,4.83,,,,,,,
EUS_M3(An),EUS,O3,8.32,,4.83,,,,,,,
EUS_M3(An),EUS,O4,8.32,,4.83,,,,,,,
EUS_M3(An),EUS,O6,8.32,,4.83,,,,,,,
EUS_M3(An),EUS,O8,8.32,,4.83,,,,,,,
EUS_M3(An),EUS,O9,8.32,,4.83,,,,,,,
EUS_M3(An),EUS,P0,8.32,,4.83,,,,,,,
EUS_M3(An),EUS,P1,8.32,,4.83,,,,,,,
EUS_M3(An),EUS,P2,8.32,,4.83,,,,,,,
EUS_M3(An),EUS,P3,8.32,,4.83,,,,,,,
EUS_M3(An),EUS,P8,8.32,,4.83,,,,,,,
EUS_M3(An),EUS,P9,8.32,,4.83,,,,,,,
EUS_M3(An),EUS,Q0,8.32,,4.83,,,,,,,
EUS_M3(An),EUS,Q1,8.32,,4.83,,,,,,,
EUS_M4(In),EUS,O1,8.32,,4.83,,,,,,,
EUS_M4(In),EUS,O2,8.32,,4.83,,,,,,,
EUS_M4(In),EUS,O3,8.32,,4.83,,,,,,,
EUS_M4(In),EUS,O4,8.32,,4.83,,,,,,,
EUS_M4(In),EUS,O6,8.32,,4.83,,,,,,,
EUS_M4(In),EUS,O8,8.32,,4.83,,,,,,,
EUS_M4(In),EUS,O9,8.32,,4.83,,,,,,,
EUS_M4(In),EUS,P0,8.32,,4.83,,,,,,,
EUS_M4(In),EUS,P1,8.32,,4.83,,,,,,,
EUS_M4(In),EUS,P2,8.32,,4.83,,,,,,,
EUS_M4(In),EUS,P3,8.32,,4.83,,,,,,,
EUS_M4(In),EUS,P8,8.32,,4.83,,,,,,,
EUS_M4(In),EUS,P9,8.32,,4.83,,,,,,,
EUS_M4(In),EUS,Q0,8.32,,4.83,,,,,,,
EUS_M4(In),EUS,Q1,8.32,,4.83,,,,,,,
EUS_M5(Ax),EUS,O1,8.32,,4.83,,,,,,,
EUS_M5(Ax),EUS,O2,8.32,,4.83,,,,,,,
EUS_M5(Ax),EUS,O3,8.32,,4.83,,,,,,,
EUS_M5(Ax),EUS,O4,8.32,,4.83,,,,,,,
EUS_M5(Ax),EUS,O6,8.32,,4.83,,,,,,,
EUS_M5(Ax),EUS,O8,8.32,,4.83,,,,,,,
EUS_M5(Ax),EUS,O9,8.32,,4.83,,,,,,,
EUS_M5(Ax),EUS,P0,8.32,,4.83,,,,,,,
EUS_M5(Ax),EUS,P1,8.32,,4.83,,,,,,,
EUS_M5(Ax),EUS,P2,8.32,,4.83,,,,,,,
EUS_M5(Ax),EUS,P3,8.32,,4.83,,,,,,,
EUS_M5(Ax),EUS,P8,8.32,,4.83,,,,,,,
EUS_M5(Ax),EUS,P9,8.32,,4.83,,,,,,,
EUS_M5(Ax),EUS,Q0,8.32,,4.83,,,,,,,
EUS_M5(Ax),EUS,Q1,8.32,,4.83,,,,,,,
FIN_F1(Ul),FIN,O1,9.54,,5.49,,,,,,,
FIN_F1(Ul),FIN,O2,9.54,,5.49,,,,,,,
FIN_F1(Ul),FIN,O3,9.54,,5.49,,,,,,,
FIN_F1(Ul),FIN,O4,9.54,,5.49,,,,,,,
FIN_F1(Ul),FIN,O6,9.54,,5.49,,,,,,,
FIN_F1(Ul),FIN,O8,9.54,,5.49,,,,,,,
FIN_F1(Ul),FIN,O9,9.54,,5.49,,,,,,,
FIN_F1(Ul),FIN,P0,9.54,,5.49,,,,,,,
FIN_F1(Ul),FIN,P1,9.54,,5.49,,,,,,,
FIN_F1(Ul),FIN,P2,9.54,,5.49,,,,,,,
FIN_F1(Ul),FIN,P3,9.54,,5.49,,,,,,,
FIN_F1(Ul),FIN,P8,9.54,,5.49,,,,,,,
FIN_F1(Ul),FIN,P9,9.54,,5.49,,,,,,,
FIN_F1(Ul),FIN,Q0,9.54,,5.49,,,,,,,
FIN_F1(Ul),FIN,Q1,9.54,,5.49,,,,,,,
FIN_F2(Re),FIN,O1,9.54,,5.49,,,,,,,
FIN_F2(Re),FIN,O2,9.54,,5.49,,,,,,,
FIN_F2(Re),FIN,O3,9.54,,5.49,,,,,,,
FIN_F2(Re),FIN,O4,9.54,,5.49,,,,,,,
FIN_F2(Re),FIN,O6,9.54,,5.49,,,,,,,
FIN_F2(Re),FIN,O8,9.54,,5.49,,,,,,,
FIN_F2(Re),FIN,O9,9.54,,5.49,,,,,,,
FIN_F2(Re),FIN,P0,9.54,,5.49,,,,,,,
FIN_F2(Re),FIN,P1,9.54,,5.49,,,,,,,
FIN_F2(Re),FIN,P2,9.54,,5.49,,,,,,,
FIN_F2(Re),FIN,P3,9.54,,5.49,,,,,,,
FIN_F2(Re),FIN,P8,9.54,,5.49,,,,,,,
FIN_F2(Re),FIN,P9,9.54,,5.49,,,,,,,
FIN_F2(Re),FIN,Q0,9.54,,5.49,,,,,,,
FIN_F2(Re),FIN,Q1,9.54,,5.49,,,,,,,
FIN_F3(Ki),FIN,O1,9.54,,5.49,,,,,,,
FIN_F3(Ki),FIN,O2,9.54,,5.49,,,,,,,
FIN_F3(Ki),FIN,O3,9.54,,5.49,,,,,,,
FIN_F3(Ki),FIN,O4,9.54,,5.49,,,,,,,
FIN_F3(Ki),FIN,O6,9.54,,5.49,,,,,,,
FIN_F3(Ki),FIN,O8,9.54,,5.49,,,,,,,
FIN_F3(Ki),FIN,O9,9.54,,5.49,,,,,,,
FIN_F3(Ki),FIN,P0,9.54,,5.49,,,,,,,
FIN_F3(Ki),FIN,P1,9.54,,5.49,,,,,,,
FIN_F3(Ki),FIN,P2,9.54,,5.49,,,,,,,
FIN_F3(Ki),FIN,P3,9.54,,5.49,,,,,,,
FIN_F3(Ki),FIN,P8,9.54,,5.49,,,,,,,
FIN_F3(Ki),FIN,P9,9.54,,5.49,,,,,,,
FIN_F3(Ki),FIN,Q0,9.54,,5.49,,,,,,,
FIN_F3(Ki),FIN,Q1,9.54,,5.49,,,,,,,
FIN_F4(Pri),FIN,O1,9.54,,5.49,,,,,,,
FIN_F4(Pri),FIN,O2,9.54,,5.49,,,,,,,
FIN_F4(Pri),FIN,O3,9.54,,5.49,,,,,,,
FIN_F4(Pri),FIN,O4,9.54,,5.49,,,,,,,
FIN_F4(Pri),FIN,O6,9.54,,5.49,,,,,,,
FIN_F4(Pri),FIN,O8,9.54,,5.49,,,,,,,
FIN_F4(Pri),FIN,O9,9.54,,5.49,,,,,,,
FIN_F4(Pri),FIN,P0,9.54,,5.49,,,,,,,
FIN_F4(Pri),FIN,P1,9.54,,5.49,,,,,,,
FIN_F4(Pri),FIN,P2,9.54,,5.49,,,,,,,
FIN_F4(Pri),FIN,P3,9.54,,5.49,,,,,,,
FIN_F4(Pri),FIN,P8,9.54,,5.49,,,,,,,
FIN_F4(Pri),FIN,P9,9.54,,5.49,,,,,,,
FIN_F4(Pri),FIN,Q0,9.54,,5.49,,,,,,,
FIN_F4(Pri),FIN,Q1,9.54,,5.49,,,,,,,
FIN_F5(Ma),FIN,O1,9.54,,5.49,,,,,,,
FIN_F5(Ma),FIN,O2,9.54,,5.49,,,,,,,
FIN_F5(Ma),FIN,O3,9.54,,5.49,,,,,,,
FIN_F5(Ma),FIN,O4,9.54,,5.49,,,,,,,
FIN_F5(Ma),FIN,O6,9.54,,5.49,,,,,,,
FIN_F5(Ma),FIN,O8,9.54,,5.49,,,,,,,
FIN_F5(Ma),FIN,O9,9.54,,5.49,,,,,,,
FIN_F5(Ma),FIN,P0,9.54,,5.49,,,,,,,
FIN_F5(Ma),FIN,P1,9.54,,5.49,,,,,,,
FIN_F5(Ma),FIN,P2,9.54,,5.49,,,,,,,
FIN_F5(Ma),FIN,P3,9.54,,5.49,,,,,,,
FIN_F5(Ma),FIN,P8,9.54,,5.49,,,,,,,
FIN_F5(Ma),FIN,P9,9.54,,5.49,,,,,,,
FIN_F5(Ma),FIN,Q0,9.54,,5.49,,,,,,,
FIN_F5(Ma),FIN,Q1,9.54,,5.49,,,,,,,
FIN_M1(Ee),FIN,O1,9.54,,5.49,,,,,,,
FIN_M1(Ee),FIN,O2,9.54,,5.49,,,,,,,
FIN_M1(Ee),FIN,O3,9.54,,5.49,,,,,,,
FIN_M1(Ee),FIN,O4,9.54,,5.49,,,,,,,
FIN_M1(Ee),FIN,O6,9.54,,5.49,,,,,,,
FIN_M1(Ee),FIN,O8,9.54,,5.49,,,,,,,
FIN_M1(Ee),FIN,O9,9.54,,5.49,,,,,,,
FIN_M1(Ee),FIN,P0,9.54,,5.49,,,,,,,
FIN_M1(Ee),FIN,P1,9.54,,5.49,,,,,,,
FIN_M1(Ee),FIN,P2,9.54,,5.49,,,,,,,
FIN_M1(Ee),FIN,P3,9.54,,5.49,,,,,,,
FIN_M1(Ee),FIN,P8,9.54,,5.49,,,,,,,
FIN_M1(Ee),FIN,P9,9.54,,5.49,,,,,,,
FIN_M1(Ee),FIN,Q0,9.54,,5.49,,,,,,,
FIN_M1(Ee),FIN,Q1,9.54,,5.49,,,,,,,
FIN_M2(He),FIN,O1,9.54,,5.49,,,,,,,
FIN_M2(He),FIN,O2,9.54,,5.49,,,,,,,
FIN_M2(He),FIN,O3,9.54,,5.49,,,,,,,
FIN_M2(He),FIN,O4,9.54,,5.49,,,,,,,
FIN_M2(He),FIN,O6,9.54,,5.49,,,,,,,
FIN_M2(He),FIN,O8,9.54,,5.49,,,,,,,
FIN_M2(He),FIN,O9,9.54,,5.49,,,,,,,
FIN_M2(He),FIN,P0,9.54,,5.49,,,,,,,
FIN_M2(He),FIN,P1,9.54,,5.49,,,,,,,
FIN_M2(He),FIN,P2,9.54,,5.49,,,,,,,
FIN_M2(He),FIN,P3,9.54,,5.49,,,,,,,
FIN_M2(He),FIN,P8,9.54,,5.49,,,,,,,
FIN_M2(He),FIN,P9,9.54,,5.49,,,,,,,
FIN_M2(He),FIN,Q0,9.54,,5.49,,,,,,,
FIN_M2(He),FIN,Q1,9.54,,5.49,,,,,,,
FIN_M3(Mi),FIN,O1,9.54,,5.49,,,,,,,
FIN_M3(Mi),FIN,O2,9.54,,5.49,,,,,,,
FIN_M3(Mi),FIN,O3,9.54,,5.49,,,,,,,
FIN_M3(Mi),FIN,O4,9.54,,5.49,,,,,,,
FIN_M3(Mi),FIN,O6,9.54,,5.49,,,,,,,
FIN_M3(Mi),FIN,O8,9.54,,5.49,,,,,,,
FIN_M3(Mi),FIN,O9,9.54,,5.49,,,,,,,
FIN_M3(Mi),FIN,P0,9.54,,5.49,,,,,,,
FIN_M3(Mi),FIN,P1,9.54,,5.49,,,,,,,
FIN_M3(Mi),FIN,P2,9.54,,5.49,,,,,,,
FIN_M3(Mi),FIN,P3,9.54,,5.49,,,,,,,
FIN_M3(Mi),FIN,P8,9.54,,5.49,,,,,,,
FIN_M3(Mi),FIN,P9,9.54,,5.49,,,,,,,
FIN_M3(Mi),FIN,Q0,9.54,,5.49,,,,,,,
FIN_M3(Mi),FIN,Q1,9.54,,5.49,,,,,,,
FIN_M4(Ma),FIN,O1,9.54,,5.49,,,,,,,
FIN_M4(Ma),FIN,O2,9.54,,5.49,,,,,,,
FIN_M4(Ma),FIN,O3,9.54,,5.49,,,,,,,
FIN_M4(Ma),FIN,O4,9.54,,5.49,,,,,,,
FIN_M4(Ma),FIN,O6,9.54,,5.49,,,,,,,
FIN_M4(Ma),FIN,O8,9.54,,5.49,,,,,,,
FIN_M4(Ma),FIN,O9,9.54,,5.49,,,,,,,
FIN_M4(Ma),FIN,P0,9.54,,5.49,,,,,,,
FIN_M4(Ma),FIN,P1,9.54,,5.49,,,,,,,
FIN_M4(Ma),FIN,P2,9.54,,5.49,,,,,,,
FIN_M4(Ma),FIN,P3,9.54,,5.49,,,,,,,
FIN_M4(Ma),FIN,P8,9.54,,5.49,,,,,,,
FIN_M4(Ma),FIN,P9,9.54,,5.49,,,,,,,
FIN_M4(Ma),FIN,Q0,9.54,,5.49,,,,,,,
FIN_M4(Ma),FIN,Q1,9.54,,5.49,,,,,,,
FIN_M5(Mt),FIN,O1,9.54,,5.49,,,,,,,
FIN_M5(Mt),FIN,O2,9.54,,5.49,,,,,,,
FIN_M5(Mt),FIN,O3,9.54,,5.49,,,,,,,
FIN_M5(Mt),FIN,O4,9.54,,5.49,,,,,,,
FIN_M5(Mt),FIN,O6,9.54,,5.49,,,,,,,
FIN_M5(Mt),FIN,O8,9.54,,5.49,,,,,,,
FIN_M5(Mt),FIN,O9,9.54,,5.49,,,,,,,
FIN_M5(Mt),FIN,P0,9.54,,5.49,,,,,,,
FIN_M5(Mt),FIN,P1,9.54,,5.49,,,,,,,
FIN_M5(Mt),FIN,P2,9.54,,5.49,,,,,,,
FIN_M5(Mt),FIN,P3,9.54,,5.49,,,,,,,
FIN_M5(Mt),FIN,P8,9.54,,5.49,,,,,,,
FIN_M5(Mt),FIN,P9,9.54,,5.49,,,,,,,
FIN_M5(Mt),FIN,Q0,9.54,,5.49,,,,,,,
FIN_M5(Mt),FIN,Q1,9.54,,5.49,,,,,,,
FRA_F1(Je),FRA,O1,8.39,8.028562592125569,6.68,3.897583035716368,0.9545335482652872,0.4472634366063511,42.844,20.799,5.094,2.387
FRA_F1(Je),FRA,O2,8.39,8.028562592125569,6.68,3.897583035716368,0.9545335482652872,0.4472634366063511,47.932,23.269,5.699,2.67
FRA_F1(Je),FRA,O3,8.39,8.028562592125569,6.68,3.897583035716368,0.9545335482652872,0.4472634366063511,41.434,20.115,4.926,2.308
FRA_F1(Je),FRA,O4,8.39,8.028562592125569,6.68,3.897583035716368,0.9545335482652872,0.4472634366063511,42.31,20.54,5.03,2.357
FRA_F1(Je),FRA,O6,8.39,8.028562592125569,6.68,3.897583035716368,0.9545335482652872,0.4472634366063511,41.888,20.335,4.98,2.334
FRA_F1(Je),FRA,O8,8.39,8.028562592125569,6.68,3.897583035716368,0.9545335482652872,0.4472634366063511,44.634,21.668,5.307,2.487
FRA_F1(Je),FRA,O9,8.39,8.028562592125569,6.68,3.897583035716368,0.9545335482652872,0.4472634366063511,45.54,22.108,5.414,2.537
FRA_F1(Je),FRA,P0,8.39,8.028562592125569,6.68,3.897583035716368,0.9545335482652872,0.4472634366063511,43.123,20.935,5.127,2.402
FRA_F1(Je),FRA,P1,8.39,8.028562592125569,6.68,3.897583035716368,0.9545335482652872,0.4472634366063511,42.124,20.45,5.008,2.347
FRA_F1(Je),FRA,P2,8.39,8.028562592125569,6.68,3.897583035716368,0.9545335482652872,0.4472634366063511,43.331,21.036,5.152,2.414
FRA_F1(Je),FRA,P3,8.39,8.028562592125569,6.68,3.897583035716368,0.9545335482652872,0.4472634366063511,44.312,21.512,5.268,2.469
FRA_F1(Je),FRA,P8,8.39,8.028562592125569,6.68,3.897583035716368,0.9545335482652872,0.4472634366063511,38.741,18.807,4.606,2.158
FRA_F1(Je),FRA,P9,8.39,8.028562592125569,6.68,3.897583035716368,0.9545335482652872,0.4472634366063511,39.476,19.164,4.693,2.199
FRA_F1(Je),FRA,Q0,8.39,8.028562592125569,6.68,3.897583035716368,0.9545335482652872,0.4472634366063511,42.653,20.707,5.071,2.376
FRA_F1(Je),FRA,Q1,8.39,8.028562592125569,6.68,3.897583035716368,0.9545335482652872,0.4472634366063511,40.688,19.752,4.837,2.267
FRA_F2(Be),FRA,O1,8.39,8.028562592125569,6.68,3.897583035716368,0.9545335482652872,0.4472634366063511,48.511,23.55,5.768,2.702
FRA_F2(Be),FRA,O2,8.39,8.028562592125569,6.68,3.897583035716368,0.9545335482652872,0.4472634366063511,47.678,23.146,5.669,2.656
FRA_F2(Be),FRA,O3,8.39,8.028562592125569,6.68,3.897583035716368,0.9545335482652872,0.4472634366063511,47.193,22.911,5.611,2.629
FRA_F2(Be),FRA,O4,8.39,8.028562592125569,6.68,3.897583035716368,0.9545335482652872,0.4472634366063511,45.802,22.235,5.446,2.552
FRA_F2(Be),FRA,O6,8.39,8.028562592125569,6.68,3.897583035716368,0.9545335482652872,0.4472634366063511,42.289,20.53,5.028,2.356
FRA_F2(Be),FRA,O8,8.39,8.028562592125569,6.68,3.897583035716368,0.9545335482652872,0.4472634366063511,46.982,22.808,5.586,2.617
FRA_F2(Be),FRA,O9,8.39,8.028562592125569,6.68,3.897583035716368,0.9545335482652872,0.4472634366063511,50.962,24.74,6.059,2.839
FRA_F2(Be),FRA,P0,8.39,8.028562592125569,6.68,3.897583035716368,0.9545335482652872,0.4472634366063511,42.23,20.501,5.021,2.353
FRA_F2(Be),FRA,P1,8.39,8.028562592125569,6.68,3.897583035716368,0.9545335482652872,0.4472634366063511,44.735,21.717,5.319,2.492
FRA_F2(Be),FRA,P2,8.39,8.028562592125569,6.68,3.897583035716368,0.9545335482652872,0.4472634366063511,45.561,22.118,5.417,2.538
FRA_F2(Be),FRA,P3,8.39,8.028562592125569,6.68,3.897583035716368,0.9545335482652872,0.4472634366063511,48.2,23.399,5.731,2.685
FRA_F2(Be),FRA,P8,8.39,8.028562592125569,6.68,3.897583035716368,0.9545335482652872,0.4472634366063511,43.14,20.943,5.129,2.403
FRA_F2(Be),FRA,P9,8.39,8.028562592125569,6.68,3.897583035716368,0.9545335482652872,0.4472634366063511,40.089,19.462,4.766,2.233
FRA_F2(Be),FRA,Q0,8.39,8.028562592125569,6.68,3.897583035716368,0.9545335482652872,0.4472634366063511,45.658,22.165,5.428,2.544
FRA_F2(Be),FRA,Q1,8.39,8.028562592125569,6.68,3.897583035716368,0.9545335482652872,0.4472634366063511,42.369,20.569,5.037,2.36
FRA_F3(Ma),FRA,O1,8.39,8.028562592125569,6.68,3.897583035716368,0.9545335482652872,0.4472634366063511,48.158,23.379,5.726,2.683
FRA_F3(Ma),FRA,O2,8.39,8.028562592125569,6.68,3.897583035716368,0.9545335482652872,0.4472634366063511,48.675,23.63,5.787,2.712
FRA_F3(Ma),FRA,O3,8.39,8.028562592125569,6.68,3.897583035716368,0.9545335482652872,0.4472634366063511,47.868,23.238,5.691,2.667
FRA_F3(Ma),FRA,O4,8.39,8.028562592125569,6.68,3.897583035716368,0.9545335482652872,0.4472634366063511,47.756,23.184,5.678,2.66
FRA_F3(Ma),FRA,O6,8.39,8.028562592125569,6.68,3.897583035716368,0.9545335482652872,0.4472634366063511,40.698,19.757,4.839,2.267
FRA_F3(Ma),FRA,O8,8.39,8.028562592125569,6.68,3.897583035716368,0.9545335482652872,0.4472634366063511,45.706,22.188,5.434,2.546
FRA_F3(Ma),FRA,O9,8.39,8.028562592125569,6.68,3.897583035716368,0.9545335482652872,0.4472634366063511,47.325,22.974,5.627,2.636
FRA_F3(Ma),FRA,P0,8.39,8.028562592125569,6.68,3.897583035716368,0.9545335482652872,0.4472634366063511,43.03,20.889,5.116,2.397
FRA_F3(Ma),FRA,P1,8.39,8.028562592125569,6.68,3.897583035716368,0.9545335482652872,0.4472634366063511,46.71,22.676,5.553,2.602
FRA_F3(Ma),FRA,P2,8.39,8.028562592125569,6.68,3.897583035716368,0.9545335482652872,0.4472634366063511,49.128,23.85,5.841,2.737
FRA_F3(Ma),FRA,P3,8.39,8.028562592125569,6.68,3.897583035716368,0.9545335482652872,0.4472634366063511,48.923,23.751,5.817,2.725
FRA_F3(Ma),FRA,P8,8.39,8.028562592125569,6.68,3.897583035716368,0.9545335482652872,0.4472634366063511,47.896,23.252,5.694,2.668
FRA_F3(Ma),FRA,P9,8.39,8.028562592125569,6.68,3.897583035716368,0.9545335482652872,0.4472634366063511,44.763,21.731,5.322,2.494
FRA_F3(Ma),FRA,Q0,8.39,8.028562592125569,6.68,3.897583035716368,0.9545335482652872,0.4472634366063511,52.936,25.698,6.294,2.949
FRA_F3(Ma),FRA,Q1,8.39,8.028562592125569,6.68,3.897583035716368,0.9545335482652872,0.4472634366063511,46.304,22.479,5.505,2.58
FRA_F4(Lu),FRA,O1,8.39,8.028562592125569,6.68,3.897583035716368,0.9545335482652872,0.4472634366063511,44.282,21.497,5.265,2.467
FRA_F4(Lu),FRA,O2,8.39,8.028562592125569,6.68,3.897583035716368,0.9545335482652872,0.4472634366063511,45.983,22.323,5.467,2.562
FRA_F4(Lu),FRA,O3,8.39,8.028562592125569,6.68,3.897583035716368,0.9545335482652872,0.4472634366063511,46.982,22.808,5.586,2.617
FRA_F4(Lu),FRA,O4,8.39,8.028562592125569,6.68,3.897583035716368,0.9545335482652872,0.4472634366063511,50.143,24.343,5.962,2.793
FRA_F4(Lu),FRA,O6,8.39,8.028562592125569,6.68,3.897583035716368,0.9545335482652872,0.4472634366063511,46.67,22.657,5.549,2.6
FRA_F4(Lu),FRA,O8,8.39,8.028562592125569,6.68,3.897583035716368,0.9545335482652872,0.4472634366063511,47.923,23.265,5.698,2.67
FRA_F4(Lu),FRA,O9,8.39,8.028562592125569,6.68,3.897583035716368,0.9545335482652872,0.4472634366063511,50.433,24.483,5.996,2.81
FRA_F4(Lu),FRA,P0,8.39,8.028562592125569,6.68,3.897583035716368,0.9545335482652872,0.4472634366063511,44.185,21.45,5.253,2.461
FRA_F4(Lu),FRA,P1,8.39,8.028562592125569,6.68,3.897583035716368,0.9545335482652872,0.4472634366063511,46.118,22.389,5.483,2.569
FRA_F4(Lu),FRA,P2,8.39,8.028562592125569,6.68,3.897583035716368,0.9545335482652872,0.4472634366063511,47.406,23.014,5.636,2.641
FRA_F4(Lu),FRA,P3,8.39,8.028562592125569,6.68,3.897583035716368,0.9545335482652872,0.4472634366063511,48.803,23.692,5.802,2.719
FRA_F4(Lu),FRA,P8,8.39,8.028562592125569,6.68,3.897583035716368,0.9545335482652872,0.4472634366063511,46.353,22.503,5.511,2.582
FRA_F4(Lu),FRA,P9,8.39,8.028562592125569,6.68,3.897583035716368,0.9545335482652872,0.4472634366063511,46.066,22.363,5.477,2.566
FRA_F4(Lu),FRA,Q0,8.39,8.028562592125569,6.68,3.897583035716368,0.9545335482652872,0.4472634366063511,45.318,22.0,5.388,2.525
FRA_F4(Lu),FRA,Q1,8.39,8.028562592125569,6.68,3.897583035716368,0.9545335482652872,0.4472634366063511,44.023,21.372,5.234,2.452
FRA_F5(Na),FRA,O1,8.39,8.028562592125569,6.68,3.897583035716368,0.9545335482652872,0.4472634366063511,43.561,21.147,5.179,2.427
FRA_F5(Na),FRA,O2,8.39,8.028562592125569,6.68,3.897583035716368,0.9545335482652872,0.4472634366063511,46.499,22.574,5.528,2.59
FRA_F5(Na),FRA,O3,8.39,8.028562592125569,6.68,3.897583035716368,0.9545335482652872,0.4472634366063511,45.217,21.951,5.376,2.519
FRA_F5(Na),FRA,O4,8.39,8.028562592125569,6.68,3.897583035716368,0.9545335482652872,0.4472634366063511,42.032,20.405,4.997,2.342
FRA_F5(Na),FRA,O6,8.39,8.028562592125569,6.68,3.897583035716368,0.9545335482652872,0.4472634366063511,41.219,20.011,4.901,2.296
FRA_F5(Na),FRA,O8,8.39,8.028562592125569,6.68,3.897583035716368,0.9545335482652872,0.4472634366063511,43.977,21.349,5.229,2.45
FRA_F5(Na),FRA,O9,8.39,8.028562592125569,6.68,3.897583035716368,0.9545335482652872,0.4472634366063511,46.108,22.384,5.482,2.569
FRA_F5(Na),FRA,P0,8.39,8.028562592125569,6.68,3.897583035716368,0.9545335482652872,0.4472634366063511,39.492,19.172,4.695,2.2
FRA_F5(Na),FRA,P1,8.39,8.028562592125569,6.68,3.897583035716368,0.9545335482652872,0.4472634366063511,39.781,19.312,4.73,2.216
FRA_F5(Na),FRA,P2,8.39,8.028562592125569,6.68,3.897583035716368,0.9545335482652872,0.4472634366063511,45.412,22.046,5.399,2.53
FRA_F5(Na),FRA,P3,8.39,8.028562592125569,6.68,3.897583035716368,0.9545335482652872,0.4472634366063511,40.816,19.815,4.853,2.274
FRA_F5(Na),FRA,P8,8.39,8.028562592125569,6.68,3.897583035716368,0.9545335482652872,0.4472634366063511,44.395,21.552,5.278,2.473
FRA_F5(Na),FRA,P9,8.39,8.028562592125569,6.68,3.897583035716368,0.9545335482652872,0.4472634366063511,39.332,19.094,4.676,2.191
FRA_F5(Na),FRA,Q0,8.39,8.028562592125569,6.68,3.897583035716368,0.9545335482652872,0.4472634366063511,38.329,18.607,4.557,2.135
FRA_F5(Na),FRA,Q1,8.39,8.028562592125569,6.68,3.897583035716368,0.9545335482652872,0.4472634366063511,43.805,21.266,5.208,2.44
FRA_M1(Se),FRA,O1,8.39,8.028562592125569,6.68,3.897583035716368,0.9545335482652872,0.4472634366063511,48.68,23.632,5.788,2.712
FRA_M1(Se),FRA,O2,8.39,8.028562592125569,6.68,3.897583035716368,0.9545335482652872,0.4472634366063511,51.856,25.174,6.165,2.889
FRA_M1(Se),FRA,O3,8.39,8.028562592125569,6.68,3.897583035716368,0.9545335482652872,0.4472634366063511,49.629,24.093,5.9,2.765
FRA_M1(Se),FRA,O4,8.39,8.028562592125569,6.68,3.897583035716368,0.9545335482652872,0.4472634366063511,48.792,23.687,5.801,2.718
FRA_M1(Se),FRA,O6,8.39,8.028562592125569,6.68,3.897583035716368,0.9545335482652872,0.4472634366063511,45.537,22.107,5.414,2.537
FRA_M1(Se),FRA,O8,8.39,8.028562592125569,6.68,3.897583035716368,0.9545335482652872,0.4472634366063511,45.421,22.05,5.4,2.53
FRA_M1(Se),FRA,O9,8.39,8.028562592125569,6.68,3.897583035716368,0.9545335482652872,0.4472634366063511,49.102,23.837,5.838,2.735
FRA_M1(Se),FRA,P0,8.39,8.028562592125569,6.68,3.897583035716368,0.9545335482652872,0.4472634366063511,47.122,22.876,5.602,2.625
FRA_M1(Se),FRA,P1,8.39,8.028562592125569,6.68,3.897583035716368,0.9545335482652872,0.4472634366063511,47.671,23.143,5.668,2.656
FRA_M1(Se),FRA,P2,8.39,8.028562592125569,6.68,3.897583035716368,0.9545335482652872,0.4472634366063511,43.485,21.111,5.17,2.423
FRA_M1(Se),FRA,P3,8.39,8.028562592125569,6.68,3.897583035716368,0.9545335482652872,0.4472634366063511,45.83,22.249,5.449,2.553
FRA_M1(Se),FRA,P8,8.39,8.028562592125569,6.68,3.897583035716368,0.9545335482652872,0.4472634366063511,46.278,22.466,5.502,2.578
FRA_M1(Se),FRA,P9,8.39,8.028562592125569,6.68,3.897583035716368,0.9545335482652872,0.4472634366063511,45.912,22.289,5.459,2.558
FRA_M1(Se),FRA,Q0,8.39,8.028562592125569,6.68,3.897583035716368,0.9545335482652872,0.4472634366063511,49.045,23.81,5.831,2.732
FRA_M1(Se),FRA,Q1,8.39,8.028562592125569,6.68,3.897583035716368,0.9545335482652872,0.4472634366063511,45.478,22.078,5.407,2.534
FRA_M2(Ar),FRA,O1,8.39,8.028562592125569,6.68,3.897583035716368,0.9545335482652872,0.4472634366063511,40.617,19.718,4.829,2.263
FRA_M2(Ar),FRA,O2,8.39,8.028562592125569,6.68,3.897583035716368,0.9545335482652872,0.4472634366063511,45.986,22.324,5.467,2.562
FRA_M2(Ar),FRA,O3,8.39,8.028562592125569,6.68,3.897583035716368,0.9545335482652872,0.4472634366063511,45.079,21.884,5.359,2.511
FRA_M2(Ar),FRA,O4,8.39,8.028562592125569,6.68,3.897583035716368,0.9545335482652872,0.4472634366063511,44.145,21.431,5.249,2.459
FRA_M2(Ar),FRA,O6,8.39,8.028562592125569,6.68,3.897583035716368,0.9545335482652872,0.4472634366063511,42.601,20.681,5.065,2.373
FRA_M2(Ar),FRA,O8,8.39,8.028562592125569,6.68,3.897583035716368,0.9545335482652872,0.4472634366063511,44.0,21.36,5.231,2.451
FRA_M2(Ar),FRA,O9,8.39,8.028562592125569,6.68,3.897583035716368,0.9545335482652872,0.4472634366063511,44.778,21.738,5.324,2.495
FRA_M2(Ar),FRA,P0,8.39,8.028562592125569,6.68,3.897583035716368,0.9545335482652872,0.4472634366063511,41.658,20.223,4.953,2.321
FRA_M2(Ar),FRA,P1,8.39,8.028562592125569,6.68,3.897583035716368,0.9545335482652872,0.4472634366063511,43.71,21.22,5.197,2.435
FRA_M2(Ar),FRA,P2,8.39,8.028562592125569,6.68,3.897583035716368,0.9545335482652872,0.4472634366063511,44.924,21.809,5.341,2.503
FRA_M2(Ar),FRA,P3,8.39,8.028562592125569,6.68,3.897583035716368,0.9545335482652872,0.4472634366063511,47.939,23.273,5.7,2.671
FRA_M2(Ar),FRA,P8,8.39,8.028562592125569,6.68,3.897583035716368,0.9545335482652872,0.4472634366063511,48.208,23.404,5.732,2.686
FRA_M2(Ar),FRA,P9,8.39,8.028562592125569,6.68,3.897583035716368,0.9545335482652872,0.4472634366063511,46.798,22.719,5.564,2.607
FRA_M2(Ar),FRA,Q0,8.39,8.028562592125569,6.68,3.897583035716368,0.9545335482652872,0.4472634366063511,45.617,22.145,5.423,2.541
FRA_M2(Ar),FRA,Q1,8.39,8.028562592125569,6.68,3.897583035716368,0.9545335482652872,0.4472634366063511,45.209,21.948,5.375,2.519
FRA_M3(Pi),FRA,O1,8.39,8.028562592125569,6.68,3.897583035716368,0.9545335482652872,0.4472634366063511,42.606,20.684,5.066,2.374
FRA_M3(Pi),FRA,O2,8.39,8.028562592125569,6.68,3.897583035716368,0.9545335482652872,0.4472634366063511,43.963,21.343,5.227,2.449
FRA_M3(Pi),FRA,O3,8.39,8.028562592125569,6.68,3.897583035716368,0.9545335482652872,0.4472634366063511,40.622,19.721,4.83,2.263
FRA_M3(Pi),FRA,O4,8.39,8.028562592125569,6.68,3.897583035716368,0.9545335482652872,0.4472634366063511,39.828,19.335,4.735,2.219
FRA_M3(Pi),FRA,O6,8.39,8.028562592125569,6.68,3.897583035716368,0.9545335482652872,0.4472634366063511,41.888,20.335,4.98,2.334
FRA_M3(Pi),FRA,O8,8.39,8.028562592125569,6.68,3.897583035716368,0.9545335482652872,0.4472634366063511,41.45,20.123,4.928,2.309
FRA_M3(Pi),FRA,O9,8.39,8.028562592125569,6.68,3.897583035716368,0.9545335482652872,0.4472634366063511,43.053,20.901,5.119,2.398
FRA_M3(Pi),FRA,P0,8.39,8.028562592125569,6.68,3.897583035716368,0.9545335482652872,0.4472634366063511,41.064,19.935,4.882,2.288
FRA_M3(Pi),FRA,P1,8.39,8.028562592125569,6.68,3.897583035716368,0.9545335482652872,0.4472634366063511,40.749,19.782,4.845,2.27
FRA_M3(Pi),FRA,P2,8.39,8.028562592125569,6.68,3.897583035716368,0.9545335482652872,0.4472634366063511,45.419,22.05,5.4,2.53
FRA_M3(Pi),FRA,P3,8.39,8.028562592125569,6.68,3.897583035716368,0.9545335482652872,0.4472634366063511,44.603,21.653,5.303,2.485
FRA_M3(Pi),FRA,P8,8.39,8.028562592125569,6.68,3.897583035716368,0.9545335482652872,0.4472634366063511,43.294,21.018,5.147,2.412
FRA_M3(Pi),FRA,P9,8.39,8.028562592125569,6.68,3.897583035716368,0.9545335482652872,0.4472634366063511,34.581,16.788,4.111,1.926
FRA_M3(Pi),FRA,Q0,8.39,8.028562592125569,6.68,3.897583035716368,0.9545335482652872,0.4472634366063511,38.256,18.572,4.548,2.131
FRA_M3(Pi),FRA,Q1,8.39,8.028562592125569,6.68,3.897583035716368,0.9545335482652872,0.4472634366063511,42.913,20.833,5.102,2.391
FRA_M4(No),FRA,O1,8.39,8.028562592125569,6.68,3.897583035716368,0.9545335482652872,0.4472634366063511,43.172,20.959,5.133,2.405
FRA_M4(No),FRA,O2,8.39,8.028562592125569,6.68,3.897583035716368,0.9545335482652872,0.4472634366063511,40.846,19.829,4.856,2.275
FRA_M4(No),FRA,O3,8.39,8.028562592125569,6.68,3.897583035716368,0.9545335482652872,0.4472634366063511,49.459,24.01,5.88,2.755
FRA_M4(No),FRA,O4,8.39,8.028562592125569,6.68,3.897583035716368,0.9545335482652872,0.4472634366063511,43.647,21.189,5.189,2.432
FRA_M4(No),FRA,O6,8.39,8.028562592125569,6.68,3.897583035716368,0.9545335482652872,0.4472634366063511,42.895,20.824,5.1,2.39
FRA_M4(No),FRA,O8,8.39,8.028562592125569,6.68,3.897583035716368,0.9545335482652872,0.4472634366063511,46.839,22.739,5.569,2.609
FRA_M4(No),FRA,O9,8.39,8.028562592125569,6.68,3.897583035716368,0.9545335482652872,0.4472634366063511,48.781,23.682,5.8,2.718
FRA_M4(No),FRA,P0,8.39,8.028562592125569,6.68,3.897583035716368,0.9545335482652872,0.4472634366063511,43.271,21.007,5.145,2.411
FRA_M4(No),FRA,P1,8.39,8.028562592125569,6.68,3.897583035716368,0.9545335482652872,0.4472634366063511,46.094,22.377,5.48,2.568
FRA_M4(No),FRA,P2,8.39,8.028562592125569,6.68,3.897583035716368,0.9545335482652872,0.4472634366063511,45.473,22.075,5.406,2.533
FRA_M4(No),FRA,P3,8.39,8.028562592125569,6.68,3.897583035716368,0.9545335482652872,0.4472634366063511,44.919,21.807,5.341,2.502
FRA_M4(No),FRA,P8,8.39,8.028562592125569,6.68,3.897583035716368,0.9545335482652872,0.4472634366063511,44.168,21.442,5.251,2.461
FRA_M4(No),FRA,P9,8.39,8.028562592125569,6.68,3.897583035716368,0.9545335482652872,0.4472634366063511,43.217,20.98,5.138,2.408
FRA_M4(No),FRA,Q0,8.39,8.028562592125569,6.68,3.897583035716368,0.9545335482652872,0.4472634366063511,40.475,19.649,4.812,2.255
FRA_M4(No),FRA,Q1,8.39,8.028562592125569,6.68,3.897583035716368,0.9545335482652872,0.4472634366063511,44.461,21.584,5.286,2.477
FRA_M5(Chr),FRA,O1,8.39,8.028562592125569,6.68,3.897583035716368,0.9545335482652872,0.4472634366063511,48.745,23.664,5.795,2.716
FRA_M5(Chr),FRA,O2,8.39,8.028562592125569,6.68,3.897583035716368,0.9545335482652872,0.4472634366063511,46.568,22.607,5.537,2.594
FRA_M5(Chr),FRA,O3,8.39,8.028562592125569,6.68,3.897583035716368,0.9545335482652872,0.4472634366063511,48.947,23.762,5.819,2.727
FRA_M5(Chr),FRA,O4,8.39,8.028562592125569,6.68,3.897583035716368,0.9545335482652872,0.4472634366063511,46.141,22.4,5.486,2.57
FRA_M5(Chr),FRA,O6,8.39,8.028562592125569,6.68,3.897583035716368,0.9545335482652872,0.4472634366063511,45.527,22.102,5.413,2.536
FRA_M5(Chr),FRA,O8,8.39,8.028562592125569,6.68,3.897583035716368,0.9545335482652872,0.4472634366063511,49.795,24.174,5.92,2.774
FRA_M5(Chr),FRA,O9,8.39,8.028562592125569,6.68,3.897583035716368,0.9545335482652872,0.4472634366063511,54.169,26.297,6.44,3.018
FRA_M5(Chr),FRA,P0,8.39,8.028562592125569,6.68,3.897583035716368,0.9545335482652872,0.4472634366063511,46.502,22.575,5.529,2.591
FRA_M5(Chr),FRA,P1,8.39,8.028562592125569,6.68,3.897583035716368,0.9545335482652872,0.4472634366063511,49.468,24.015,5.881,2.756
FRA_M5(Chr),FRA,P2,8.39,8.028562592125569,6.68,3.897583035716368,0.9545335482652872,0.4472634366063511,49.086,23.829,5.836,2.735
FRA_M5(Chr),FRA,P3,8.39,8.028562592125569,6.68,3.897583035716368,0.9545335482652872,0.4472634366063511,48.256,23.427,5.737,2.688
FRA_M5(Chr),FRA,P8,8.39,8.028562592125569,6.68,3.897583035716368,0.9545335482652872,0.4472634366063511,43.792,21.26,5.207,2.44
FRA_M5(Chr),FRA,P9,8.39,8.028562592125569,6.68,3.897583035716368,0.9545335482652872,0.4472634366063511,45.037,21.864,5.355,2.509
FRA_M5(Chr),FRA,Q0,8.39,8.028562592125569,6.68,3.897583035716368,0.9545335482652872,0.4472634366063511,44.001,21.361,5.231,2.451
FRA_M5(Chr),FRA,Q1,8.39,8.028562592125569,6.68,3.897583035716368,0.9545335482652872,0.4472634366063511,45.509,22.093,5.411,2.535
HUN_F1(An),HUN,O1,9.83,,5.9,,,,,,,
HUN_F1(An),HUN,O2,9.83,,5.9,,,,,,,
HUN_F1(An),HUN,O3,9.83,,5.9,,,,,,,
HUN_F1(An),HUN,O4,9.83,,5.9,,,,,,,
HUN_F1(An),HUN,O6,9.83,,5.9,,,,,,,
HUN_F1(An),HUN,O8,9.83,,5.9,,,,,,,
HUN_F1(An),HUN,O9,9.83,,5.9,,,,,,,
HUN_F1(An),HUN,P0,9.83,,5.9,,,,,,,
HUN_F1(An),HUN,P1,9.83,,5.9,,,,,,,
HUN_F1(An),HUN,P2,9.83,,5.9,,,,,,,
HUN_F1(An),HUN,P3,9.83,,5.9,,,,,,,
HUN_F1(An),HUN,P8,9.83,,5.9,,,,,,,
HUN_F1(An),HUN,P9,9.83,,5.9,,,,,,,
HUN_F1(An),HUN,Q0,9.83,,5.9,,,,,,,
HUN_F1(An),HUN,Q1,9.83,,5.9,,,,,,,
HUN_F2(Ga),HUN,O1,9.83,,5.9,,,,,,,
HUN_F2(Ga),HUN,O2,9.83,,5.9,,,,,,,
HUN_F2(Ga),HUN,O3,9.83,,5.9,,,,,,,
HUN_F2(Ga),HUN,O4,9.83,,5.9,,,,,,,
HUN_F2(Ga),HUN,O6,9.83,,5.9,,,,,,,
HUN_F2(Ga),HUN,O8,9.83,,5.9,,,,,,,
HUN_F2(Ga),HUN,O9,9.83,,5.9,,,,,,,
HUN_F2(Ga),HUN,P0,9.83,,5.9,,,,,,,
HUN_F2(Ga),HUN,P1,9.83,,5.9,,,,,,,
HUN_F2(Ga),HUN,P2,9.83,,5.9,,,,,,,
HUN_F2(Ga),HUN,P3,9.83,,5.9,,,,,,,
HUN_F2(Ga),HUN,P8,9.83,,5.9,,,,,,,
HUN_F2(Ga),HUN,P9,9.83,,5.9,,,,,,,
HUN_F2(Ga),HUN,Q0,9.83,,5.9,,,,,,,
HUN_F2(Ga),HUN,Q1,9.83,,5.9,,,,,,,
HUN_F3(Il),HUN,O1,9.83,,5.9,,,,,,,
HUN_F3(Il),HUN,O2,9.83,,5.9,,,,,,,
HUN_F3(Il),HUN,O3,9.83,,5.9,,,,,,,
HUN_F3(Il),HUN,O4,9.83,,5.9,,,,,,,
HUN_F3(Il),HUN,O6,9.83,,5.9,,,,,,,
HUN_F3(Il),HUN,O8,9.83,,5.9,,,,,,,
HUN_F3(Il),HUN,O9,9.83,,5.9,,,,,,,
HUN_F3(Il),HUN,P0,9.83,,5.9,,,,,,,
HUN_F3(Il),HUN,P1,9.83,,5.9,,,,,,,
HUN_F3(Il),HUN,P2,9.83,,5.9,,,,,,,
HUN_F3(Il),HUN,P3,9.83,,5.9,,,,,,,
HUN_F3(Il),HUN,P8,9.83,,5.9,,,,,,,
HUN_F3(Il),HUN,P9,9.83,,5.9,,,,,,,
HUN_F3(Il),HUN,Q0,9.83,,5.9,,,,,,,
HUN_F3(Il),HUN,Q1,9.83,,5.9,,,,,,,
HUN_F4(As),HUN,O1,9.83,,5.9,,,,,,,
HUN_F4(As),HUN,O2,9.83,,5.9,,,,,,,
HUN_F4(As),HUN,O3,9.83,,5.9,,,,,,,
HUN_F4(As),HUN,O4,9.83,,5.9,,,,,,,
HUN_F4(As),HUN,O6,9.83,,5.9,,,,,,,
HUN_F4(As),HUN,O8,9.83,,5.9,,,,,,,
HUN_F4(As),HUN,O9,9.83,,5.9,,,,,,,
HUN_F4(As),HUN,P0,9.83,,5.9,,,,,,,
HUN_F4(As),HUN,P1,9.83,,5.9,,,,,,,
HUN_F4(As),HUN,P2,9.83,,5.9,,,,,,,
HUN_F4(As),HUN,P3,9.83,,5.9,,,,,,,
HUN_F4(As),HUN,P8,9.83,,5.9,,,,,,,
HUN_F4(As),HUN,P9,9.83,,5.9,,,,,,,
HUN_F4(As),HUN,Q0,9.83,,5.9,,,,,,,
HUN_F4(As),HUN,Q1,9.83,,5.9,,,,,,,
HUN_F5(Ju),HUN,O1,9.83,,5.9,,,,,,,
HUN_F5(Ju),HUN,O2,9.83,,5.9,,,,,,,
HUN_F5(Ju),HUN,O3,9.83,,5.9,,,,,,,
HUN_F5(Ju),HUN,O4,9.83,,5.9,,,,,,,
HUN_F5(Ju),HUN,O6,9.83,,5.9,,,,,,,
HUN_F5(Ju),HUN,O8,9.83,,5.9,,,,,,,
HUN_F5(Ju),HUN,O9,9.83,,5.9,,,,,,,
HUN_F5(Ju),HUN,P0,9.83,,5.9,,,,,,,
HUN_F5(Ju),HUN,P1,9.83,,5.9,,,,,,,
HUN_F5(Ju),HUN,P2,9.83,,5.9,,,,,,,
HUN_F5(Ju),HUN,P3,9.83,,5.9,,,,,,,
HUN_F5(Ju),HUN,P8,9.83,,5.9,,,,,,,
HUN_F5(Ju),HUN,P9,9.83,,5.9,,,,,,,
HUN_F5(Ju),HUN,Q0,9.83,,5.9,,,,,,,
HUN_F5(Ju),HUN,Q1,9.83,,5.9,,,,,,,
HUN_M1(Ar),HUN,O1,9.83,,5.9,,,,,,,
HUN_M1(Ar),HUN,O2,9.83,,5.9,,,,,,,
HUN_M1(Ar),HUN,O3,9.83,,5.9,,,,,,,
HUN_M1(Ar),HUN,O4,9.83,,5.9,,,,,,,
HUN_M1(Ar),HUN,O6,9.83,,5.9,,,,,,,
HUN_M1(Ar),HUN,O8,9.83,,5.9,,,,,,,
HUN_M1(Ar),HUN,O9,9.83,,5.9,,,,,,,
HUN_M1(Ar),HUN,P0,9.83,,5.9,,,,,,,
HUN_M1(Ar),HUN,P1,9.83,,5.9,,,,,,,
HUN_M1(Ar),HUN,P2,9.83,,5.9,,,,,,,
HUN_M1(Ar),HUN,P3,9.83,,5.9,,,,,,,
HUN_M1(Ar),HUN,P8,9.83,,5.9,,,,,,,
HUN_M1(Ar),HUN,P9,9.83,,5.9,,,,,,,
HUN_M1(Ar),HUN,Q0,9.83,,5.9,,,,,,,
HUN_M1(Ar),HUN,Q1,9.83,,5.9,,,,,,,
HUN_M2(Ma),HUN,O1,9.83,,5.9,,,,,,,
HUN_M2(Ma),HUN,O2,9.83,,5.9,,,,,,,
HUN_M2(Ma),HUN,O3,9.83,,5.9,,,,,,,
HUN_M2(Ma),HUN,O4,9.83,,5.9,,,,,,,
HUN_M2(Ma),HUN,O6,9.83,,5.9,,,,,,,
HUN_M2(Ma),HUN,O8,9.83,,5.9,,,,,,,
HUN_M2(Ma),HUN,O9,9.83,,5.9,,,,,,,
HUN_M2(Ma),HUN,P0,9.83,,5.9,,,,,,,
HUN_M2(Ma),HUN,P1,9.83,,5.9,,,,,,,
HUN_M2(Ma),HUN,P2,9.83,,5.9,,,,,,,
HUN_M2(Ma),HUN,P3,9.83,,5.9,,,,,,,
HUN_M2(Ma),HUN,P8,9.83,,5.9,,,,,,,
HUN_M2(Ma),HUN,P9,9.83,,5.9,,,,,,,
HUN_M2(Ma),HUN,Q0,9.83,,5.9,,,,,,,
HUN_M2(Ma),HUN,Q1,9.83,,5.9,,,,,,,
HUN_M3(Er),HUN,O1,9.83,,5.9,,,,,,,
HUN_M3(Er),HUN,O2,9.83,,5.9,,,,,,,
HUN_M3(Er),HUN,O3,9.83,,5.9,,,,,,,
HUN_M3(Er),HUN,O4,9.83,,5.9,,,,,,,
HUN_M3(Er),HUN,O6,9.83,,5.9,,,,,,,
HUN_M3(Er),HUN,O8,9.83,,5.9,,,,,,,
HUN_M3(Er),HUN,O9,9.83,,5.9,,,,,,,
HUN_M3(Er),HUN,P0,9.83,,5.9,,,,,,,
HUN_M3(Er),HUN,P1,9.83,,5.9,,,,,,,
HUN_M3(Er),HUN,P2,9.83,,5.9,,,,,,,
HUN_M3(Er),HUN,P3,9.83,,5.9,,,,,,,
HUN_M3(Er),HUN,P8,9.83,,5.9,,,,,,,
HUN_M3(Er),HUN,P9,9.83,,5.9,,,,,,,
HUN_M3(Er),HUN,Q0,9.83,,5.9,,,,,,,
HUN_M3(Er),HUN,Q1,9.83,,5.9,,,,,,,
HUN_M4(Ga),HUN,O1,9.83,,5.9,,,,,,,
HUN_M4(Ga),HUN,O2,9.83,,5.9,,,,,,,
HUN_M4(Ga),HUN,O3,9.83,,5.9,,,,,,,
HUN_M4(Ga),HUN,O4,9.83,,5.9,,,,,,,
HUN_M4(Ga),HUN,O6,9.83,,5.9,,,,,,,
HUN_M4(Ga),HUN,O8,9.83,,5.9,,,,,,,
HUN_M4(Ga),HUN,O9,9.83,,5.9,,,,,,,
HUN_M4(Ga),HUN,P0,9.83,,5.9,,,,,,,
HUN_M4(Ga),HUN,P1,9.83,,5.9,,,,,,,
HUN_M4(Ga),HUN,P2,9.83,,5.9,,,,,,,
HUN_M4(Ga),HUN,P3,9.83,,5.9,,,,,,,
HUN_M4(Ga),HUN,P8,9.83,,5.9,,,,,,,
HUN_M4(Ga),HUN,P9,9.83,,5.9,,,,,,,
HUN_M4(Ga),HUN,Q0,9.83,,5.9,,,,,,,
HUN_M4(Ga),HUN,Q1,9.83,,5.9,,,,,,,
HUN_M5(Mi),HUN,O1,9.83,,5.9,,,,,,,
HUN_M5(Mi),HUN,O2,9.83,,5.9,,,,,,,
HUN_M5(Mi),HUN,O3,9.83,,5.9,,,,,,,
HUN_M5(Mi),HUN,O4,9.83,,5.9,,,,,,,
HUN_M5(Mi),HUN,O6,9.83,,5.9,,,,,,,
HUN_M5(Mi),HUN,O8,9.83,,5.9,,,,,,,
HUN_M5(Mi),HUN,O9,9.83,,5.9,,,,,,,
HUN_M5(Mi),HUN,P0,9.83,,5.9,,,,,,,
HUN_M5(Mi),HUN,P1,9.83,,5.9,,,,,,,
HUN_M5(Mi),HUN,P2,9.83,,5.9,,,,,,,
HUN_M5(Mi),HUN,P3,9.83,,5.9,,,,,,,
HUN_M5(Mi),HUN,P8,9.83,,5.9,,,,,,,
HUN_M5(Mi),HUN,P9,9.83,,5.9,,,,,,,
HUN_M5(Mi),HUN,Q0,9.83,,5.9,,,,,,,
HUN_M5(Mi),HUN,Q1,9.83,,5.9,,,,,,,
ITA_a0,ITA,O4,8.32,,5.29,,,,,,,
ITA_a0,ITA,O6,8.32,,5.29,,,,,,,
ITA_a0,ITA,O8,8.32,,5.29,,,,,,,
ITA_a0,ITA,O9,8.32,,5.29,,,,,,,
ITA_a0,ITA,P0,8.32,,5.29,,,,,,,
ITA_a0,ITA,P8,8.32,,5.29,,,,,,,
ITA_a0,ITA,P9,8.32,,5.29,,,,,,,
ITA_a0,ITA,Q1,8.32,,5.29,,,,,,,
ITA_ag,ITA,O1,8.32,,5.29,,,,,,,
ITA_ag,ITA,O2,8.32,,5.29,,,,,,,
ITA_ag,ITA,O3,8.32,,5.29,,,,,,,
ITA_ag,ITA,P1,8.32,,5.29,,,,,,,
ITA_ag,ITA,P2,8.32,,5.29,,,,,,,
ITA_ag,ITA,P3,8.32,,5.29,,,,,,,
ITA_au,ITA,O1,8.32,,5.29,,,,,,,
ITA_au,ITA,O2,8.32,,5.29,,,,,,,
ITA_au,ITA,O3,8.32,,5.29,,,,,,,
ITA_b4,ITA,O4,8.32,,5.29,,,,,,,
ITA_b4,ITA,O6,8.32,,5.29,,,,,,,
ITA_b4,ITA,P8,8.32,,5.29,,,,,,,
ITA_b4,ITA,P9,8.32,,5.29,,,,,,,
ITA_b4,ITA,Q0,8.32,,5.29,,,,,,,
ITA_b4,ITA,Q1,8.32,,5.29,,,,,,,
ITA_b6,ITA,O8,8.32,,5.29,,,,,,,
ITA_b6,ITA,O9,8.32,,5.29,,,,,,,
ITA_b6,ITA,P0,8.32,,5.29,,,,,,,
ITA_b6,ITA,P1,8.32,,5.29,,,,,,,
ITA_b6,ITA,P2,8.32,,5.29,,,,,,,
ITA_b6,ITA,P3,8.32,,5.29,,,,,,,
ITA_b7,ITA,O4,8.32,,5.29,,,,,,,
ITA_b7,ITA,O6,8.32,,5.29,,,,,,,
ITA_b7,ITA,P8,8.32,,5.29,,,,,,,
ITA_b7,ITA,P9,8.32,,5.29,,,,,,,
ITA_b7,ITA,Q0,8.32,,5.29,,,,,,,
ITA_b7,ITA,Q1,8.32,,5.29,,,,,,,
ITA_ba,ITA,O1,8.32,,5.29,,,,,,,
ITA_ba,ITA,O2,8.32,,5.29,,,,,,,
ITA_ba,ITA,O3,8.32,,5.29,,,,,,,
ITA_ba,ITA,Q0,8.32,,5.29,,,,,,,
ITA_bf,ITA,O1,8.32,,5.29,,,,,,,
ITA_bf,ITA,O2,8.32,,5.29,,,,,,,
ITA_bf,ITA,O3,8.32,,5.29,,,,,,,
ITA_bk,ITA,O4,8.32,,5.29,,,,,,,
ITA_bk,ITA,O8,8.32,,5.29,,,,,,,
ITA_bk,ITA,O9,8.32,,5.29,,,,,,,
ITA_bk,ITA,P0,8.32,,5.29,,,,,,,
ITA_bk,ITA,P1,8.32,,5.29,,,,,,,
ITA_bk,ITA,P2,8.32,,5.29,,,,,,,
ITA_bk,ITA,P3,8.32,,5.29,,,,,,,
ITA_bk,ITA,P9,8.32,,5.29,,,,,,,
ITA_bl,ITA,O6,8.32,,5.29,,,,,,,
ITA_bl,ITA,P8,8.32,,5.29,,,,,,,
ITA_bl,ITA,Q0,8.32,,5.29,,,,,,,
ITA_bl,ITA,Q1,8.32,,5.29,,,,,,,
JPN_F1(Ma),JPN,O1,6.07,6.036599468523874,5.03,3.964218395063482,1.9178594392363624,0.3817541882936238,28.546,18.746,9.069,1.805
JPN_F1(Ma),JPN,O2,6.07,6.036599468523874,5.03,3.964218395063482,1.9178594392363624,0.3817541882936238,27.021,17.745,8.585,1.709
JPN_F1(Ma),JPN,O3,6.07,6.036599468523874,5.03,3.964218395063482,1.9178594392363624,0.3817541882936238,26.665,17.511,8.472,1.686
JPN_F1(Ma),JPN,O4,6.07,6.036599468523874,5.03,3.964218395063482,1.9178594392363624,0.3817541882936238,26.607,17.473,8.453,1.683
JPN_F1(Ma),JPN,O6,6.07,6.036599468523874,5.03,3.964218395063482,1.9178594392363624,0.3817541882936238,28.795,18.909,9.148,1.821
JPN_F1(Ma),JPN,O8,6.07,6.036599468523874,5.03,3.964218395063482,1.9178594392363624,0.3817541882936238,29.237,19.2,9.289,1.849
JPN_F1(Ma),JPN,O9,6.07,6.036599468523874,5.03,3.964218395063482,1.9178594392363624,0.3817541882936238,27.105,17.8,8.612,1.714
JPN_F1(Ma),JPN,P0,6.07,6.036599468523874,5.03,3.964218395063482,1.9178594392363624,0.3817541882936238,30.284,19.887,9.621,1.915
JPN_F1(Ma),JPN,P1,6.07,6.036599468523874,5.03,3.964218395063482,1.9178594392363624,0.3817541882936238,28.399,18.65,9.023,1.796
JPN_F1(Ma),JPN,P2,6.07,6.036599468523874,5.03,3.964218395063482,1.9178594392363624,0.3817541882936238,28.234,18.541,8.97,1.786
JPN_F1(Ma),JPN,P3,6.07,6.036599468523874,5.03,3.964218395063482,1.9178594392363624,0.3817541882936238,27.933,18.343,8.874,1.766
JPN_F1(Ma),JPN,P8,6.07,6.036599468523874,5.03,3.964218395063482,1.9178594392363624,0.3817541882936238,28.562,18.757,9.074,1.806
JPN_F1(Ma),JPN,P9,6.07,6.036599468523874,5.03,3.964218395063482,1.9178594392363624,0.3817541882936238,32.374,21.26,10.285,2.047
JPN_F1(Ma),JPN,Q0,6.07,6.036599468523874,5.03,3.964218395063482,1.9178594392363624,0.3817541882936238,25.454,16.715,8.087,1.61
JPN_F1(Ma),JPN,Q1,6.07,6.036599468523874,5.03,3.964218395063482,1.9178594392363624,0.3817541882936238,28.372,18.632,9.014,1.794
JPN_F2(Hi),JPN,O1,6.07,6.036599468523874,5.03,3.964218395063482,1.9178594392363624,0.3817541882936238,29.775,19.553,9.46,1.883
JPN_F2(Hi),JPN,O2,6.07,6.036599468523874,5.03,3.964218395063482,1.9178594392363624,0.3817541882936238,28.955,19.014,9.199,1.831
JPN_F2(Hi),JPN,O3,6.07,6.036599468523874,5.03,3.964218395063482,1.9178594392363624,0.3817541882936238,31.084,20.413,9.876,1.966
JPN_F2(Hi),JPN,O4,6.07,6.036599468523874,5.03,3.964218395063482,1.9178594392363624,0.3817541882936238,31.088,20.416,9.877,1.966
JPN_F2(Hi),JPN,O6,6.07,6.036599468523874,5.03,3.964218395063482,1.9178594392363624,0.3817541882936238,31.211,20.496,9.916,1.974
JPN_F2(Hi),JPN,O8,6.07,6.036599468523874,5.03,3.964218395063482,1.9178594392363624,0.3817541882936238,30.972,20.34,9.84,1.959
JPN_F2(Hi),JPN,O9,6.07,6.036599468523874,5.03,3.964218395063482,1.9178594392363624,0.3817541882936238,31.087,20.415,9.877,1.966
JPN_F2(Hi),JPN,P0,6.07,6.036599468523874,5.03,3.964218395063482,1.9178594392363624,0.3817541882936238,31.756,20.854,10.089,2.008
JPN_F2(Hi),JPN,P1,6.07,6.036599468523874,5.03,3.964218395063482,1.9178594392363624,0.3817541882936238,29.026,19.061,9.222,1.836
JPN_F2(Hi),JPN,P2,6.07,6.036599468523874,5.03,3.964218395063482,1.9178594392363624,0.3817541882936238,28.297,18.582,8.99,1.789
JPN_F2(Hi),JPN,P3,6.07,6.036599468523874,5.03,3.964218395063482,1.9178594392363624,0.3817541882936238,30.611,20.102,9.725,1.936
JPN_F2(Hi),JPN,P8,6.07,6.036599468523874,5.03,3.964218395063482,1.9178594392363624,0.3817541882936238,31.19,20.482,9.909,1.972
JPN_F2(Hi),JPN,P9,6.07,6.036599468523874,5.03,3.964218395063482,1.9178594392363624,0.3817541882936238,33.614,22.074,10.679,2.126
JPN_F2(Hi),JPN,Q0,6.07,6.036599468523874,5.03,3.964218395063482,1.9178594392363624,0.3817541882936238,27.35,17.961,8.689,1.73
JPN_F2(Hi),JPN,Q1,6.07,6.036599468523874,5.03,3.964218395063482,1.9178594392363624,0.3817541882936238,27.018,17.743,8.584,1.709
JPN_F3(Ju),JPN,O1,6.07,6.036599468523874,5.03,3.964218395063482,1.9178594392363624,0.3817541882936238,30.57,20.075,9.712,1.933
JPN_F3(Ju),JPN,O2,6.07,6.036599468523874,5.03,3.964218395063482,1.9178594392363624,0.3817541882936238,33.351,21.902,10.596,2.109
JPN_F3(Ju),JPN,O3,6.07,6.036599468523874,5.03,3.964218395063482,1.9178594392363624,0.3817541882936238,33.684,22.12,10.702,2.13
JPN_F3(Ju),JPN,O4,6.07,6.036599468523874,5.03,3.964218395063482,1.9178594392363624,0.3817541882936238,31.475,20.669,10.0,1.99
JPN_F3(Ju),JPN,O6,6.07,6.036599468523874,5.03,3.964218395063482,1.9178594392363624,0.3817541882936238,32.004,21.017,10.168,2.024
JPN_F3(Ju),JPN,O8,6.07,6.036599468523874,5.03,3.964218395063482,1.9178594392363624,0.3817541882936238,33.209,21.808,10.551,2.1
JPN_F3(Ju),JPN,O9,6.07,6.036599468523874,5.03,3.964218395063482,1.9178594392363624,0.3817541882936238,30.124,19.782,9.571,1.905
JPN_F3(Ju),JPN,P0,6.07,6.036599468523874,5.03,3.964218395063482,1.9178594392363624,0.3817541882936238,32.709,21.48,10.392,2.069
JPN_F3(Ju),JPN,P1,6.07,6.036599468523874,5.03,3.964218395063482,1.9178594392363624,0.3817541882936238,29.393,19.302,9.338,1.859
JPN_F3(Ju),JPN,P2,6.07,6.036599468523874,5.03,3.964218395063482,1.9178594392363624,0.3817541882936238,31.42,20.633,9.982,1.987
JPN_F3(Ju),JPN,P3,6.07,6.036599468523874,5.03,3.964218395063482,1.9178594392363624,0.3817541882936238,32.818,21.551,10.426,2.075
JPN_F3(Ju),JPN,P8,6.07,6.036599468523874,5.03,3.964218395063482,1.9178594392363624,0.3817541882936238,31.963,20.99,10.155,2.021
JPN_F3(Ju),JPN,P9,6.07,6.036599468523874,5.03,3.964218395063482,1.9178594392363624,0.3817541882936238,32.375,21.261,10.286,2.047
JPN_F3(Ju),JPN,Q0,6.07,6.036599468523874,5.03,3.964218395063482,1.9178594392363624,0.3817541882936238,30.318,19.91,9.632,1.917
JPN_F3(Ju),JPN,Q1,6.07,6.036599468523874,5.03,3.964218395063482,1.9178594392363624,0.3817541882936238,27.896,18.319,8.863,1.764
JPN_F4(Ay),JPN,O1,6.07,6.036599468523874,5.03,3.964218395063482,1.9178594392363624,0.3817541882936238,33.222,21.817,10.555,2.101
JPN_F4(Ay),JPN,O2,6.07,6.036599468523874,5.03,3.964218395063482,1.9178594392363624,0.3817541882936238,31.345,20.584,9.958,1.982
JPN_F4(Ay),JPN,O3,6.07,6.036599468523874,5.03,3.964218395063482,1.9178594392363624,0.3817541882936238,31.714,20.826,10.076,2.006
JPN_F4(Ay),JPN,O4,6.07,6.036599468523874,5.03,3.964218395063482,1.9178594392363624,0.3817541882936238,33.242,21.83,10.561,2.102
JPN_F4(Ay),JPN,O6,6.07,6.036599468523874,5.03,3.964218395063482,1.9178594392363624,0.3817541882936238,33.285,21.858,10.575,2.105
JPN_F4(Ay),JPN,O8,6.07,6.036599468523874,5.03,3.964218395063482,1.9178594392363624,0.3817541882936238,35.353,23.217,11.232,2.236
JPN_F4(Ay),JPN,O9,6.07,6.036599468523874,5.03,3.964218395063482,1.9178594392363624,0.3817541882936238,33.855,22.232,10.756,2.141
JPN_F4(Ay),JPN,P0,6.07,6.036599468523874,5.03,3.964218395063482,1.9178594392363624,0.3817541882936238,32.084,21.069,10.193,2.029
JPN_F4(Ay),JPN,P1,6.07,6.036599468523874,5.03,3.964218395063482,1.9178594392363624,0.3817541882936238,31.843,20.911,10.117,2.014
JPN_F4(Ay),JPN,P2,6.07,6.036599468523874,5.03,3.964218395063482,1.9178594392363624,0.3817541882936238,30.503,20.031,9.691,1.929
JPN_F4(Ay),JPN,P3,6.07,6.036599468523874,5.03,3.964218395063482,1.9178594392363624,0.3817541882936238,31.073,20.406,9.872,1.965
JPN_F4(Ay),JPN,P8,6.07,6.036599468523874,5.03,3.964218395063482,1.9178594392363624,0.3817541882936238,30.22,19.845,9.601,1.911
JPN_F4(Ay),JPN,P9,6.07,6.036599468523874,5.03,3.964218395063482,1.9178594392363624,0.3817541882936238,36.22,23.785,11.507,2.291
JPN_F4(Ay),JPN,Q0,6.07,6.036599468523874,5.03,3.964218395063482,1.9178594392363624,0.3817541882936238,30.016,19.712,9.536,1.898
JPN_F4(Ay),JPN,Q1,6.07,6.036599468523874,5.03,3.964218395063482,1.9178594392363624,0.3817541882936238,29.3,19.242,9.309,1.853
JPN_F5(Mi),JPN,O1,6.07,6.036599468523874,5.03,3.964218395063482,1.9178594392363624,0.3817541882936238,28.559,18.755,9.073,1.806
JPN_F5(Mi),JPN,O2,6.07,6.036599468523874,5.03,3.964218395063482,1.9178594392363624,0.3817541882936238,32.798,21.538,10.42,2.074
JPN_F5(Mi),JPN,O3,6.07,6.036599468523874,5.03,3.964218395063482,1.9178594392363624,0.3817541882936238,31.24,20.515,9.925,1.976
JPN_F5(Mi),JPN,O4,6.07,6.036599468523874,5.03,3.964218395063482,1.9178594392363624,0.3817541882936238,31.756,20.854,10.089,2.008
JPN_F5(Mi),JPN,O6,6.07,6.036599468523874,5.03,3.964218395063482,1.9178594392363624,0.3817541882936238,30.892,20.286,9.814,1.954
JPN_F5(Mi),JPN,O8,6.07,6.036599468523874,5.03,3.964218395063482,1.9178594392363624,0.3817541882936238,33.436,21.957,10.623,2.115
JPN_F5(Mi),JPN,O9,6.07,6.036599468523874,5.03,3.964218395063482,1.9178594392363624,0.3817541882936238,32.234,21.168,10.241,2.038
JPN_F5(Mi),JPN,P0,6.07,6.036599468523874,5.03,3.964218395063482,1.9178594392363624,0.3817541882936238,31.833,20.905,10.114,2.013
JPN_F5(Mi),JPN,P1,6.07,6.036599468523874,5.03,3.964218395063482,1.9178594392363624,0.3817541882936238,32.075,21.064,10.19,2.028
JPN_F5(Mi),JPN,P2,6.07,6.036599468523874,5.03,3.964218395063482,1.9178594392363624,0.3817541882936238,32.061,21.055,10.186,2.028
JPN_F5(Mi),JPN,P3,6.07,6.036599468523874,5.03,3.964218395063482,1.9178594392363624,0.3817541882936238,29.703,19.506,9.437,1.878
JPN_F5(Mi),JPN,P8,6.07,6.036599468523874,5.03,3.964218395063482,1.9178594392363624,0.3817541882936238,31.112,20.431,9.885,1.968
JPN_F5(Mi),JPN,P9,6.07,6.036599468523874,5.03,3.964218395063482,1.9178594392363624,0.3817541882936238,32.249,21.178,10.246,2.039
JPN_F5(Mi),JPN,Q0,6.07,6.036599468523874,5.03,3.964218395063482,1.9178594392363624,0.3817541882936238,27.514,18.069,8.741,1.74
JPN_F5(Mi),JPN,Q1,6.07,6.036599468523874,5.03,3.964218395063482,1.9178594392363624,0.3817541882936238,28.764,18.889,9.138,1.819
JPN_M1(Ni),JPN,O1,6.07,6.036599468523874,5.03,3.964218395063482,1.9178594392363624,0.3817541882936238,25.481,16.733,8.095,1.611
JPN_M1(Ni),JPN,O2,6.07,6.036599468523874,5.03,3.964218395063482,1.9178594392363624,0.3817541882936238,28.375,18.633,9.015,1.794
JPN_M1(Ni),JPN,O3,6.07,6.036599468523874,5.03,3.964218395063482,1.9178594392363624,0.3817541882936238,25.753,16.912,8.182,1.629
JPN_M1(Ni),JPN,O4,6.07,6.036599468523874,5.03,3.964218395063482,1.9178594392363624,0.3817541882936238,28.432,18.671,9.033,1.798
JPN_M1(Ni),JPN,O6,6.07,6.036599468523874,5.03,3.964218395063482,1.9178594392363624,0.3817541882936238,31.853,20.918,10.12,2.014
JPN_M1(Ni),JPN,O8,6.07,6.036599468523874,5.03,3.964218395063482,1.9178594392363624,0.3817541882936238,30.27,19.878,9.617,1.914
JPN_M1(Ni),JPN,O9,6.07,6.036599468523874,5.03,3.964218395063482,1.9178594392363624,0.3817541882936238,32.303,21.213,10.263,2.043
JPN_M1(Ni),JPN,P0,6.07,6.036599468523874,5.03,3.964218395063482,1.9178594392363624,0.3817541882936238,27.953,18.357,8.881,1.768
JPN_M1(Ni),JPN,P1,6.07,6.036599468523874,5.03,3.964218395063482,1.9178594392363624,0.3817541882936238,33.279,21.854,10.573,2.105
JPN_M1(Ni),JPN,P2,6.07,6.036599468523874,5.03,3.964218395063482,1.9178594392363624,0.3817541882936238,29.688,19.496,9.432,1.877
JPN_M1(Ni),JPN,P3,6.07,6.036599468523874,5.03,3.964218395063482,1.9178594392363624,0.3817541882936238,27.522,18.074,8.744,1.741
JPN_M1(Ni),JPN,P8,6.07,6.036599468523874,5.03,3.964218395063482,1.9178594392363624,0.3817541882936238,28.055,18.424,8.913,1.774
JPN_M1(Ni),JPN,P9,6.07,6.036599468523874,5.03,3.964218395063482,1.9178594392363624,0.3817541882936238,28.929,18.998,9.191,1.829
JPN_M1(Ni),JPN,Q0,6.07,6.036599468523874,5.03,3.964218395063482,1.9178594392363624,0.3817541882936238,28.308,18.59,8.994,1.79
JPN_M1(Ni),JPN,Q1,6.07,6.036599468523874,5.03,3.964218395063482,1.9178594392363624,0.3817541882936238,29.296,19.239,9.307,1.853
JPN_M2(Shi),JPN,O1,6.07,6.036599468523874,5.03,3.964218395063482,1.9178594392363624,0.3817541882936238,31.457,20.658,9.994,1.989
JPN_M2(Shi),JPN,O2,6.07,6.036599468523874,5.03,3.964218395063482,1.9178594392363624,0.3817541882936238,30.739,20.186,9.766,1.944
JPN_M2(Shi),JPN,O3,6.07,6.036599468523874,5.03,3.964218395063482,1.9178594392363624,0.3817541882936238,28.731,18.867,9.128,1.817
JPN_M2(Shi),JPN,O4,6.07,6.036599468523874,5.03,3.964218395063482,1.9178594392363624,0.3817541882936238,31.518,20.698,10.013,1.993
JPN_M2(Shi),JPN,O6,6.07,6.036599468523874,5.03,3.964218395063482,1.9178594392363624,0.3817541882936238,31.772,20.864,10.094,2.009
JPN_M2(Shi),JPN,O8,6.07,6.036599468523874,5.03,3.964218395063482,1.9178594392363624,0.3817541882936238,33.626,22.082,10.683,2.126
JPN_M2(Shi),JPN,O9,6.07,6.036599468523874,5.03,3.964218395063482,1.9178594392363624,0.3817541882936238,33.921,22.276,10.777,2.145
JPN_M2(Shi),JPN,P0,6.07,6.036599468523874,5.03,3.964218395063482,1.9178594392363624,0.3817541882936238,31.583,20.741,10.034,1.997
JPN_M2(Shi),JPN,P1,6.07,6.036599468523874,5.03,3.964218395063482,1.9178594392363624,0.3817541882936238,32.077,21.065,10.191,2.029
JPN_M2(Shi),JPN,P2,6.07,6.036599468523874,5.03,3.964218395063482,1.9178594392363624,0.3817541882936238,33.813,22.205,10.743,2.138
JPN_M2(Shi),JPN,P3,6.07,6.036599468523874,5.03,3.964218395063482,1.9178594392363624,0.3817541882936238,29.683,19.492,9.43,1.877
JPN_M2(Shi),JPN,P8,6.07,6.036599468523874,5.03,3.964218395063482,1.9178594392363624,0.3817541882936238,35.112,23.058,11.155,2.22
JPN_M2(Shi),JPN,P9,6.07,6.036599468523874,5.03,3.964218395063482,1.9178594392363624,0.3817541882936238,36.4,23.904,11.564,2.302
JPN_M2(Shi),JPN,Q0,6.07,6.036599468523874,5.03,3.964218395063482,1.9178594392363624,0.3817541882936238,32.513,21.351,10.329,2.056
JPN_M2(Shi),JPN,Q1,6.07,6.036599468523874,5.03,3.964218395063482,1.9178594392363624,0.3817541882936238,29.223,19.191,9.284,1.848
JPN_M3(Ke),JPN,O1,6.07,6.036599468523874,5.03,3.964218395063482,1.9178594392363624,0.3817541882936238,30.118,19.778,9.568,1.905
JPN_M3(Ke),JPN,O2,6.07,6.036599468523874,5.03,3.964218395063482,1.9178594392363624,0.3817541882936238,27.465,18.036,8.726,1.737
JPN_M3(Ke),JPN,O3,6.07,6.036599468523874,5.03,3.964218395063482,1.9178594392363624,0.3817541882936238,28.788,18.905,9.146,1.821
JPN_M3(Ke),JPN,O4,6.07,6.036599468523874,5.03,3.964218395063482,1.9178594392363624,0.3817541882936238,28.868,18.957,9.171,1.826
JPN_M3(Ke),JPN,O6,6.07,6.036599468523874,5.03,3.964218395063482,1.9178594392363624,0.3817541882936238,31.197,20.487,9.911,1.973
JPN_M3(Ke),JPN,O8,6.07,6.036599468523874,5.03,3.964218395063482,1.9178594392363624,0.3817541882936238,31.367,20.599,9.966,1.984
JPN_M3(Ke),JPN,O9,6.07,6.036599468523874,5.03,3.964218395063482,1.9178594392363624,0.3817541882936238,30.431,19.984,9.668,1.924
JPN_M3(Ke),JPN,P0,6.07,6.036599468523874,5.03,3.964218395063482,1.9178594392363624,0.3817541882936238,30.088,19.759,9.559,1.903
JPN_M3(Ke),JPN,P1,6.07,6.036599468523874,5.03,3.964218395063482,1.9178594392363624,0.3817541882936238,29.774,19.552,9.459,1.883
JPN_M3(Ke),JPN,P2,6.07,6.036599468523874,5.03,3.964218395063482,1.9178594392363624,0.3817541882936238,27.923,18.337,8.871,1.766
JPN_M3(Ke),JPN,P3,6.07,6.036599468523874,5.03,3.964218395063482,1.9178594392363624,0.3817541882936238,29.84,19.596,9.48,1.887
JPN_M3(Ke),JPN,P8,6.07,6.036599468523874,5.03,3.964218395063482,1.9178594392363624,0.3817541882936238,28.928,18.997,9.191,1.829
JPN_M3(Ke),JPN,P9,6.07,6.036599468523874,5.03,3.964218395063482,1.9178594392363624,0.3817541882936238,35.223,23.131,11.19,2.227
JPN_M3(Ke),JPN,Q0,6.07,6.036599468523874,5.03,3.964218395063482,1.9178594392363624,0.3817541882936238,27.067,17.775,8.599,1.712
JPN_M3(Ke),JPN,Q1,6.07,6.036599468523874,5.03,3.964218395063482,1.9178594392363624,0.3817541882936238,29.758,19.542,9.454,1.882
JPN_M4(Da),JPN,O1,6.07,6.036599468523874,5.03,3.964218395063482,1.9178594392363624,0.3817541882936238,31.343,20.583,9.958,1.982
JPN_M4(Da),JPN,O2,6.07,6.036599468523874,5.03,3.964218395063482,1.9178594392363624,0.3817541882936238,29.506,19.376,9.374,1.866
JPN_M4(Da),JPN,O3,6.07,6.036599468523874,5.03,3.964218395063482,1.9178594392363624,0.3817541882936238,28.746,18.877,9.133,1.818
JPN_M4(Da),JPN,O4,6.07,6.036599468523874,5.03,3.964218395063482,1.9178594392363624,0.3817541882936238,31.218,20.501,9.918,1.974
JPN_M4(Da),JPN,O6,6.07,6.036599468523874,5.03,3.964218395063482,1.9178594392363624,0.3817541882936238,33.246,21.833,10.562,2.102
JPN_M4(Da),JPN,O8,6.07,6.036599468523874,5.03,3.964218395063482,1.9178594392363624,0.3817541882936238,32.57,21.389,10.348,2.06
JPN_M4(Da),JPN,O9,6.07,6.036599468523874,5.03,3.964218395063482,1.9178594392363624,0.3817541882936238,30.122,19.781,9.57,1.905
JPN_M4(Da),JPN,P0,6.07,6.036599468523874,5.03,3.964218395063482,1.9178594392363624,0.3817541882936238,34.457,22.628,10.947,2.179
JPN_M4(Da),JPN,P1,6.07,6.036599468523874,5.03,3.964218395063482,1.9178594392363624,0.3817541882936238,31.696,20.815,10.07,2.004
JPN_M4(Da),JPN,P2,6.07,6.036599468523874,5.03,3.964218395063482,1.9178594392363624,0.3817541882936238,30.085,19.757,9.558,1.903
JPN_M4(Da),JPN,P3,6.07,6.036599468523874,5.03,3.964218395063482,1.9178594392363624,0.3817541882936238,31.028,20.376,9.858,1.962
JPN_M4(Da),JPN,P8,6.07,6.036599468523874,5.03,3.964218395063482,1.9178594392363624,0.3817541882936238,31.332,20.576,9.954,1.981
JPN_M4(Da),JPN,P9,6.07,6.036599468523874,5.03,3.964218395063482,1.9178594392363624,0.3817541882936238,36.348,23.87,11.548,2.299
JPN_M4(Da),JPN,Q0,6.07,6.036599468523874,5.03,3.964218395063482,1.9178594392363624,0.3817541882936238,31.029,20.377,9.858,1.962
JPN_M4(Da),JPN,Q1,6.07,6.036599468523874,5.03,3.964218395063482,1.9178594392363624,0.3817541882936238,29.514,19.382,9.377,1.866
JPN_M5(Yo),JPN,O1,6.07,6.036599468523874,5.03,3.964218395063482,1.9178594392363624,0.3817541882936238,32.764,21.516,10.409,2.072
JPN_M5(Yo),JPN,O2,6.07,6.036599468523874,5.03,3.964218395063482,1.9178594392363624,0.3817541882936238,29.045,19.074,9.228,1.837
JPN_M5(Yo),JPN,O3,6.07,6.036599468523874,5.03,3.964218395063482,1.9178594392363624,0.3817541882936238,29.552,19.407,9.389,1.869
JPN_M5(Yo),JPN,O4,6.07,6.036599468523874,5.03,3.964218395063482,1.9178594392363624,0.3817541882936238,29.974,19.684,9.523,1.896
JPN_M5(Yo),JPN,O6,6.07,6.036599468523874,5.03,3.964218395063482,1.9178594392363624,0.3817541882936238,30.183,19.821,9.589,1.909
JPN_M5(Yo),JPN,O8,6.07,6.036599468523874,5.03,3.964218395063482,1.9178594392363624,0.3817541882936238,30.949,20.324,9.833,1.957
JPN_M5(Yo),JPN,O9,6.07,6.036599468523874,5.03,3.964218395063482,1.9178594392363624,0.3817541882936238,29.085,19.1,9.24,1.839
JPN_M5(Yo),JPN,P0,6.07,6.036599468523874,5.03,3.964218395063482,1.9178594392363624,0.3817541882936238,29.833,19.591,9.478,1.887
JPN_M5(Yo),JPN,P1,6.07,6.036599468523874,5.03,3.964218395063482,1.9178594392363624,0.3817541882936238,30.772,20.208,9.776,1.946
JPN_M5(Yo),JPN,P2,6.07,6.036599468523874,5.03,3.964218395063482,1.9178594392363624,0.3817541882936238,29.042,19.072,9.227,1.837
JPN_M5(Yo),JPN,P3,6.07,6.036599468523874,5.03,3.964218395063482,1.9178594392363624,0.3817541882936238,29.844,19.598,9.482,1.887
JPN_M5(Yo),JPN,P8,6.07,6.036599468523874,5.03,3.964218395063482,1.9178594392363624,0.3817541882936238,30.527,20.047,9.699,1.931
JPN_M5(Yo),JPN,P9,6.07,6.036599468523874,5.03,3.964218395063482,1.9178594392363624,0.3817541882936238,32.55,21.376,10.341,2.058
JPN_M5(Yo),JPN,Q0,6.07,6.036599468523874,5.03,3.964218395063482,1.9178594392363624,0.3817541882936238,26.845,17.629,8.529,1.698
JPN_M5(Yo),JPN,Q1,6.07,6.036599468523874,5.03,3.964218395063482,1.9178594392363624,0.3817541882936238,27.352,17.962,8.69,1.73
KOR_F1(My),KOR,O1,8.05,,5.56,,,,,,,
KOR_F1(My),KOR,O2,8.05,,5.56,,,,,,,
KOR_F1(My),KOR,O3,8.05,,5.56,,,,,,,
KOR_F1(My),KOR,O4,8.05,,5.56,,,,,,,
KOR_F1(My),KOR,O6,8.05,,5.56,,,,,,,
KOR_F1(My),KOR,O8,8.05,,5.56,,,,,,,
KOR_F1(My),KOR,O9,8.05,,5.56,,,,,,,
KOR_F1(My),KOR,P0,8.05,,5.56,,,,,,,
KOR_F1(My),KOR,P1,8.05,,5.56,,,,,,,
KOR_F1(My),KOR,P2,8.05,,5.56,,,,,,,
KOR_F1(My),KOR,P3,8.05,,5.56,,,,,,,
KOR_F1(My),KOR,P8,8.05,,5.56,,,,,,,
KOR_F1(My),KOR,P9,8.05,,5.56,,,,,,,
KOR_F1(My),KOR,Q0,8.05,,5.56,,,,,,,
KOR_F1(My),KOR,Q1,8.05,,5.56,,,,,,,
KOR_F2(Ji),KOR,O1,8.05,,5.56,,,,,,,
KOR_F2(Ji),KOR,O2,8.05,,5.56,,,,,,,
KOR_F2(Ji),KOR,O3,8.05,,5.56,,,,,,,
KOR_F2(Ji),KOR,O4,8.05,,5.56,,,,,,,
KOR_F2(Ji),KOR,O6,8.05,,5.56,,,,,,,
KOR_F2(Ji),KOR,O8,8.05,,5.56,,,,,,,
KOR_F2(Ji),KOR,O9,8.05,,5.56,,,,,,,
KOR_F2(Ji),KOR,P0,8.05,,5.56,,,,,,,
KOR_F2(Ji),KOR,P1,8.05,,5.56,,,,,,,
KOR_F2(Ji),KOR,P2,8.05,,5.56,,,,,,,
KOR_F2(Ji),KOR,P3,8.05,,5.56,,,,,,,
KOR_F2(Ji),KOR,P8,8.05,,5.56,,,,,,,
KOR_F2(Ji),KOR,P9,8.05,,5.56,,,,,,,
KOR_F2(Ji),KOR,Q0,8.05,,5.56,,,,,,,
KOR_F2(Ji),KOR,Q1,8.05,,5.56,,,,,,,
KOR_F3(Eu),KOR,O1,8.05,,5.56,,,,,,,
KOR_F3(Eu),KOR,O2,8.05,,5.56,,,,,,,
KOR_F3(Eu),KOR,O3,8.05,,5.56,,,,,,,
KOR_F3(Eu),KOR,O4,8.05,,5.56,,,,,,,
KOR_F3(Eu),KOR,O6,8.05,,5.56,,,,,,,
KOR_F3(Eu),KOR,O8,8.05,,5.56,,,,,,,
KOR_F3(Eu),KOR,O9,8.05,,5.56,,,,,,,
KOR_F3(Eu),KOR,P0,8.05,,5.56,,,,,,,
KOR_F3(Eu),KOR,P1,8.05,,5.56,,,,,,,
KOR_F3(Eu),KOR,P2,8.05,,5.56,,,,,,,
KOR_F3(Eu),KOR,P3,8.05,,5.56,,,,,,,
KOR_F3(Eu),KOR,P8,8.05,,5.56,,,,,,,
KOR_F3(Eu),KOR,P9,8.05,,5.56,,,,,,,
KOR_F3(Eu),KOR,Q0,8.05,,5.56,,,,,,,
KOR_F3(Eu),KOR,Q1,8.05,,5.56,,,,,,,
KOR_F4(Hy),KOR,O1,8.05,,5.56,,,,,,,
KOR_F4(Hy),KOR,O2,8.05,,5.56,,,,,,,
KOR_F4(Hy),KOR,O3,8.05,,5.56,,,,,,,
KOR_F4(Hy),KOR,O4,8.05,,5.56,,,,,,,
KOR_F4(Hy),KOR,O6,8.05,,5.56,,,,,,,
KOR_F4(Hy),KOR,O8,8.05,,5.56,,,,,,,
KOR_F4(Hy),KOR,O9,8.05,,5.56,,,,,,,
KOR_F4(Hy),KOR,P0,8.05,,5.56,,,,,,,
KOR_F4(Hy),KOR,P1,8.05,,5.56,,,,,,,
KOR_F4(Hy),KOR,P2,8.05,,5.56,,,,,,,
KOR_F4(Hy),KOR,P3,8.05,,5.56,,,,,,,
KOR_F4(Hy),KOR,P8,8.05,,5.56,,,,,,,
KOR_F4(Hy),KOR,P9,8.05,,5.56,,,,,,,
KOR_F4(Hy),KOR,Q0,8.05,,5.56,,,,,,,
KOR_F4(Hy),KOR,Q1,8.05,,5.56,,,,,,,
KOR_F6(Jw),KOR,O1,8.05,,5.56,,,,,,,
KOR_F6(Jw),KOR,O2,8.05,,5.56,,,,,,,
KOR_F6(Jw),KOR,O3,8.05,,5.56,,,,,,,
KOR_F6(Jw),KOR,O4,8.05,,5.56,,,,,,,
KOR_F6(Jw),KOR,O6,8.05,,5.56,,,,,,,
KOR_F6(Jw),KOR,O8,8.05,,5.56,,,,,,,
KOR_F6(Jw),KOR,O9,8.05,,5.56,,,,,,,
KOR_F6(Jw),KOR,P0,8.05,,5.56,,,,,,,
KOR_F6(Jw),KOR,P1,8.05,,5.56,,,,,,,
KOR_F6(Jw),KOR,P2,8.05,,5.56,,,,,,,
KOR_F6(Jw),KOR,P3,8.05,,5.56,,,,,,,
KOR_F6(Jw),KOR,P8,8.05,,5.56,,,,,,,
KOR_F6(Jw),KOR,P9,8.05,,5.56,,,,,,,
KOR_F6(Jw),KOR,Q0,8.05,,5.56,,,,,,,
KOR_F6(Jw),KOR,Q1,8.05,,5.56,,,,,,,
KOR_M1(Sa),KOR,O1,8.05,,5.56,,,,,,,
KOR_M1(Sa),KOR,O2,8.05,,5.56,,,,,,,
KOR_M1(Sa),KOR,O3,8.05,,5.56,,,,,,,
KOR_M1(Sa),KOR,O4,8.05,,5.56,,,,,,,
KOR_M1(Sa),KOR,O6,8.05,,5.56,,,,,,,
KOR_M1(Sa),KOR,O8,8.05,,5.56,,,,,,,
KOR_M1(Sa),KOR,O9,8.05,,5.56,,,,,,,
KOR_M1(Sa),KOR,P0,8.05,,5.56,,,,,,,
KOR_M1(Sa),KOR,P1,8.05,,5.56,,,,,,,
KOR_M1(Sa),KOR,P2,8.05,,5.56,,,,,,,
KOR_M1(Sa),KOR,P3,8.05,,5.56,,,,,,,
KOR_M1(Sa),KOR,P8,8.05,,5.56,,,,,,,
KOR_M1(Sa),KOR,P9,8.05,,5.56,,,,,,,
KOR_M1(Sa),KOR,Q0,8.05,,5.56,,,,,,,
KOR_M1(Sa),KOR,Q1,8.05,,5.56,,,,,,,
KOR_M2(Do),KOR,O1,8.05,,5.56,,,,,,,
KOR_M2(Do),KOR,O2,8.05,,5.56,,,,,,,
KOR_M2(Do),KOR,O3,8.05,,5.56,,,,,,,
KOR_M2(Do),KOR,O4,8.05,,5.56,,,,,,,
KOR_M2(Do),KOR,O6,8.05,,5.56,,,,,,,
KOR_M2(Do),KOR,O8,8.05,,5.56,,,,,,,
KOR_M2(Do),KOR,O9,8.05,,5.56,,,,,,,
KOR_M2(Do),KOR,P0,8.05,,5.56,,,,,,,
KOR_M2(Do),KOR,P1,8.05,,5.56,,,,,,,
KOR_M2(Do),KOR,P2,8.05,,5.56,,,,,,,
KOR_M2(Do),KOR,P3,8.05,,5.56,,,,,,,
KOR_M2(Do),KOR,P8,8.05,,5.56,,,,,,,
KOR_M2(Do),KOR,P9,8.05,,5.56,,,,,,,
KOR_M2(Do),KOR,Q0,8.05,,5.56,,,,,,,
KOR_M2(Do),KOR,Q1,8.05,,5.56,,,,,,,
KOR_M3(Sh),KOR,O1,8.05,,5.56,,,,,,,
KOR_M3(Sh),KOR,O2,8.05,,5.56,,,,,,,
KOR_M3(Sh),KOR,O3,8.05,,5.56,,,,,,,
KOR_M3(Sh),KOR,O4,8.05,,5.56,,,,,,,
KOR_M3(Sh),KOR,O6,8.05,,5.56,,,,,,,
KOR_M3(Sh),KOR,O8,8.05,,5.56,,,,,,,
KOR_M3(Sh),KOR,O9,8.05,,5.56,,,,,,,
KOR_M3(Sh),KOR,P0,8.05,,5.56,,,,,,,
KOR_M3(Sh),KOR,P1,8.05,,5.56,,,,,,,
KOR_M3(Sh),KOR,P2,8.05,,5.56,,,,,,,
KOR_M3(Sh),KOR,P3,8.05,,5.56,,,,,,,
KOR_M3(Sh),KOR,P8,8.05,,5.56,,,,,,,
KOR_M3(Sh),KOR,P9,8.05,,5.56,,,,,,,
KOR_M3(Sh),KOR,Q0,8.05,,5.56,,,,,,,
KOR_M3(Sh),KOR,Q1,8.05,,5.56,,,,,,,
KOR_M4(Ju),KOR,O1,8.05,,5.56,,,,,,,
KOR_M4(Ju),KOR,O2,8.05,,5.56,,,,,,,
KOR_M4(Ju),KOR,O3,8.05,,5.56,,,,,,,
KOR_M4(Ju),KOR,O4,8.05,,5.56,,,,,,,
KOR_M4(Ju),KOR,O6,8.05,,5.56,,,,,,,
KOR_M4(Ju),KOR,O8,8.05,,5.56,,,,,,,
KOR_M4(Ju),KOR,O9,8.05,,5.56,,,,,,,
KOR_M4(Ju),KOR,P0,8.05,,5.56,,,,,,,
KOR_M4(Ju),KOR,P1,8.05,,5.56,,,,,,,
KOR_M4(Ju),KOR,P2,8.05,,5.56,,,,,,,
KOR_M4(Ju),KOR,P3,8.05,,5.56,,,,,,,
KOR_M4(Ju),KOR,P8,8.05,,5.56,,,,,,,
KOR_M4(Ju),KOR,P9,8.05,,5.56,,,,,,,
KOR_M4(Ju),KOR,Q0,8.05,,5.56,,,,,,,
KOR_M4(Ju),KOR,Q1,8.05,,5.56,,,,,,,
KOR_M5(Jh),KOR,O1,8.05,,5.56,,,,,,,
KOR_M5(Jh),KOR,O2,8.05,,5.56,,,,,,,
KOR_M5(Jh),KOR,O3,8.05,,5.56,,,,,,,
KOR_M5(Jh),KOR,O4,8.05,,5.56,,,,,,,
KOR_M5(Jh),KOR,O6,8.05,,5.56,,,,,,,
KOR_M5(Jh),KOR,O8,8.05,,5.56,,,,,,,
KOR_M5(Jh),KOR,O9,8.05,,5.56,,,,,,,
KOR_M5(Jh),KOR,P0,8.05,,5.56,,,,,,,
KOR_M5(Jh),KOR,P1,8.05,,5.56,,,,,,,
KOR_M5(Jh),KOR,P2,8.05,,5.56,,,,,,,
KOR_M5(Jh),KOR,P3,8.05,,5.56,,,,,,,
KOR_M5(Jh),KOR,P8,8.05,,5.56,,,,,,,
KOR_M5(Jh),KOR,P9,8.05,,5.56,,,,,,,
KOR_M5(Jh),KOR,Q0,8.05,,5.56,,,,,,,
KOR_M5(Jh),KOR,Q1,8.05,,5.56,,,,,,,
SPA_F1(Am),SPA,O1,8.32,,5.43,,,,,,,
SPA_F1(Am),SPA,O2,8.32,,5.43,,,,,,,
SPA_F1(Am),SPA,O3,8.32,,5.43,,,,,,,
SPA_F1(Am),SPA,O4,8.32,,5.43,,,,,,,
SPA_F1(Am),SPA,O6,8.32,,5.43,,,,,,,
SPA_F1(Am),SPA,O8,8.32,,5.43,,,,,,,
SPA_F1(Am),SPA,O9,8.32,,5.43,,,,,,,
SPA_F1(Am),SPA,P0,8.32,,5.43,,,,,,,
SPA_F1(Am),SPA,P1,8.32,,5.43,,,,,,,
SPA_F1(Am),SPA,P2,8.32,,5.43,,,,,,,
SPA_F1(Am),SPA,P3,8.32,,5.43,,,,,,,
SPA_F1(Am),SPA,P8,8.32,,5.43,,,,,,,
SPA_F1(Am),SPA,P9,8.32,,5.43,,,,,,,
SPA_F1(Am),SPA,Q0,8.32,,5.43,,,,,,,
SPA_F1(Am),SPA,Q1,8.32,,5.43,,,,,,,
SPA_F1(Su),SPA,O1,8.32,,5.43,,,,,,,
SPA_F1(Su),SPA,O2,8.32,,5.43,,,,,,,
SPA_F1(Su),SPA,O3,8.32,,5.43,,,,,,,
SPA_F1(Su),SPA,O4,8.32,,5.43,,,,,,,
SPA_F1(Su),SPA,O6,8.32,,5.43,,,,,,,
SPA_F1(Su),SPA,O8,8.32,,5.43,,,,,,,
SPA_F1(Su),SPA,O9,8.32,,5.43,,,,,,,
SPA_F1(Su),SPA,P0,8.32,,5.43,,,,,,,
SPA_F1(Su),SPA,P1,8.32,,5.43,,,,,,,
SPA_F1(Su),SPA,P2,8.32,,5.43,,,,,,,
SPA_F1(Su),SPA,P3,8.32,,5.43,,,,,,,
SPA_F1(Su),SPA,P8,8.32,,5.43,,,,,,,
SPA_F1(Su),SPA,P9,8.32,,5.43,,,,,,,
SPA_F1(Su),SPA,Q0,8.32,,5.43,,,,,,,
SPA_F1(Su),SPA,Q1,8.32,,5.43,,,,,,,
SPA_F2(De),SPA,O1,8.32,,5.43,,,,,,,
SPA_F2(De),SPA,O2,8.32,,5.43,,,,,,,
SPA_F2(De),SPA,O3,8.32,,5.43,,,,,,,
SPA_F2(De),SPA,O4,8.32,,5.43,,,,,,,
SPA_F2(De),SPA,O6,8.32,,5.43,,,,,,,
SPA_F2(De),SPA,O8,8.32,,5.43,,,,,,,
SPA_F2(De),SPA,O9,8.32,,5.43,,,,,,,
SPA_F2(De),SPA,P0,8.32,,5.43,,,,,,,
SPA_F2(De),SPA,P1,8.32,,5.43,,,,,,,
SPA_F2(De),SPA,P2,8.32,,5.43,,,,,,,
SPA_F2(De),SPA,P3,8.32,,5.43,,,,,,,
SPA_F2(De),SPA,P8,8.32,,5.43,,,,,,,
SPA_F2(De),SPA,P9,8.32,,5.43,,,,,,,
SPA_F2(De),SPA,Q0,8.32,,5.43,,,,,,,
SPA_F2(De),SPA,Q1,8.32,,5.43,,,,,,,
SPA_F3(En),SPA,O1,8.32,,5.43,,,,,,,
SPA_F3(En),SPA,O2,8.32,,5.43,,,,,,,
SPA_F3(En),SPA,O3,8.32,,5.43,,,,,,,
SPA_F3(En),SPA,O4,8.32,,5.43,,,,,,,
SPA_F3(En),SPA,O6,8.32,,5.43,,,,,,,
SPA_F3(En),SPA,O8,8.32,,5.43,,,,,,,
SPA_F3(En),SPA,O9,8.32,,5.43,,,,,,,
SPA_F3(En),SPA,P0,8.32,,5.43,,,,,,,
SPA_F3(En),SPA,P1,8.32,,5.43,,,,,,,
SPA_F3(En),SPA,P2,8.32,,5.43,,,,,,,
SPA_F3(En),SPA,P3,8.32,,5.43,,,,,,,
SPA_F3(En),SPA,P8,8.32,,5.43,,,,,,,
SPA_F3(En),SPA,P9,8.32,,5.43,,,,,,,
SPA_F3(En),SPA,Q0,8.32,,5.43,,,,,,,
SPA_F3(En),SPA,Q1,8.32,,5.43,,,,,,,
SPA_F3(Mo),SPA,O1,8.32,,5.43,,,,,,,
SPA_F3(Mo),SPA,O2,8.32,,5.43,,,,,,,
SPA_F3(Mo),SPA,O3,8.32,,5.43,,,,,,,
SPA_F3(Mo),SPA,O4,8.32,,5.43,,,,,,,
SPA_F3(Mo),SPA,O6,8.32,,5.43,,,,,,,
SPA_F3(Mo),SPA,O8,8.32,,5.43,,,,,,,
SPA_F3(Mo),SPA,O9,8.32,,5.43,,,,,,,
SPA_F3(Mo),SPA,P0,8.32,,5.43,,,,,,,
SPA_F3(Mo),SPA,P1,8.32,,5.43,,,,,,,
SPA_F3(Mo),SPA,P2,8.32,,5.43,,,,,,,
SPA_F3(Mo),SPA,P3,8.32,,5.43,,,,,,,
SPA_F3(Mo),SPA,P8,8.32,,5.43,,,,,,,
SPA_F3(Mo),SPA,P9,8.32,,5.43,,,,,,,
SPA_F3(Mo),SPA,Q0,8.32,,5.43,,,,,,,
SPA_F3(Mo),SPA,Q1,8.32,,5.43,,,,,,,
SPA_M1(Bo),SPA,O1,8.32,,5.43,,,,,,,
SPA_M1(Bo),SPA,O2,8.32,,5.43,,,,,,,
SPA_M1(Bo),SPA,O3,8.32,,5.43,,,,,,,
SPA_M1(Bo),SPA,O4,8.32,,5.43,,,,,,,
SPA_M1(Bo),SPA,O6,8.32,,5.43,,,,,,,
SPA_M1(Bo),SPA,O8,8.32,,5.43,,,,,,,
SPA_M1(Bo),SPA,O9,8.32,,5.43,,,,,,,
SPA_M1(Bo),SPA,P0,8.32,,5.43,,,,,,,
SPA_M1(Bo),SPA,P1,8.32,,5.43,,,,,,,
SPA_M1(Bo),SPA,P2,8.32,,5.43,,,,,,,
SPA_M1(Bo),SPA,P3,8.32,,5.43,,,,,,,
SPA_M1(Bo),SPA,P8,8.32,,5.43,,,,,,,
SPA_M1(Bo),SPA,P9,8.32,,5.43,,,,,,,
SPA_M1(Bo),SPA,Q0,8.32,,5.43,,,,,,,
SPA_M1(Bo),SPA,Q1,8.32,,5.43,,,,,,,
SPA_M4(In),SPA,O1,8.32,,5.43,,,,,,,
SPA_M4(In),SPA,O2,8.32,,5.43,,,,,,,
SPA_M4(In),SPA,O3,8.32,,5.43,,,,,,,
SPA_M4(In),SPA,O4,8.32,,5.43,,,,,,,
SPA_M4(In),SPA,O6,8.32,,5.43,,,,,,,
SPA_M4(In),SPA,O8,8.32,,5.43,,,,,,,
SPA_M4(In),SPA,O9,8.32,,5.43,,,,,,,
SPA_M4(In),SPA,P0,8.32,,5.43,,,,,,,
SPA_M4(In),SPA,P1,8.32,,5.43,,,,,,,
SPA_M4(In),SPA,P2,8.32,,5.43,,,,,,,
SPA_M4(In),SPA,P3,8.32,,5.43,,,,,,,
SPA_M4(In),SPA,P8,8.32,,5.43,,,,,,,
SPA_M4(In),SPA,P9,8.32,,5.43,,,,,,,
SPA_M4(In),SPA,Q0,8.32,,5.43,,,,,,,
SPA_M4(In),SPA,Q1,8.32,,5.43,,,,,,,
SPA_M4(Ma),SPA,O1,8.32,,5.43,,,,,,,
SPA_M4(Ma),SPA,O2,8.32,,5.43,,,,,,,
SPA_M4(Ma),SPA,O3,8.32,,5.43,,,,,,,
SPA_M4(Ma),SPA,O4,8.32,,5.43,,,,,,,
SPA_M4(Ma),SPA,O6,8.32,,5.43,,,,,,,
SPA_M4(Ma),SPA,O8,8.32,,5.43,,,,,,,
SPA_M4(Ma),SPA,O9,8.32,,5.43,,,,,,,
SPA_M4(Ma),SPA,P0,8.32,,5.43,,,,,,,
SPA_M4(Ma),SPA,P1,8.32,,5.43,,,,,,,
SPA_M4(Ma),SPA,P2,8.32,,5.43,,,,,,,
SPA_M4(Ma),SPA,P3,8.32,,5.43,,,,,,,
SPA_M4(Ma),SPA,P8,8.32,,5.43,,,,,,,
SPA_M4(Ma),SPA,P9,8.32,,5.43,,,,,,,
SPA_M4(Ma),SPA,Q0,8.32,,5.43,,,,,,,
SPA_M4(Ma),SPA,Q1,8.32,,5.43,,,,,,,
SPA_M5(Ax),SPA,O1,8.32,,5.43,,,,,,,
SPA_M5(Ax),SPA,O2,8.32,,5.43,,,,,,,
SPA_M5(Ax),SPA,O3,8.32,,5.43,,,,,,,
SPA_M5(Ax),SPA,O4,8.32,,5.43,,,,,,,
SPA_M5(Ax),SPA,O6,8.32,,5.43,,,,,,,
SPA_M5(Ax),SPA,O8,8.32,,5.43,,,,,,,
SPA_M5(Ax),SPA,O9,8.32,,5.43,,,,,,,
SPA_M5(Ax),SPA,P0,8.32,,5.43,,,,,,,
SPA_M5(Ax),SPA,P1,8.32,,5.43,,,,,,,
SPA_M5(Ax),SPA,P2,8.32,,5.43,,,,,,,
SPA_M5(Ax),SPA,P3,8.32,,5.43,,,,,,,
SPA_M5(Ax),SPA,P8,8.32,,5.43,,,,,,,
SPA_M5(Ax),SPA,P9,8.32,,5.43,,,,,,,
SPA_M5(Ax),SPA,Q0,8.32,,5.43,,,,,,,
SPA_M5(Ax),SPA,Q1,8.32,,5.43,,,,,,,
SPA_M5(Jo),SPA,O1,8.32,,5.43,,,,,,,
SPA_M5(Jo),SPA,O2,8.32,,5.43,,,,,,,
SPA_M5(Jo),SPA,O3,8.32,,5.43,,,,,,,
SPA_M5(Jo),SPA,O4,8.32,,5.43,,,,,,,
SPA_M5(Jo),SPA,O6,8.32,,5.43,,,,,,,
SPA_M5(Jo),SPA,O8,8.32,,5.43,,,,,,,
SPA_M5(Jo),SPA,O9,8.32,,5.43,,,,,,,
SPA_M5(Jo),SPA,P0,8.32,,5.43,,,,,,,
SPA_M5(Jo),SPA,P1,8.32,,5.43,,,,,,,
SPA_M5(Jo),SPA,P2,8.32,,5.43,,,,,,,
SPA_M5(Jo),SPA,P3,8.32,,5.43,,,,,,,
SPA_M5(Jo),SPA,P8,8.32,,5.43,,,,,,,
SPA_M5(Jo),SPA,P9,8.32,,5.43,,,,,,,
SPA_M5(Jo),SPA,Q0,8.32,,5.43,,,,,,,
SPA_M5(Jo),SPA,Q1,8.32,,5.43,,,,,,,
SRP_F1(Li),SRP,O1,8.79,,5.47,,,,,,,
SRP_F1(Li),SRP,O2,8.79,,5.47,,,,,,,
SRP_F1(Li),SRP,O3,8.79,,5.47,,,,,,,
SRP_F1(Li),SRP,O4,8.79,,5.47,,,,,,,
SRP_F1(Li),SRP,O6,8.79,,5.47,,,,,,,
SRP_F1(Li),SRP,O8,8.79,,5.47,,,,,,,
SRP_F1(Li),SRP,O9,8.79,,5.47,,,,,,,
SRP_F1(Li),SRP,P0,8.79,,5.47,,,,,,,
SRP_F1(Li),SRP,P1,8.79,,5.47,,,,,,,
SRP_F1(Li),SRP,P2,8.79,,5.47,,,,,,,
SRP_F1(Li),SRP,P3,8.79,,5.47,,,,,,,
SRP_F1(Li),SRP,P8,8.79,,5.47,,,,,,,
SRP_F1(Li),SRP,P9,8.79,,5.47,,,,,,,
SRP_F1(Li),SRP,Q0,8.79,,5.47,,,,,,,
SRP_F1(Li),SRP,Q1,8.79,,5.47,,,,,,,
SRP_F2(Le),SRP,O1,8.79,,5.47,,,,,,,
SRP_F2(Le),SRP,O2,8.79,,5.47,,,,,,,
SRP_F2(Le),SRP,O3,8.79,,5.47,,,,,,,
SRP_F2(Le),SRP,O4,8.79,,5.47,,,,,,,
SRP_F2(Le),SRP,O6,8.79,,5.47,,,,,,,
SRP_F2(Le),SRP,O8,8.79,,5.47,,,,,,,
SRP_F2(Le),SRP,O9,8.79,,5.47,,,,,,,
SRP_F2(Le),SRP,P0,8.79,,5.47,,,,,,,
SRP_F2(Le),SRP,P1,8.79,,5.47,,,,,,,
SRP_F2(Le),SRP,P2,8.79,,5.47,,,,,,,
SRP_F2(Le),SRP,P3,8.79,,5.47,,,,,,,
SRP_F2(Le),SRP,P8,8.79,,5.47,,,,,,,
SRP_F2(Le),SRP,P9,8.79,,5.47,,,,,,,
SRP_F2(Le),SRP,Q0,8.79,,5.47,,,,,,,
SRP_F2(Le),SRP,Q1,8.79,,5.47,,,,,,,
SRP_F3(Je),SRP,O1,8.79,,5.47,,,,,,,
SRP_F3(Je),SRP,O2,8.79,,5.47,,,,,,,
SRP_F3(Je),SRP,O3,8.79,,5.47,,,,,,,
SRP_F3(Je),SRP,O4,8.79,,5.47,,,,,,,
SRP_F3(Je),SRP,O6,8.79,,5.47,,,,,,,
SRP_F3(Je),SRP,O8,8.79,,5.47,,,,,,,
SRP_F3(Je),SRP,O9,8.79,,5.47,,,,,,,
SRP_F3(Je),SRP,P0,8.79,,5.47,,,,,,,
SRP_F3(Je),SRP,P1,8.79,,5.47,,,,,,,
SRP_F3(Je),SRP,P2,8.79,,5.47,,,,,,,
SRP_F3(Je),SRP,P3,8.79,,5.47,,,,,,,
SRP_F3(Je),SRP,P8,8.79,,5.47,,,,,,,
SRP_F3(Je),SRP,P9,8.79,,5.47,,,,,,,
SRP_F3(Je),SRP,Q0,8.79,,5.47,,,,,,,
SRP_F3(Je),SRP,Q1,8.79,,5.47,,,,,,,
SRP_F4(So),SRP,O1,8.79,,5.47,,,,,,,
SRP_F4(So),SRP,O2,8.79,,5.47,,,,,,,
SRP_F4(So),SRP,O3,8.79,,5.47,,,,,,,
SRP_F4(So),SRP,O4,8.79,,5.47,,,,,,,
SRP_F4(So),SRP,O6,8.79,,5.47,,,,,,,
SRP_F4(So),SRP,O8,8.79,,5.47,,,,,,,
SRP_F4(So),SRP,O9,8.79,,5.47,,,,,,,
SRP_F4(So),SRP,P0,8.79,,5.47,,,,,,,
SRP_F4(So),SRP,P1,8.79,,5.47,,,,,,,
SRP_F4(So),SRP,P2,8.79,,5.47,,,,,,,
SRP_F4(So),SRP,P3,8.79,,5.47,,,,,,,
SRP_F4(So),SRP,P8,8.79,,5.47,,,,,,,
SRP_F4(So),SRP,P9,8.79,,5.47,,,,,,,
SRP_F4(So),SRP,Q0,8.79,,5.47,,,,,,,
SRP_F4(So),SRP,Q1,8.79,,5.47,,,,,,,
SRP_F5(Ol),SRP,O1,8.79,,5.47,,,,,,,
SRP_F5(Ol),SRP,O2,8.79,,5.47,,,,,,,
SRP_F5(Ol),SRP,O3,8.79,,5.47,,,,,,,
SRP_F5(Ol),SRP,O4,8.79,,5.47,,,,,,,
SRP_F5(Ol),SRP,O6,8.79,,5.47,,,,,,,
SRP_F5(Ol),SRP,O8,8.79,,5.47,,,,,,,
SRP_F5(Ol),SRP,O9,8.79,,5.47,,,,,,,
SRP_F5(Ol),SRP,P0,8.79,,5.47,,,,,,,
SRP_F5(Ol),SRP,P1,8.79,,5.47,,,,,,,
SRP_F5(Ol),SRP,P2,8.79,,5.47,,,,,,,
SRP_F5(Ol),SRP,P3,8.79,,5.47,,,,,,,
SRP_F5(Ol),SRP,P8,8.79,,5.47,,,,,,,
SRP_F5(Ol),SRP,P9,8.79,,5.47,,,,,,,
SRP_F5(Ol),SRP,Q0,8.79,,5.47,,,,,,,
SRP_F5(Ol),SRP,Q1,8.79,,5.47,,,,,,,
SRP_M1(Go),SRP,O1,8.79,,5.47,,,,,,,
SRP_M1(Go),SRP,O2,8.79,,5.47,,,,,,,
SRP_M1(Go),SRP,O3,8.79,,5.47,,,,,,,
SRP_M1(Go),SRP,O4,8.79,,5.47,,,,,,,
SRP_M1(Go),SRP,O6,8.79,,5.47,,,,,,,
SRP_M1(Go),SRP,O8,8.79,,5.47,,,,,,,
SRP_M1(Go),SRP,O9,8.79,,5.47,,,,,,,
SRP_M1(Go),SRP,P0,8.79,,5.47,,,,,,,
SRP_M1(Go),SRP,P1,8.79,,5.47,,,,,,,
SRP_M1(Go),SRP,P2,8.79,,5.47,,,,,,,
SRP_M1(Go),SRP,P3,8.79,,5.47,,,,,,,
SRP_M1(Go),SRP,P8,8.79,,5.47,,,,,,,
SRP_M1(Go),SRP,P9,8.79,,5.47,,,,,,,
SRP_M1(Go),SRP,Q0,8.79,,5.47,,,,,,,
SRP_M1(Go),SRP,Q1,8.79,,5.47,,,,,,,
SRP_M2(Iv),SRP,O1,8.79,,5.47,,,,,,,
SRP_M2(Iv),SRP,O2,8.79,,5.47,,,,,,,
SRP_M2(Iv),SRP,O3,8.79,,5.47,,,,,,,
SRP_M2(Iv),SRP,O4,8.79,,5.47,,,,,,,
SRP_M2(Iv),SRP,O6,8.79,,5.47,,,,,,,
SRP_M2(Iv),SRP,O8,8.79,,5.47,,,,,,,
SRP_M2(Iv),SRP,O9,8.79,,5.47,,,,,,,
SRP_M2(Iv),SRP,P0,8.79,,5.47,,,,,,,
SRP_M2(Iv),SRP,P1,8.79,,5.47,,,,,,,
SRP_M2(Iv),SRP,P2,8.79,,5.47,,,,,,,
SRP_M2(Iv),SRP,P3,8.79,,5.47,,,,,,,
SRP_M2(Iv),SRP,P8,8.79,,5.47,,,,,,,
SRP_M2(Iv),SRP,P9,8.79,,5.47,,,,,,,
SRP_M2(Iv),SRP,Q0,8.79,,5.47,,,,,,,
SRP_M2(Iv),SRP,Q1,8.79,,5.47,,,,,,,
SRP_M3(Pe),SRP,O1,8.79,,5.47,,,,,,,
SRP_M3(Pe),SRP,O2,8.79,,5.47,,,,,,,
SRP_M3(Pe),SRP,O3,8.79,,5.47,,,,,,,
SRP_M3(Pe),SRP,O4,8.79,,5.47,,,,,,,
SRP_M3(Pe),SRP,O6,8.79,,5.47,,,,,,,
SRP_M3(Pe),SRP,O8,8.79,,5.47,,,,,,,
SRP_M3(Pe),SRP,O9,8.79,,5.47,,,,,,,
SRP_M3(Pe),SRP,P0,8.79,,5.47,,,,,,,
SRP_M3(Pe),SRP,P1,8.79,,5.47,,,,,,,
SRP_M3(Pe),SRP,P2,8.79,,5.47,,,,,,,
SRP_M3(Pe),SRP,P3,8.79,,5.47,,,,,,,
SRP_M3(Pe),SRP,P8,8.79,,5.47,,,,,,,
SRP_M3(Pe),SRP,P9,8.79,,5.47,,,,,,,
SRP_M3(Pe),SRP,Q0,8.79,,5.47,,,,,,,
SRP_M3(Pe),SRP,Q1,8.79,,5.47,,,,,,,
SRP_M4(Vo),SRP,O1,8.79,,5.47,,,,,,,
SRP_M4(Vo),SRP,O2,8.79,,5.47,,,,,,,
SRP_M4(Vo),SRP,O3,8.79,,5.47,,,,,,,
SRP_M4(Vo),SRP,O4,8.79,,5.47,,,,,,,
SRP_M4(Vo),SRP,O6,8.79,,5.47,,,,,,,
SRP_M4(Vo),SRP,O8,8.79,,5.47,,,,,,,
SRP_M4(Vo),SRP,O9,8.79,,5.47,,,,,,,
SRP_M4(Vo),SRP,P0,8.79,,5.47,,,,,,,
SRP_M4(Vo),SRP,P1,8.79,,5.47,,,,,,,
SRP_M4(Vo),SRP,P2,8.79,,5.47,,,,,,,
SRP_M4(Vo),SRP,P3,8.79,,5.47,,,,,,,
SRP_M4(Vo),SRP,P8,8.79,,5.47,,,,,,,
SRP_M4(Vo),SRP,P9,8.79,,5.47,,,,,,,
SRP_M4(Vo),SRP,Q0,8.79,,5.47,,,,,,,
SRP_M4(Vo),SRP,Q1,8.79,,5.47,,,,,,,
SRP_M5(Ste),SRP,O1,8.79,,5.47,,,,,,,
SRP_M5(Ste),SRP,O2,8.79,,5.47,,,,,,,
SRP_M5(Ste),SRP,O3,8.79,,5.47,,,,,,,
SRP_M5(Ste),SRP,O4,8.79,,5.47,,,,,,,
SRP_M5(Ste),SRP,O6,8.79,,5.47,,,,,,,
SRP_M5(Ste),SRP,O8,8.79,,5.47,,,,,,,
SRP_M5(Ste),SRP,O9,8.79,,5.47,,,,,,,
SRP_M5(Ste),SRP,P0,8.79,,5.47,,,,,,,
SRP_M5(Ste),SRP,P1,8.79,,5.47,,,,,,,
SRP_M5(Ste),SRP,P2,8.79,,5.47,,,,,,,
SRP_M5(Ste),SRP,P3,8.79,,5.47,,,,,,,
SRP_M5(Ste),SRP,P8,8.79,,5.47,,,,,,,
SRP_M5(Ste),SRP,P9,8.79,,5.47,,,,,,,
SRP_M5(Ste),SRP,Q0,8.79,,5.47,,,,,,,
SRP_M5(Ste),SRP,Q1,8.79,,5.47,,,,,,,
THA_F1(Ja),THA,O1,9.13,,7.19,,,,,,,
THA_F1(Ja),THA,O2,9.13,,7.19,,,,,,,
THA_F1(Ja),THA,O3,9.13,,7.19,,,,,,,
THA_F1(Ja),THA,O4,9.13,,7.19,,,,,,,
THA_F1(Ja),THA,O6,9.13,,7.19,,,,,,,
THA_F1(Ja),THA,O8,9.13,,7.19,,,,,,,
THA_F1(Ja),THA,O9,9.13,,7.19,,,,,,,
THA_F1(Ja),THA,P0,9.13,,7.19,,,,,,,
THA_F1(Ja),THA,P1,9.13,,7.19,,,,,,,
THA_F1(Ja),THA,P2,9.13,,7.19,,,,,,,
THA_F1(Ja),THA,P3,9.13,,7.19,,,,,,,
THA_F1(Ja),THA,P8,9.13,,7.19,,,,,,,
THA_F1(Ja),THA,P9,9.13,,7.19,,,,,,,
THA_F1(Ja),THA,Q0,9.13,,7.19,,,,,,,
THA_F1(Ja),THA,Q1,9.13,,7.19,,,,,,,
THA_F2(Si),THA,O1,9.13,,7.19,,,,,,,
THA_F2(Si),THA,O2,9.13,,7.19,,,,,,,
THA_F2(Si),THA,O3,9.13,,7.19,,,,,,,
THA_F2(Si),THA,O4,9.13,,7.19,,,,,,,
THA_F2(Si),THA,O6,9.13,,7.19,,,,,,,
THA_F2(Si),THA,O8,9.13,,7.19,,,,,,,
THA_F2(Si),THA,O9,9.13,,7.19,,,,,,,
THA_F2(Si),THA,P0,9.13,,7.19,,,,,,,
THA_F2(Si),THA,P1,9.13,,7.19,,,,,,,
THA_F2(Si),THA,P2,9.13,,7.19,,,,,,,
THA_F2(Si),THA,P3,9.13,,7.19,,,,,,,
THA_F2(Si),THA,P8,9.13,,7.19,,,,,,,
THA_F2(Si),THA,P9,9.13,,7.19,,,,,,,
THA_F2(Si),THA,Q0,9.13,,7.19,,,,,,,
THA_F2(Si),THA,Q1,9.13,,7.19,,,,,,,
THA_F3(Fa),THA,O1,9.13,,7.19,,,,,,,
THA_F3(Fa),THA,O2,9.13,,7.19,,,,,,,
THA_F3(Fa),THA,O3,9.13,,7.19,,,,,,,
THA_F3(Fa),THA,O4,9.13,,7.19,,,,,,,
THA_F3(Fa),THA,O6,9.13,,7.19,,,,,,,
THA_F3(Fa),THA,O8,9.13,,7.19,,,,,,,
THA_F3(Fa),THA,O9,9.13,,7.19,,,,,,,
THA_F3(Fa),THA,P0,9.13,,7.19,,,,,,,
THA_F3(Fa),THA,P1,9.13,,7.19,,,,,,,
THA_F3(Fa),THA,P2,9.13,,7.19,,,,,,,
THA_F3(Fa),THA,P3,9.13,,7.19,,,,,,,
THA_F3(Fa),THA,P8,9.13,,7.19,,,,,,,
THA_F3(Fa),THA,P9,9.13,,7.19,,,,,,,
THA_F3(Fa),THA,Q0,9.13,,7.19,,,,,,,
THA_F3(Fa),THA,Q1,9.13,,7.19,,,,,,,
THA_F5(Ki),THA,O1,9.13,,7.19,,,,,,,
THA_F5(Ki),THA,O2,9.13,,7.19,,,,,,,
THA_F5(Ki),THA,O3,9.13,,7.19,,,,,,,
THA_F5(Ki),THA,O4,9.13,,7.19,,,,,,,
THA_F5(Ki),THA,O6,9.13,,7.19,,,,,,,
THA_F5(Ki),THA,O8,9.13,,7.19,,,,,,,
THA_F5(Ki),THA,O9,9.13,,7.19,,,,,,,
THA_F5(Ki),THA,P0,9.13,,7.19,,,,,,,
THA_F5(Ki),THA,P1,9.13,,7.19,,,,,,,
THA_F5(Ki),THA,P2,9.13,,7.19,,,,,,,
THA_F5(Ki),THA,P3,9.13,,7.19,,,,,,,
THA_F5(Ki),THA,P8,9.13,,7.19,,,,,,,
THA_F5(Ki),THA,P9,9.13,,7.19,,,,,,,
THA_F5(Ki),THA,Q0,9.13,,7.19,,,,,,,
THA_F5(Ki),THA,Q1,9.13,,7.19,,,,,,,
THA_F7(Pi),THA,O1,9.13,,7.19,,,,,,,
THA_F7(Pi),THA,O2,9.13,,7.19,,,,,,,
THA_F7(Pi),THA,O3,9.13,,7.19,,,,,,,
THA_F7(Pi),THA,O4,9.13,,7.19,,,,,,,
THA_F7(Pi),THA,O6,9.13,,7.19,,,,,,,
THA_F7(Pi),THA,O8,9.13,,7.19,,,,,,,
THA_F7(Pi),THA,O9,9.13,,7.19,,,,,,,
THA_F7(Pi),THA,P0,9.13,,7.19,,,,,,,
THA_F7(Pi),THA,P1,9.13,,7.19,,,,,,,
THA_F7(Pi),THA,P2,9.13,,7.19,,,,,,,
THA_F7(Pi),THA,P3,9.13,,7.19,,,,,,,
THA_F7(Pi),THA,P8,9.13,,7.19,,,,,,,
THA_F7(Pi),THA,P9,9.13,,7.19,,,,,,,
THA_F7(Pi),THA,Q0,9.13,,7.19,,,,,,,
THA_F7(Pi),THA,Q1,9.13,,7.19,,,,,,,
THA_M1(Pa),THA,O1,9.13,,7.19,,,,,,,
THA_M1(Pa),THA,O2,9.13,,7.19,,,,,,,
THA_M1(Pa),THA,O3,9.13,,7.19,,,,,,,
THA_M1(Pa),THA,O4,9.13,,7.19,,,,,,,
THA_M1(Pa),THA,O6,9.13,,7.19,,,,,,,
THA_M1(Pa),THA,O8,9.13,,7.19,,,,,,,
THA_M1(Pa),THA,O9,9.13,,7.19,,,,,,,
THA_M1(Pa),THA,P0,9.13,,7.19,,,,,,,
THA_M1(Pa),THA,P1,9.13,,7.19,,,,,,,
THA_M1(Pa),THA,P2,9.13,,7.19,,,,,,,
THA_M1(Pa),THA,P3,9.13,,7.19,,,,,,,
THA_M1(Pa),THA,P8,9.13,,7.19,,,,,,,
THA_M1(Pa),THA,P9,9.13,,7.19,,,,,,,
THA_M1(Pa),THA,Q0,9.13,,7.19,,,,,,,
THA_M1(Pa),THA,Q1,9.13,,7.19,,,,,,,
THA_M2(Ra),THA,O1,9.13,,7.19,,,,,,,
THA_M2(Ra),THA,O2,9.13,,7.19,,,,,,,
THA_M2(Ra),THA,O3,9.13,,7.19,,,,,,,
THA_M2(Ra),THA,O4,9.13,,7.19,,,,,,,
THA_M2(Ra),THA,O6,9.13,,7.19,,,,,,,
THA_M2(Ra),THA,O8,9.13,,7.19,,,,,,,
THA_M2(Ra),THA,O9,9.13,,7.19,,,,,,,
THA_M2(Ra),THA,P0,9.13,,7.19,,,,,,,
THA_M2(Ra),THA,P1,9.13,,7.19,,,,,,,
THA_M2(Ra),THA,P2,9.13,,7.19,,,,,,,
THA_M2(Ra),THA,P3,9.13,,7.19,,,,,,,
THA_M2(Ra),THA,P8,9.13,,7.19,,,,,,,
THA_M2(Ra),THA,P9,9.13,,7.19,,,,,,,
THA_M2(Ra),THA,Q0,9.13,,7.19,,,,,,,
THA_M2(Ra),THA,Q1,9.13,,7.19,,,,,,,
THA_M3(Shi),THA,O1,9.13,,7.19,,,,,,,
THA_M3(Shi),THA,O2,9.13,,7.19,,,,,,,
THA_M3(Shi),THA,O3,9.13,,7.19,,,,,,,
THA_M3(Shi),THA,O4,9.13,,7.19,,,,,,,
THA_M3(Shi),THA,O6,9.13,,7.19,,,,,,,
THA_M3(Shi),THA,O8,9.13,,7.19,,,,,,,
THA_M3(Shi),THA,O9,9.13,,7.19,,,,,,,
THA_M3(Shi),THA,P0,9.13,,7.19,,,,,,,
THA_M3(Shi),THA,P1,9.13,,7.19,,,,,,,
THA_M3(Shi),THA,P2,9.13,,7.19,,,,,,,
THA_M3(Shi),THA,P3,9.13,,7.19,,,,,,,
THA_M3(Shi),THA,P8,9.13,,7.19,,,,,,,
THA_M3(Shi),THA,P9,9.13,,7.19,,,,,,,
THA_M3(Shi),THA,Q0,9.13,,7.19,,,,,,,
THA_M3(Shi),THA,Q1,9.13,,7.19,,,,,,,
THA_M4(Su),THA,O1,9.13,,7.19,,,,,,,
THA_M4(Su),THA,O2,9.13,,7.19,,,,,,,
THA_M4(Su),THA,O3,9.13,,7.19,,,,,,,
THA_M4(Su),THA,O4,9.13,,7.19,,,,,,,
THA_M4(Su),THA,O6,9.13,,7.19,,,,,,,
THA_M4(Su),THA,O8,9.13,,7.19,,,,,,,
THA_M4(Su),THA,O9,9.13,,7.19,,,,,,,
THA_M4(Su),THA,P0,9.13,,7.19,,,,,,,
THA_M4(Su),THA,P1,9.13,,7.19,,,,,,,
THA_M4(Su),THA,P2,9.13,,7.19,,,,,,,
THA_M4(Su),THA,P3,9.13,,7.19,,,,,,,
THA_M4(Su),THA,P8,9.13,,7.19,,,,,,,
THA_M4(Su),THA,P9,9.13,,7.19,,,,,,,
THA_M4(Su),THA,Q0,9.13,,7.19,,,,,,,
THA_M4(Su),THA,Q1,9.13,,7.19,,,,,,,
THA_M5(Ik),THA,O1,9.13,,7.19,,,,,,,
THA_M5(Ik),THA,O2,9.13,,7.19,,,,,,,
THA_M5(Ik),THA,O3,9.13,,7.19,,,,,,,
THA_M5(Ik),THA,O4,9.13,,7.19,,,,,,,
THA_M5(Ik),THA,O6,9.13,,7.19,,,,,,,
THA_M5(Ik),THA,O8,9.13,,7.19,,,,,,,
THA_M5(Ik),THA,O9,9.13,,7.19,,,,,,,
THA_M5(Ik),THA,P0,9.13,,7.19,,,,,,,
THA_M5(Ik),THA,P1,9.13,,7.19,,,,,,,
THA_M5(Ik),THA,P2,9.13,,7.19,,,,,,,
THA_M5(Ik),THA,P3,9.13,,7.19,,,,,,,
THA_M5(Ik),THA,P8,9.13,,7.19,,,,,,,
THA_M5(Ik),THA,P9,9.13,,7.19,,,,,,,
THA_M5(Ik),THA,Q0,9.13,,7.19,,,,,,,
THA_M5(Ik),THA,Q1,9.13,,7.19,,,,,,,
TUR_F1(Em),TUR,O1,9.19,,5.34,,,,,,,
TUR_F1(Em),TUR,O2,9.19,,5.34,,,,,,,
TUR_F1(Em),TUR,O3,9.19,,5.34,,,,,,,
TUR_F1(Em),TUR,O4,9.19,,5.34,,,,,,,
TUR_F1(Em),TUR,O6,9.19,,5.34,,,,,,,
TUR_F1(Em),TUR,O8,9.19,,5.34,,,,,,,
TUR_F1(Em),TUR,O9,9.19,,5.34,,,,,,,
TUR_F1(Em),TUR,P0,9.19,,5.34,,,,,,,
TUR_F1(Em),TUR,P1,9.19,,5.34,,,,,,,
TUR_F1(Em),TUR,P2,9.19,,5.34,,,,,,,
TUR_F1(Em),TUR,P3,9.19,,5.34,,,,,,,
TUR_F1(Em),TUR,P8,9.19,,5.34,,,,,,,
TUR_F1(Em),TUR,P9,9.19,,5.34,,,,,,,
TUR_F1(Em),TUR,Q0,9.19,,5.34,,,,,,,
TUR_F1(Em),TUR,Q1,9.19,,5.34,,,,,,,
TUR_F2(Fe),TUR,O1,9.19,,5.34,,,,,,,
TUR_F2(Fe),TUR,O2,9.19,,5.34,,,,,,,
TUR_F2(Fe),TUR,O3,9.19,,5.34,,,,,,,
TUR_F2(Fe),TUR,O4,9.19,,5.34,,,,,,,
TUR_F2(Fe),TUR,O6,9.19,,5.34,,,,,,,
TUR_F2(Fe),TUR,O8,9.19,,5.34,,,,,,,
TUR_F2(Fe),TUR,O9,9.19,,5.34,,,,,,,
TUR_F2(Fe),TUR,P0,9.19,,5.34,,,,,,,
TUR_F2(Fe),TUR,P1,9.19,,5.34,,,,,,,
TUR_F2(Fe),TUR,P2,9.19,,5.34,,,,,,,
TUR_F2(Fe),TUR,P3,9.19,,5.34,,,,,,,
TUR_F2(Fe),TUR,P8,9.19,,5.34,,,,,,,
TUR_F2(Fe),TUR,P9,9.19,,5.34,,,,,,,
TUR_F2(Fe),TUR,Q0,9.19,,5.34,,,,,,,
TUR_F2(Fe),TUR,Q1,9.19,,5.34,,,,,,,
TUR_F3(Be),TUR,O1,9.19,,5.34,,,,,,,
TUR_F3(Be),TUR,O2,9.19,,5.34,,,,,,,
TUR_F3(Be),TUR,O3,9.19,,5.34,,,,,,,
TUR_F3(Be),TUR,O4,9.19,,5.34,,,,,,,
TUR_F3(Be),TUR,O6,9.19,,5.34,,,,,,,
TUR_F3(Be),TUR,O8,9.19,,5.34,,,,,,,
TUR_F3(Be),TUR,O9,9.19,,5.34,,,,,,,
TUR_F3(Be),TUR,P0,9.19,,5.34,,,,,,,
TUR_F3(Be),TUR,P1,9.19,,5.34,,,,,,,
TUR_F3(Be),TUR,P2,9.19,,5.34,,,,,,,
TUR_F3(Be),TUR,P3,9.19,,5.34,,,,,,,
TUR_F3(Be),TUR,P8,9.19,,5.34,,,,,,,
TUR_F3(Be),TUR,P9,9.19,,5.34,,,,,,,
TUR_F3(Be),TUR,Q0,9.19,,5.34,,,,,,,
TUR_F3(Be),TUR,Q1,9.19,,5.34,,,,,,,
TUR_F4(Ra),TUR,O1,9.19,,5.34,,,,,,,
TUR_F4(Ra),TUR,O2,9.19,,5.34,,,,,,,
TUR_F4(Ra),TUR,O3,9.19,,5.34,,,,,,,
TUR_F4(Ra),TUR,O4,9.19,,5.34,,,,,,,
TUR_F4(Ra),TUR,O6,9.19,,5.34,,,,,,,
TUR_F4(Ra),TUR,O8,9.19,,5.34,,,,,,,
TUR_F4(Ra),TUR,O9,9.19,,5.34,,,,,,,
TUR_F4(Ra),TUR,P0,9.19,,5.34,,,,,,,
TUR_F4(Ra),TUR,P1,9.19,,5.34,,,,,,,
TUR_F4(Ra),TUR,P2,9.19,,5.34,,,,,,,
TUR_F4(Ra),TUR,P3,9.19,,5.34,,,,,,,
TUR_F4(Ra),TUR,P8,9.19,,5.34,,,,,,,
TUR_F4(Ra),TUR,P9,9.19,,5.34,,,,,,,
TUR_F4(Ra),TUR,Q0,9.19,,5.34,,,,,,,
TUR_F4(Ra),TUR,Q1,9.19,,5.34,,,,,,,
TUR_F5(Nu),TUR,O1,9.19,,5.34,,,,,,,
TUR_F5(Nu),TUR,O2,9.19,,5.34,,,,,,,
TUR_F5(Nu),TUR,O3,9.19,,5.34,,,,,,,
TUR_F5(Nu),TUR,O4,9.19,,5.34,,,,,,,
TUR_F5(Nu),TUR,O6,9.19,,5.34,,,,,,,
TUR_F5(Nu),TUR,O8,9.19,,5.34,,,,,,,
TUR_F5(Nu),TUR,O9,9.19,,5.34,,,,,,,
TUR_F5(Nu),TUR,P0,9.19,,5.34,,,,,,,
TUR_F5(Nu),TUR,P1,9.19,,5.34,,,,,,,
TUR_F5(Nu),TUR,P2,9.19,,5.34,,,,,,,
TUR_F5(Nu),TUR,P3,9.19,,5.34,,,,,,,
TUR_F5(Nu),TUR,P8,9.19,,5.34,,,,,,,
TUR_F5(Nu),TUR,P9,9.19,,5.34,,,,,,,
TUR_F5(Nu),TUR,Q0,9.19,,5.34,,,,,,,
TUR_F5(Nu),TUR,Q1,9.19,,5.34,,,,,,,
TUR_M1(Ta),TUR,O1,9.19,,5.34,,,,,,,
TUR_M1(Ta),TUR,O2,9.19,,5.34,,,,,,,
TUR_M1(Ta),TUR,O3,9.19,,5.34,,,,,,,
TUR_M1(Ta),TUR,O4,9.19,,5.34,,,,,,,
TUR_M1(Ta),TUR,O6,9.19,,5.34,,,,,,,
TUR_M1(Ta),TUR,O8,9.19,,5.34,,,,,,,
TUR_M1(Ta),TUR,O9,9.19,,5.34,,,,,,,
TUR_M1(Ta),TUR,P0,9.19,,5.34,,,,,,,
TUR_M1(Ta),TUR,P1,9.19,,5.34,,,,,,,
TUR_M1(Ta),TUR,P2,9.19,,5.34,,,,,,,
TUR_M1(Ta),TUR,P3,9.19,,5.34,,,,,,,
TUR_M1(Ta),TUR,P8,9.19,,5.34,,,,,,,
TUR_M1(Ta),TUR,P9,9.19,,5.34,,,,,,,
TUR_M1(Ta),TUR,Q0,9.19,,5.34,,,,,,,
TUR_M1(Ta),TUR,Q1,9.19,,5.34,,,,,,,
TUR_M2(Al),TUR,O1,9.19,,5.34,,,,,,,
TUR_M2(Al),TUR,O2,9.19,,5.34,,,,,,,
TUR_M2(Al),TUR,O3,9.19,,5.34,,,,,,,
TUR_M2(Al),TUR,O4,9.19,,5.34,,,,,,,
TUR_M2(Al),TUR,O6,9.19,,5.34,,,,,,,
TUR_M2(Al),TUR,O8,9.19,,5.34,,,,,,,
TUR_M2(Al),TUR,O9,9.19,,5.34,,,,,,,
TUR_M2(Al),TUR,P0,9.19,,5.34,,,,,,,
TUR_M2(Al),TUR,P1,9.19,,5.34,,,,,,,
TUR_M2(Al),TUR,P2,9.19,,5.34,,,,,,,
TUR_M2(Al),TUR,P3,9.19,,5.34,,,,,,,
TUR_M2(Al),TUR,P8,9.19,,5.34,,,,,,,
TUR_M2(Al),TUR,P9,9.19,,5.34,,,,,,,
TUR_M2(Al),TUR,Q0,9.19,,5.34,,,,,,,
TUR_M2(Al),TUR,Q1,9.19,,5.34,,,,,,,
TUR_M3(En),TUR,O2,9.19,,5.34,,,,,,,
TUR_M3(En),TUR,O3,9.19,,5.34,,,,,,,
TUR_M3(En),TUR,O4,9.19,,5.34,,,,,,,
TUR_M3(En),TUR,O6,9.19,,5.34,,,,,,,
TUR_M3(En),TUR,O8,9.19,,5.34,,,,,,,
TUR_M3(En),TUR,O9,9.19,,5.34,,,,,,,
TUR_M3(En),TUR,P0,9.19,,5.34,,,,,,,
TUR_M3(En),TUR,P1,9.19,,5.34,,,,,,,
TUR_M3(En),TUR,P2,9.19,,5.34,,,,,,,
TUR_M3(En),TUR,P3,9.19,,5.34,,,,,,,
TUR_M3(En),TUR,P8,9.19,,5.34,,,,,,,
TUR_M3(En),TUR,P9,9.19,,5.34,,,,,,,
TUR_M3(En),TUR,Q0,9.19,,5.34,,,,,,,
TUR_M3(En),TUR,Q1,9.19,,5.34,,,,,,,
TUR_M4(An),TUR,O1,9.19,,5.34,,,,,,,
TUR_M4(An),TUR,O2,9.19,,5.34,,,,,,,
TUR_M4(An),TUR,O3,9.19,,5.34,,,,,,,
TUR_M4(An),TUR,O4,9.19,,5.34,,,,,,,
TUR_M4(An),TUR,O6,9.19,,5.34,,,,,,,
TUR_M4(An),TUR,O8,9.19,,5.34,,,,,,,
TUR_M4(An),TUR,O9,9.19,,5.34,,,,,,,
TUR_M4(An),TUR,P0,9.19,,5.34,,,,,,,
TUR_M4(An),TUR,P1,9.19,,5.34,,,,,,,
TUR_M4(An),TUR,P2,9.19,,5.34,,,,,,,
TUR_M4(An),TUR,P3,9.19,,5.34,,,,,,,
TUR_M4(An),TUR,P8,9.19,,5.34,,,,,,,
TUR_M4(An),TUR,P9,9.19,,5.34,,,,,,,
TUR_M4(An),TUR,Q0,9.19,,5.34,,,,,,,
TUR_M4(An),TUR,Q1,9.19,,5.34,,,,,,,
TUR_M5(Me),TUR,O1,9.19,,5.34,,,,,,,
TUR_M5(Me),TUR,O2,9.19,,5.34,,,,,,,
TUR_M5(Me),TUR,O3,9.19,,5.34,,,,,,,
TUR_M5(Me),TUR,O4,9.19,,5.34,,,,,,,
TUR_M5(Me),TUR,O6,9.19,,5.34,,,,,,,
TUR_M5(Me),TUR,O8,9.19,,5.34,,,,,,,
TUR_M5(Me),TUR,O9,9.19,,5.34,,,,,,,
TUR_M5(Me),TUR,P0,9.19,,5.34,,,,,,,
TUR_M5(Me),TUR,P1,9.19,,5.34,,,,,,,
TUR_M5(Me),TUR,P2,9.19,,5.34,,,,,,,
TUR_M5(Me),TUR,P3,9.19,,5.34,,,,,,,
TUR_M5(Me),TUR,P8,9.19,,5.34,,,,,,,
TUR_M5(Me),TUR,P9,9.19,,5.34,,,,,,,
TUR_M5(Me),TUR,Q0,9.19,,5.34,,,,,,,
TUR_M5(Me),TUR,Q1,9.19,,5.34,,,,,,,
VIE_F1(DTND),VIE,O1,9.72,9.720546565222495,8.02,2.171250207636948,0.0581168452040594,0.0,51.748,11.559,0.309,0.0
VIE_F1(DTND),VIE,O2,9.72,9.720546565222495,8.02,2.171250207636948,0.0581168452040594,0.0,40.038,8.943,0.239,0.0
VIE_F1(DTND),VIE,O3,9.72,9.720546565222495,8.02,2.171250207636948,0.0581168452040594,0.0,50.879,11.365,0.304,0.0
VIE_F1(DTND),VIE,O4,9.72,9.720546565222495,8.02,2.171250207636948,0.0581168452040594,0.0,48.576,10.85,0.29,0.0
VIE_F1(DTND),VIE,O6,9.72,9.720546565222495,8.02,2.171250207636948,0.0581168452040594,0.0,46.644,10.419,0.279,0.0
VIE_F1(DTND),VIE,O8,9.72,9.720546565222495,8.02,2.171250207636948,0.0581168452040594,0.0,50.472,11.274,0.302,0.0
VIE_F1(DTND),VIE,O9,9.72,9.720546565222495,8.02,2.171250207636948,0.0581168452040594,0.0,49.777,11.118,0.298,0.0
VIE_F1(DTND),VIE,P0,9.72,9.720546565222495,8.02,2.171250207636948,0.0581168452040594,0.0,52.53,11.734,0.314,0.0
VIE_F1(DTND),VIE,P1,9.72,9.720546565222495,8.02,2.171250207636948,0.0581168452040594,0.0,47.796,10.676,0.286,0.0
VIE_F1(DTND),VIE,P2,9.72,9.720546565222495,8.02,2.171250207636948,0.0581168452040594,0.0,48.662,10.87,0.291,0.0
VIE_F1(DTND),VIE,P3,9.72,9.720546565222495,8.02,2.171250207636948,0.0581168452040594,0.0,49.158,10.98,0.294,0.0
VIE_F1(DTND),VIE,P8,9.72,9.720546565222495,8.02,2.171250207636948,0.0581168452040594,0.0,43.148,9.638,0.258,0.0
VIE_F1(DTND),VIE,P9,9.72,9.720546565222495,8.02,2.171250207636948,0.0581168452040594,0.0,47.68,10.65,0.285,0.0
VIE_F1(DTND),VIE,Q0,9.72,9.720546565222495,8.02,2.171250207636948,0.0581168452040594,0.0,49.806,11.125,0.298,0.0
VIE_F1(DTND),VIE,Q1,9.72,9.720546565222495,8.02,2.171250207636948,0.0581168452040594,0.0,51.902,11.593,0.31,0.0
VIE_F2(DTNH),VIE,O1,9.72,9.720546565222495,8.02,2.171250207636948,0.0581168452040594,0.0,48.987,10.942,0.293,0.0
VIE_F2(DTNH),VIE,O2,9.72,9.720546565222495,8.02,2.171250207636948,0.0581168452040594,0.0,51.99,11.613,0.311,0.0
VIE_F2(DTNH),VIE,O3,9.72,9.720546565222495,8.02,2.171250207636948,0.0581168452040594,0.0,51.3,11.459,0.307,0.0
VIE_F2(DTNH),VIE,O4,9.72,9.720546565222495,8.02,2.171250207636948,0.0581168452040594,0.0,51.072,11.408,0.305,0.0
VIE_F2(DTNH),VIE,O6,9.72,9.720546565222495,8.02,2.171250207636948,0.0581168452040594,0.0,53.389,11.925,0.319,0.0
VIE_F2(DTNH),VIE,O8,9.72,9.720546565222495,8.02,2.171250207636948,0.0581168452040594,0.0,50.311,11.238,0.301,0.0
VIE_F2(DTNH),VIE,O9,9.72,9.720546565222495,8.02,2.171250207636948,0.0581168452040594,0.0,46.914,10.479,0.28,0.0
VIE_F2(DTNH),VIE,P0,9.72,9.720546565222495,8.02,2.171250207636948,0.0581168452040594,0.0,48.467,10.826,0.29,0.0
VIE_F2(DTNH),VIE,P1,9.72,9.720546565222495,8.02,2.171250207636948,0.0581168452040594,0.0,49.043,10.955,0.293,0.0
VIE_F2(DTNH),VIE,P2,9.72,9.720546565222495,8.02,2.171250207636948,0.0581168452040594,0.0,52.294,11.681,0.313,0.0
VIE_F2(DTNH),VIE,P3,9.72,9.720546565222495,8.02,2.171250207636948,0.0581168452040594,0.0,48.311,10.791,0.289,0.0
VIE_F2(DTNH),VIE,P8,9.72,9.720546565222495,8.02,2.171250207636948,0.0581168452040594,0.0,49.458,11.047,0.296,0.0
VIE_F2(DTNH),VIE,P9,9.72,9.720546565222495,8.02,2.171250207636948,0.0581168452040594,0.0,48.843,10.91,0.292,0.0
VIE_F2(DTNH),VIE,Q0,9.72,9.720546565222495,8.02,2.171250207636948,0.0581168452040594,0.0,49.958,11.159,0.299,0.0
VIE_F2(DTNH),VIE,Q1,9.72,9.720546565222495,8.02,2.171250207636948,0.0581168452040594,0.0,47.863,10.691,0.286,0.0
VIE_F3(Ly),VIE,O1,9.72,9.720546565222495,8.02,2.171250207636948,0.0581168452040594,0.0,52.543,11.736,0.314,0.0
VIE_F3(Ly),VIE,O2,9.72,9.720546565222495,8.02,2.171250207636948,0.0581168452040594,0.0,51.226,11.442,0.306,0.0
VIE_F3(Ly),VIE,O3,9.72,9.720546565222495,8.02,2.171250207636948,0.0581168452040594,0.0,57.716,12.892,0.345,0.0
VIE_F3(Ly),VIE,O4,9.72,9.720546565222495,8.02,2.171250207636948,0.0581168452040594,0.0,44.328,9.901,0.265,0.0
VIE_F3(Ly),VIE,O6,9.72,9.720546565222495,8.02,2.171250207636948,0.0581168452040594,0.0,49.536,11.065,0.296,0.0
VIE_F3(Ly),VIE,O8,9.72,9.720546565222495,8.02,2.171250207636948,0.0581168452040594,0.0,54.723,12.223,0.327,0.0
VIE_F3(Ly),VIE,O9,9.72,9.720546565222495,8.02,2.171250207636948,0.0581168452040594,0.0,48.657,10.868,0.291,0.0
VIE_F3(Ly),VIE,P0,9.72,9.720546565222495,8.02,2.171250207636948,0.0581168452040594,0.0,50.83,11.354,0.304,0.0
VIE_F3(Ly),VIE,P1,9.72,9.720546565222495,8.02,2.171250207636948,0.0581168452040594,0.0,52.69,11.769,0.315,0.0
VIE_F3(Ly),VIE,P2,9.72,9.720546565222495,8.02,2.171250207636948,0.0581168452040594,0.0,50.913,11.372,0.304,0.0
VIE_F3(Ly),VIE,P3,9.72,9.720546565222495,8.02,2.171250207636948,0.0581168452040594,0.0,50.235,11.221,0.3,0.0
VIE_F3(Ly),VIE,P8,9.72,9.720546565222495,8.02,2.171250207636948,0.0581168452040594,0.0,54.797,12.24,0.328,0.0
VIE_F3(Ly),VIE,P9,9.72,9.720546565222495,8.02,2.171250207636948,0.0581168452040594,0.0,46.073,10.291,0.275,0.0
VIE_F3(Ly),VIE,Q0,9.72,9.720546565222495,8.02,2.171250207636948,0.0581168452040594,0.0,54.003,12.063,0.323,0.0
VIE_F3(Ly),VIE,Q1,9.72,9.720546565222495,8.02,2.171250207636948,0.0581168452040594,0.0,51.044,11.402,0.305,0.0
VIE_F4(Ma),VIE,O1,9.72,9.720546565222495,8.02,2.171250207636948,0.0581168452040594,0.0,39.209,8.758,0.234,0.0
VIE_F4(Ma),VIE,O2,9.72,9.720546565222495,8.02,2.171250207636948,0.0581168452040594,0.0,47.603,10.633,0.285,0.0
VIE_F4(Ma),VIE,O3,9.72,9.720546565222495,8.02,2.171250207636948,0.0581168452040594,0.0,42.822,9.565,0.256,0.0
VIE_F4(Ma),VIE,O4,9.72,9.720546565222495,8.02,2.171250207636948,0.0581168452040594,0.0,47.162,10.534,0.282,0.0
VIE_F4(Ma),VIE,O6,9.72,9.720546565222495,8.02,2.171250207636948,0.0581168452040594,0.0,46.695,10.43,0.279,0.0
VIE_F4(Ma),VIE,O8,9.72,9.720546565222495,8.02,2.171250207636948,0.0581168452040594,0.0,43.405,9.695,0.26,0.0
VIE_F4(Ma),VIE,O9,9.72,9.720546565222495,8.02,2.171250207636948,0.0581168452040594,0.0,45.579,10.181,0.273,0.0
VIE_F4(Ma),VIE,P0,9.72,9.720546565222495,8.02,2.171250207636948,0.0581168452040594,0.0,43.074,9.621,0.258,0.0
VIE_F4(Ma),VIE,P1,9.72,9.720546565222495,8.02,2.171250207636948,0.0581168452040594,0.0,44.666,9.977,0.267,0.0
VIE_F4(Ma),VIE,P2,9.72,9.720546565222495,8.02,2.171250207636948,0.0581168452040594,0.0,42.9,9.582,0.256,0.0
VIE_F4(Ma),VIE,P3,9.72,9.720546565222495,8.02,2.171250207636948,0.0581168452040594,0.0,44.72,9.989,0.267,0.0
VIE_F4(Ma),VIE,P8,9.72,9.720546565222495,8.02,2.171250207636948,0.0581168452040594,0.0,43.475,9.711,0.26,0.0
VIE_F4(Ma),VIE,P9,9.72,9.720546565222495,8.02,2.171250207636948,0.0581168452040594,0.0,46.124,10.303,0.276,0.0
VIE_F4(Ma),VIE,Q0,9.72,9.720546565222495,8.02,2.171250207636948,0.0581168452040594,0.0,47.698,10.654,0.285,0.0
VIE_F4(Ma),VIE,Q1,9.72,9.720546565222495,8.02,2.171250207636948,0.0581168452040594,0.0,42.542,9.503,0.254,0.0
VIE_F5(Vu),VIE,O1,9.72,9.720546565222495,8.02,2.171250207636948,0.0581168452040594,0.0,47.225,10.549,0.282,0.0
VIE_F5(Vu),VIE,O2,9.72,9.720546565222495,8.02,2.171250207636948,0.0581168452040594,0.0,47.739,10.663,0.285,0.0
VIE_F5(Vu),VIE,O3,9.72,9.720546565222495,8.02,2.171250207636948,0.0581168452040594,0.0,47.806,10.678,0.286,0.0
VIE_F5(Vu),VIE,O4,9.72,9.720546565222495,8.02,2.171250207636948,0.0581168452040594,0.0,48.101,10.744,0.288,0.0
VIE_F5(Vu),VIE,O6,9.72,9.720546565222495,8.02,2.171250207636948,0.0581168452040594,0.0,45.518,10.167,0.272,0.0
VIE_F5(Vu),VIE,O8,9.72,9.720546565222495,8.02,2.171250207636948,0.0581168452040594,0.0,51.291,11.457,0.307,0.0
VIE_F5(Vu),VIE,O9,9.72,9.720546565222495,8.02,2.171250207636948,0.0581168452040594,0.0,50.096,11.19,0.3,0.0
VIE_F5(Vu),VIE,P0,9.72,9.720546565222495,8.02,2.171250207636948,0.0581168452040594,0.0,48.829,10.907,0.292,0.0
VIE_F5(Vu),VIE,P1,9.72,9.720546565222495,8.02,2.171250207636948,0.0581168452040594,0.0,52.561,11.74,0.314,0.0
VIE_F5(Vu),VIE,P2,9.72,9.720546565222495,8.02,2.171250207636948,0.0581168452040594,0.0,47.24,10.552,0.282,0.0
VIE_F5(Vu),VIE,P3,9.72,9.720546565222495,8.02,2.171250207636948,0.0581168452040594,0.0,50.759,11.338,0.303,0.0
VIE_F5(Vu),VIE,P8,9.72,9.720546565222495,8.02,2.171250207636948,0.0581168452040594,0.0,53.562,11.964,0.32,0.0
VIE_F5(Vu),VIE,P9,9.72,9.720546565222495,8.02,2.171250207636948,0.0581168452040594,0.0,49.149,10.978,0.294,0.0
VIE_F5(Vu),VIE,Q0,9.72,9.720546565222495,8.02,2.171250207636948,0.0581168452040594,0.0,52.81,11.796,0.316,0.0
VIE_F5(Vu),VIE,Q1,9.72,9.720546565222495,8.02,2.171250207636948,0.0581168452040594,0.0,50.82,11.352,0.304,0.0
VIE_M1(NCP1),VIE,O1,9.72,9.720546565222495,8.02,2.171250207636948,0.0581168452040594,0.0,46.977,10.493,0.281,0.0
VIE_M1(NCP1),VIE,O2,9.72,9.720546565222495,8.02,2.171250207636948,0.0581168452040594,0.0,37.6,8.399,0.225,0.0
VIE_M1(NCP1),VIE,O3,9.72,9.720546565222495,8.02,2.171250207636948,0.0581168452040594,0.0,46.893,10.474,0.28,0.0
VIE_M1(NCP1),VIE,O4,9.72,9.720546565222495,8.02,2.171250207636948,0.0581168452040594,0.0,44.213,9.876,0.264,0.0
VIE_M1(NCP1),VIE,O6,9.72,9.720546565222495,8.02,2.171250207636948,0.0581168452040594,0.0,42.773,9.554,0.256,0.0
VIE_M1(NCP1),VIE,O8,9.72,9.720546565222495,8.02,2.171250207636948,0.0581168452040594,0.0,47.699,10.654,0.285,0.0
VIE_M1(NCP1),VIE,O9,9.72,9.720546565222495,8.02,2.171250207636948,0.0581168452040594,0.0,42.9,9.582,0.256,0.0
VIE_M1(NCP1),VIE,P0,9.72,9.720546565222495,8.02,2.171250207636948,0.0581168452040594,0.0,43.652,9.75,0.261,0.0
VIE_M1(NCP1),VIE,P1,9.72,9.720546565222495,8.02,2.171250207636948,0.0581168452040594,0.0,39.417,8.804,0.236,0.0
VIE_M1(NCP1),VIE,P2,9.72,9.720546565222495,8.02,2.171250207636948,0.0581168452040594,0.0,43.811,9.786,0.262,0.0
VIE_M1(NCP1),VIE,P3,9.72,9.720546565222495,8.02,2.171250207636948,0.0581168452040594,0.0,45.49,10.161,0.272,0.0
VIE_M1(NCP1),VIE,P8,9.72,9.720546565222495,8.02,2.171250207636948,0.0581168452040594,0.0,45.072,10.068,0.269,0.0
VIE_M1(NCP1),VIE,P9,9.72,9.720546565222495,8.02,2.171250207636948,0.0581168452040594,0.0,41.496,9.269,0.248,0.0
VIE_M1(NCP1),VIE,Q0,9.72,9.720546565222495,8.02,2.171250207636948,0.0581168452040594,0.0,48.151,10.755,0.288,0.0
VIE_M1(NCP1),VIE,Q1,9.72,9.720546565222495,8.02,2.171250207636948,0.0581168452040594,0.0,45.212,10.099,0.27,0.0
VIE_M2(NVS1),VIE,O1,9.72,9.720546565222495,8.02,2.171250207636948,0.0581168452040594,0.0,46.626,10.415,0.279,0.0
VIE_M2(NVS1),VIE,O2,9.72,9.720546565222495,8.02,2.171250207636948,0.0581168452040594,0.0,51.277,11.454,0.307,0.0
VIE_M2(NVS1),VIE,O3,9.72,9.720546565222495,8.02,2.171250207636948,0.0581168452040594,0.0,51.808,11.572,0.31,0.0
VIE_M2(NVS1),VIE,O4,9.72,9.720546565222495,8.02,2.171250207636948,0.0581168452040594,0.0,55.123,12.313,0.33,0.0
VIE_M2(NVS1),VIE,O6,9.72,9.720546565222495,8.02,2.171250207636948,0.0581168452040594,0.0,53.514,11.953,0.32,0.0
VIE_M2(NVS1),VIE,O8,9.72,9.720546565222495,8.02,2.171250207636948,0.0581168452040594,0.0,51.374,11.475,0.307,0.0
VIE_M2(NVS1),VIE,O9,9.72,9.720546565222495,8.02,2.171250207636948,0.0581168452040594,0.0,51.161,11.428,0.306,0.0
VIE_M2(NVS1),VIE,P0,9.72,9.720546565222495,8.02,2.171250207636948,0.0581168452040594,0.0,47.472,10.604,0.284,0.0
VIE_M2(NVS1),VIE,P1,9.72,9.720546565222495,8.02,2.171250207636948,0.0581168452040594,0.0,51.862,11.584,0.31,0.0
VIE_M2(NVS1),VIE,P2,9.72,9.720546565222495,8.02,2.171250207636948,0.0581168452040594,0.0,54.041,12.071,0.323,0.0
VIE_M2(NVS1),VIE,P3,9.72,9.720546565222495,8.02,2.171250207636948,0.0581168452040594,0.0,48.912,10.925,0.292,0.0
VIE_M2(NVS1),VIE,P8,9.72,9.720546565222495,8.02,2.171250207636948,0.0581168452040594,0.0,53.273,11.899,0.319,0.0
VIE_M2(NVS1),VIE,P9,9.72,9.720546565222495,8.02,2.171250207636948,0.0581168452040594,0.0,52.406,11.706,0.313,0.0
VIE_M2(NVS1),VIE,Q0,9.72,9.720546565222495,8.02,2.171250207636948,0.0581168452040594,0.0,54.849,12.252,0.328,0.0
VIE_M2(NVS1),VIE,Q1,9.72,9.720546565222495,8.02,2.171250207636948,0.0581168452040594,0.0,56.14,12.54,0.336,0.0
VIE_M3(Van),VIE,O1,9.72,9.720546565222495,8.02,2.171250207636948,0.0581168452040594,0.0,58.623,13.094,0.35,0.0
VIE_M3(Van),VIE,O2,9.72,9.720546565222495,8.02,2.171250207636948,0.0581168452040594,0.0,56.887,12.707,0.34,0.0
VIE_M3(Van),VIE,O3,9.72,9.720546565222495,8.02,2.171250207636948,0.0581168452040594,0.0,60.753,13.57,0.363,0.0
VIE_M3(Van),VIE,O4,9.72,9.720546565222495,8.02,2.171250207636948,0.0581168452040594,0.0,55.39,12.372,0.331,0.0
VIE_M3(Van),VIE,O6,9.72,9.720546565222495,8.02,2.171250207636948,0.0581168452040594,0.0,55.546,12.407,0.332,0.0
VIE_M3(Van),VIE,O8,9.72,9.720546565222495,8.02,2.171250207636948,0.0581168452040594,0.0,57.59,12.864,0.344,0.0
VIE_M3(Van),VIE,O9,9.72,9.720546565222495,8.02,2.171250207636948,0.0581168452040594,0.0,58.527,13.073,0.35,0.0
VIE_M3(Van),VIE,P0,9.72,9.720546565222495,8.02,2.171250207636948,0.0581168452040594,0.0,60.676,13.553,0.363,0.0
VIE_M3(Van),VIE,P1,9.72,9.720546565222495,8.02,2.171250207636948,0.0581168452040594,0.0,63.344,14.149,0.379,0.0
VIE_M3(Van),VIE,P2,9.72,9.720546565222495,8.02,2.171250207636948,0.0581168452040594,0.0,55.36,12.366,0.331,0.0
VIE_M3(Van),VIE,P3,9.72,9.720546565222495,8.02,2.171250207636948,0.0581168452040594,0.0,59.775,13.352,0.357,0.0
VIE_M3(Van),VIE,P8,9.72,9.720546565222495,8.02,2.171250207636948,0.0581168452040594,0.0,61.347,13.703,0.367,0.0
VIE_M3(Van),VIE,P9,9.72,9.720546565222495,8.02,2.171250207636948,0.0581168452040594,0.0,57.664,12.88,0.345,0.0
VIE_M3(Van),VIE,Q0,9.72,9.720546565222495,8.02,2.171250207636948,0.0581168452040594,0.0,68.307,15.257,0.408,0.0
VIE_M3(Van),VIE,Q1,9.72,9.720546565222495,8.02,2.171250207636948,0.0581168452040594,0.0,55.546,12.407,0.332,0.0
VIE_M4(Qua),VIE,O1,9.72,9.720546565222495,8.02,2.171250207636948,0.0581168452040594,0.0,51.105,11.415,0.306,0.0
VIE_M4(Qua),VIE,O2,9.72,9.720546565222495,8.02,2.171250207636948,0.0581168452040594,0.0,47.849,10.688,0.286,0.0
VIE_M4(Qua),VIE,O3,9.72,9.720546565222495,8.02,2.171250207636948,0.0581168452040594,0.0,52.423,11.71,0.313,0.0
VIE_M4(Qua),VIE,O4,9.72,9.720546565222495,8.02,2.171250207636948,0.0581168452040594,0.0,50.77,11.34,0.304,0.0
VIE_M4(Qua),VIE,O6,9.72,9.720546565222495,8.02,2.171250207636948,0.0581168452040594,0.0,54.889,12.261,0.328,0.0
VIE_M4(Qua),VIE,O8,9.72,9.720546565222495,8.02,2.171250207636948,0.0581168452040594,0.0,51.712,11.551,0.309,0.0
VIE_M4(Qua),VIE,O9,9.72,9.720546565222495,8.02,2.171250207636948,0.0581168452040594,0.0,50.279,11.231,0.301,0.0
VIE_M4(Qua),VIE,P0,9.72,9.720546565222495,8.02,2.171250207636948,0.0581168452040594,0.0,47.725,10.66,0.285,0.0
VIE_M4(Qua),VIE,P1,9.72,9.720546565222495,8.02,2.171250207636948,0.0581168452040594,0.0,52.218,11.664,0.312,0.0
VIE_M4(Qua),VIE,P2,9.72,9.720546565222495,8.02,2.171250207636948,0.0581168452040594,0.0,54.29,12.127,0.325,0.0
VIE_M4(Qua),VIE,P3,9.72,9.720546565222495,8.02,2.171250207636948,0.0581168452040594,0.0,51.401,11.481,0.307,0.0
VIE_M4(Qua),VIE,P8,9.72,9.720546565222495,8.02,2.171250207636948,0.0581168452040594,0.0,53.449,11.939,0.32,0.0
VIE_M4(Qua),VIE,P9,9.72,9.720546565222495,8.02,2.171250207636948,0.0581168452040594,0.0,51.205,11.438,0.306,0.0
VIE_M4(Qua),VIE,Q0,9.72,9.720546565222495,8.02,2.171250207636948,0.0581168452040594,0.0,52.222,11.665,0.312,0.0
VIE_M4(Qua),VIE,Q1,9.72,9.720546565222495,8.02,2.171250207636948,0.0581168452040594,0.0,53.793,12.016,0.322,0.0
VIE_M5(Ti),VIE,O1,9.72,9.720546565222495,8.02,2.171250207636948,0.0581168452040594,0.0,40.016,8.938,0.239,0.0
VIE_M5(Ti),VIE,O2,9.72,9.720546565222495,8.02,2.171250207636948,0.0581168452040594,0.0,46.211,10.322,0.276,0.0
VIE_M5(Ti),VIE,O3,9.72,9.720546565222495,8.02,2.171250207636948,0.0581168452040594,0.0,42.137,9.412,0.252,0.0
VIE_M5(Ti),VIE,O4,9.72,9.720546565222495,8.02,2.171250207636948,0.0581168452040594,0.0,43.483,9.713,0.26,0.0
VIE_M5(Ti),VIE,O6,9.72,9.720546565222495,8.02,2.171250207636948,0.0581168452040594,0.0,43.385,9.691,0.259,0.0
VIE_M5(Ti),VIE,O8,9.72,9.720546565222495,8.02,2.171250207636948,0.0581168452040594,0.0,46.343,10.351,0.277,0.0
VIE_M5(Ti),VIE,O9,9.72,9.720546565222495,8.02,2.171250207636948,0.0581168452040594,0.0,41.716,9.318,0.249,0.0
VIE_M5(Ti),VIE,P0,9.72,9.720546565222495,8.02,2.171250207636948,0.0581168452040594,0.0,44.065,9.843,0.263,0.0
VIE_M5(Ti),VIE,P1,9.72,9.720546565222495,8.02,2.171250207636948,0.0581168452040594,0.0,44.846,10.017,0.268,0.0
VIE_M5(Ti),VIE,P2,9.72,9.720546565222495,8.02,2.171250207636948,0.0581168452040594,0.0,45.909,10.255,0.274,0.0
VIE_M5(Ti),VIE,P3,9.72,9.720546565222495,8.02,2.171250207636948,0.0581168452040594,0.0,41.73,9.321,0.249,0.0
VIE_M5(Ti),VIE,P8,9.72,9.720546565222495,8.02,2.171250207636948,0.0581168452040594,0.0,43.078,9.622,0.258,0.0
VIE_M5(Ti),VIE,P9,9.72,9.720546565222495,8.02,2.171250207636948,0.0581168452040594,0.0,44.249,9.884,0.265,0.0
VIE_M5(Ti),VIE,Q0,9.72,9.720546565222495,8.02,2.171250207636948,0.0581168452040594,0.0,44.597,9.962,0.267,0.0
VIE_M5(Ti),VIE,Q1,9.72,9.720546565222495,8.02,2.171250207636948,0.0581168452040594,0.0,45.744,10.218,0.273,0.0
YUE_F1(Vi),YUE,O1,7.97,7.971067822204827,6.53,1.894666596178111,0.0623204854942668,0.0,40.601,9.651,0.317,0.0
YUE_F1(Vi),YUE,O2,7.97,7.971067822204827,6.53,1.894666596178111,0.0623204854942668,0.0,41.923,9.965,0.328,0.0
YUE_F1(Vi),YUE,O3,7.97,7.971067822204827,6.53,1.894666596178111,0.0623204854942668,0.0,40.098,9.531,0.313,0.0
YUE_F1(Vi),YUE,O4,7.97,7.971067822204827,6.53,1.894666596178111,0.0623204854942668,0.0,45.604,10.84,0.357,0.0
YUE_F1(Vi),YUE,O6,7.97,7.971067822204827,6.53,1.894666596178111,0.0623204854942668,0.0,43.199,10.268,0.338,0.0
YUE_F1(Vi),YUE,O8,7.97,7.971067822204827,6.53,1.894666596178111,0.0623204854942668,0.0,42.815,10.177,0.335,0.0
YUE_F1(Vi),YUE,O9,7.97,7.971067822204827,6.53,1.894666596178111,0.0623204854942668,0.0,38.64,9.184,0.302,0.0
YUE_F1(Vi),YUE,P0,7.97,7.971067822204827,6.53,1.894666596178111,0.0623204854942668,0.0,39.142,9.304,0.306,0.0
YUE_F1(Vi),YUE,P1,7.97,7.971067822204827,6.53,1.894666596178111,0.0623204854942668,0.0,36.273,8.622,0.284,0.0
YUE_F1(Vi),YUE,P2,7.97,7.971067822204827,6.53,1.894666596178111,0.0623204854942668,0.0,43.279,10.287,0.338,0.0
YUE_F1(Vi),YUE,P3,7.97,7.971067822204827,6.53,1.894666596178111,0.0623204854942668,0.0,37.208,8.844,0.291,0.0
YUE_F1(Vi),YUE,P8,7.97,7.971067822204827,6.53,1.894666596178111,0.0623204854942668,0.0,39.705,9.437,0.31,0.0
YUE_F1(Vi),YUE,P9,7.97,7.971067822204827,6.53,1.894666596178111,0.0623204854942668,0.0,38.541,9.161,0.301,0.0
YUE_F1(Vi),YUE,Q0,7.97,7.971067822204827,6.53,1.894666596178111,0.0623204854942668,0.0,38.793,9.221,0.303,0.0
YUE_F1(Vi),YUE,Q1,7.97,7.971067822204827,6.53,1.894666596178111,0.0623204854942668,0.0,35.716,8.489,0.279,0.0
YUE_F2(Ka),YUE,O1,7.97,7.971067822204827,6.53,1.894666596178111,0.0623204854942668,0.0,40.816,9.702,0.319,0.0
YUE_F2(Ka),YUE,O2,7.97,7.971067822204827,6.53,1.894666596178111,0.0623204854942668,0.0,44.023,10.464,0.344,0.0
YUE_F2(Ka),YUE,O3,7.97,7.971067822204827,6.53,1.894666596178111,0.0623204854942668,0.0,40.949,9.733,0.32,0.0
YUE_F2(Ka),YUE,O4,7.97,7.971067822204827,6.53,1.894666596178111,0.0623204854942668,0.0,44.248,10.517,0.346,0.0
YUE_F2(Ka),YUE,O6,7.97,7.971067822204827,6.53,1.894666596178111,0.0623204854942668,0.0,42.203,10.031,0.33,0.0
YUE_F2(Ka),YUE,O8,7.97,7.971067822204827,6.53,1.894666596178111,0.0623204854942668,0.0,45.805,10.887,0.358,0.0
YUE_F2(Ka),YUE,O9,7.97,7.971067822204827,6.53,1.894666596178111,0.0623204854942668,0.0,41.91,9.962,0.328,0.0
YUE_F2(Ka),YUE,P0,7.97,7.971067822204827,6.53,1.894666596178111,0.0623204854942668,0.0,42.58,10.121,0.333,0.0
YUE_F2(Ka),YUE,P1,7.97,7.971067822204827,6.53,1.894666596178111,0.0623204854942668,0.0,41.179,9.788,0.322,0.0
YUE_F2(Ka),YUE,P2,7.97,7.971067822204827,6.53,1.894666596178111,0.0623204854942668,0.0,41.023,9.751,0.321,0.0
YUE_F2(Ka),YUE,P3,7.97,7.971067822204827,6.53,1.894666596178111,0.0623204854942668,0.0,41.69,9.909,0.326,0.0
YUE_F2(Ka),YUE,P8,7.97,7.971067822204827,6.53,1.894666596178111,0.0623204854942668,0.0,43.163,10.259,0.337,0.0
YUE_F2(Ka),YUE,P9,7.97,7.971067822204827,6.53,1.894666596178111,0.0623204854942668,0.0,42.72,10.154,0.334,0.0
YUE_F2(Ka),YUE,Q0,7.97,7.971067822204827,6.53,1.894666596178111,0.0623204854942668,0.0,42.964,10.212,0.336,0.0
YUE_F2(Ka),YUE,Q1,7.97,7.971067822204827,6.53,1.894666596178111,0.0623204854942668,0.0,39.118,9.298,0.306,0.0
YUE_F3(Ce),YUE,O1,7.97,7.971067822204827,6.53,1.894666596178111,0.0623204854942668,0.0,37.198,8.842,0.291,0.0
YUE_F3(Ce),YUE,O2,7.97,7.971067822204827,6.53,1.894666596178111,0.0623204854942668,0.0,40.293,9.577,0.315,0.0
YUE_F3(Ce),YUE,O3,7.97,7.971067822204827,6.53,1.894666596178111,0.0623204854942668,0.0,40.748,9.686,0.319,0.0
YUE_F3(Ce),YUE,O4,7.97,7.971067822204827,6.53,1.894666596178111,0.0623204854942668,0.0,43.513,10.343,0.34,0.0
YUE_F3(Ce),YUE,O6,7.97,7.971067822204827,6.53,1.894666596178111,0.0623204854942668,0.0,40.195,9.554,0.314,0.0
YUE_F3(Ce),YUE,O8,7.97,7.971067822204827,6.53,1.894666596178111,0.0623204854942668,0.0,44.373,10.547,0.347,0.0
YUE_F3(Ce),YUE,O9,7.97,7.971067822204827,6.53,1.894666596178111,0.0623204854942668,0.0,41.831,9.943,0.327,0.0
YUE_F3(Ce),YUE,P0,7.97,7.971067822204827,6.53,1.894666596178111,0.0623204854942668,0.0,40.687,9.671,0.318,0.0
YUE_F3(Ce),YUE,P1,7.97,7.971067822204827,6.53,1.894666596178111,0.0623204854942668,0.0,41.756,9.925,0.326,0.0
YUE_F3(Ce),YUE,P2,7.97,7.971067822204827,6.53,1.894666596178111,0.0623204854942668,0.0,40.316,9.583,0.315,0.0
YUE_F3(Ce),YUE,P3,7.97,7.971067822204827,6.53,1.894666596178111,0.0623204854942668,0.0,37.286,8.863,0.292,0.0
YUE_F3(Ce),YUE,P8,7.97,7.971067822204827,6.53,1.894666596178111,0.0623204854942668,0.0,42.128,10.014,0.329,0.0
YUE_F3(Ce),YUE,P9,7.97,7.971067822204827,6.53,1.894666596178111,0.0623204854942668,0.0,40.248,9.567,0.315,0.0
YUE_F3(Ce),YUE,Q0,7.97,7.971067822204827,6.53,1.894666596178111,0.0623204854942668,0.0,42.493,10.1,0.332,0.0
YUE_F3(Ce),YUE,Q1,7.97,7.971067822204827,6.53,1.894666596178111,0.0623204854942668,0.0,38.736,9.207,0.303,0.0
YUE_F5(Ye),YUE,O1,7.97,7.971067822204827,6.53,1.894666596178111,0.0623204854942668,0.0,34.388,8.174,0.269,0.0
YUE_F5(Ye),YUE,O2,7.97,7.971067822204827,6.53,1.894666596178111,0.0623204854942668,0.0,36.607,8.701,0.286,0.0
YUE_F5(Ye),YUE,O3,7.97,7.971067822204827,6.53,1.894666596178111,0.0623204854942668,0.0,39.813,9.463,0.311,0.0
YUE_F5(Ye),YUE,O4,7.97,7.971067822204827,6.53,1.894666596178111,0.0623204854942668,0.0,39.058,9.284,0.305,0.0
YUE_F5(Ye),YUE,O6,7.97,7.971067822204827,6.53,1.894666596178111,0.0623204854942668,0.0,41.873,9.953,0.327,0.0
YUE_F5(Ye),YUE,O8,7.97,7.971067822204827,6.53,1.894666596178111,0.0623204854942668,0.0,41.692,9.91,0.326,0.0
YUE_F5(Ye),YUE,O9,7.97,7.971067822204827,6.53,1.894666596178111,0.0623204854942668,0.0,35.364,8.406,0.276,0.0
YUE_F5(Ye),YUE,P0,7.97,7.971067822204827,6.53,1.894666596178111,0.0623204854942668,0.0,41.266,9.809,0.323,0.0
YUE_F5(Ye),YUE,P1,7.97,7.971067822204827,6.53,1.894666596178111,0.0623204854942668,0.0,35.348,8.402,0.276,0.0
YUE_F5(Ye),YUE,P2,7.97,7.971067822204827,6.53,1.894666596178111,0.0623204854942668,0.0,39.053,9.283,0.305,0.0
YUE_F5(Ye),YUE,P3,7.97,7.971067822204827,6.53,1.894666596178111,0.0623204854942668,0.0,39.363,9.356,0.308,0.0
YUE_F5(Ye),YUE,P8,7.97,7.971067822204827,6.53,1.894666596178111,0.0623204854942668,0.0,41.005,9.747,0.321,0.0
YUE_F5(Ye),YUE,P9,7.97,7.971067822204827,6.53,1.894666596178111,0.0623204854942668,0.0,39.294,9.34,0.307,0.0
YUE_F5(Ye),YUE,Q0,7.97,7.971067822204827,6.53,1.894666596178111,0.0623204854942668,0.0,38.872,9.24,0.304,0.0
YUE_F5(Ye),YUE,Q1,7.97,7.971067822204827,6.53,1.894666596178111,0.0623204854942668,0.0,41.485,9.861,0.324,0.0
YUE_F6(Tra),YUE,O1,7.97,7.971067822204827,6.53,1.894666596178111,0.0623204854942668,0.0,38.385,9.124,0.3,0.0
YUE_F6(Tra),YUE,O2,7.97,7.971067822204827,6.53,1.894666596178111,0.0623204854942668,0.0,40.777,9.692,0.319,0.0
YUE_F6(Tra),YUE,O3,7.97,7.971067822204827,6.53,1.894666596178111,0.0623204854942668,0.0,40.652,9.663,0.318,0.0
YUE_F6(Tra),YUE,O4,7.97,7.971067822204827,6.53,1.894666596178111,0.0623204854942668,0.0,36.973,8.788,0.289,0.0
YUE_F6(Tra),YUE,O6,7.97,7.971067822204827,6.53,1.894666596178111,0.0623204854942668,0.0,39.371,9.358,0.308,0.0
YUE_F6(Tra),YUE,O8,7.97,7.971067822204827,6.53,1.894666596178111,0.0623204854942668,0.0,39.444,9.376,0.308,0.0
YUE_F6(Tra),YUE,O9,7.97,7.971067822204827,6.53,1.894666596178111,0.0623204854942668,0.0,36.335,8.637,0.284,0.0
YUE_F6(Tra),YUE,P0,7.97,7.971067822204827,6.53,1.894666596178111,0.0623204854942668,0.0,35.141,8.353,0.275,0.0
YUE_F6(Tra),YUE,P1,7.97,7.971067822204827,6.53,1.894666596178111,0.0623204854942668,0.0,37.005,8.796,0.289,0.0
YUE_F6(Tra),YUE,P2,7.97,7.971067822204827,6.53,1.894666596178111,0.0623204854942668,0.0,39.604,9.414,0.31,0.0
YUE_F6(Tra),YUE,P3,7.97,7.971067822204827,6.53,1.894666596178111,0.0623204854942668,0.0,37.087,8.815,0.29,0.0
YUE_F6(Tra),YUE,P8,7.97,7.971067822204827,6.53,1.894666596178111,0.0623204854942668,0.0,37.257,8.856,0.291,0.0
YUE_F6(Tra),YUE,P9,7.97,7.971067822204827,6.53,1.894666596178111,0.0623204854942668,0.0,40.827,9.704,0.319,0.0
YUE_F6(Tra),YUE,Q0,7.97,7.971067822204827,6.53,1.894666596178111,0.0623204854942668,0.0,36.063,8.572,0.282,0.0
YUE_F6(Tra),YUE,Q1,7.97,7.971067822204827,6.53,1.894666596178111,0.0623204854942668,0.0,35.242,8.377,0.276,0.0
YUE_M2(Ka),YUE,O1,7.97,7.971067822204827,6.53,1.894666596178111,0.0623204854942668,0.0,37.364,8.881,0.292,0.0
YUE_M2(Ka),YUE,O2,7.97,7.971067822204827,6.53,1.894666596178111,0.0623204854942668,0.0,41.282,9.812,0.323,0.0
YUE_M2(Ka),YUE,O3,7.97,7.971067822204827,6.53,1.894666596178111,0.0623204854942668,0.0,40.287,9.576,0.315,0.0
YUE_M2(Ka),YUE,O4,7.97,7.971067822204827,6.53,1.894666596178111,0.0623204854942668,0.0,39.984,9.504,0.313,0.0
YUE_M2(Ka),YUE,O6,7.97,7.971067822204827,6.53,1.894666596178111,0.0623204854942668,0.0,40.103,9.532,0.314,0.0
YUE_M2(Ka),YUE,O8,7.97,7.971067822204827,6.53,1.894666596178111,0.0623204854942668,0.0,43.25,10.28,0.338,0.0
YUE_M2(Ka),YUE,O9,7.97,7.971067822204827,6.53,1.894666596178111,0.0623204854942668,0.0,39.814,9.463,0.311,0.0
YUE_M2(Ka),YUE,P0,7.97,7.971067822204827,6.53,1.894666596178111,0.0623204854942668,0.0,41.237,9.802,0.322,0.0
YUE_M2(Ka),YUE,P1,7.97,7.971067822204827,6.53,1.894666596178111,0.0623204854942668,0.0,39.084,9.29,0.306,0.0
YUE_M2(Ka),YUE,P2,7.97,7.971067822204827,6.53,1.894666596178111,0.0623204854942668,0.0,39.056,9.283,0.305,0.0
YUE_M2(Ka),YUE,P3,7.97,7.971067822204827,6.53,1.894666596178111,0.0623204854942668,0.0,42.52,10.107,0.332,0.0
YUE_M2(Ka),YUE,P8,7.97,7.971067822204827,6.53,1.894666596178111,0.0623204854942668,0.0,39.912,9.487,0.312,0.0
YUE_M2(Ka),YUE,P9,7.97,7.971067822204827,6.53,1.894666596178111,0.0623204854942668,0.0,39.319,9.346,0.307,0.0
YUE_M2(Ka),YUE,Q0,7.97,7.971067822204827,6.53,1.894666596178111,0.0623204854942668,0.0,41.489,9.862,0.324,0.0
YUE_M2(Ka),YUE,Q1,7.97,7.971067822204827,6.53,1.894666596178111,0.0623204854942668,0.0,39.855,9.473,0.312,0.0
YUE_M3(Bra),YUE,O1,7.97,7.971067822204827,6.53,1.894666596178111,0.0623204854942668,0.0,41.831,9.943,0.327,0.0
YUE_M3(Bra),YUE,O2,7.97,7.971067822204827,6.53,1.894666596178111,0.0623204854942668,0.0,43.857,10.425,0.343,0.0
YUE_M3(Bra),YUE,O3,7.97,7.971067822204827,6.53,1.894666596178111,0.0623204854942668,0.0,40.41,9.605,0.316,0.0
YUE_M3(Bra),YUE,O4,7.97,7.971067822204827,6.53,1.894666596178111,0.0623204854942668,0.0,42.954,10.21,0.336,0.0
YUE_M3(Bra),YUE,O6,7.97,7.971067822204827,6.53,1.894666596178111,0.0623204854942668,0.0,42.905,10.198,0.335,0.0
YUE_M3(Bra),YUE,O8,7.97,7.971067822204827,6.53,1.894666596178111,0.0623204854942668,0.0,42.032,9.991,0.329,0.0
YUE_M3(Bra),YUE,O9,7.97,7.971067822204827,6.53,1.894666596178111,0.0623204854942668,0.0,39.653,9.425,0.31,0.0
YUE_M3(Bra),YUE,P0,7.97,7.971067822204827,6.53,1.894666596178111,0.0623204854942668,0.0,43.777,10.405,0.342,0.0
YUE_M3(Bra),YUE,P1,7.97,7.971067822204827,6.53,1.894666596178111,0.0623204854942668,0.0,44.313,10.533,0.346,0.0
YUE_M3(Bra),YUE,P2,7.97,7.971067822204827,6.53,1.894666596178111,0.0623204854942668,0.0,44.801,10.649,0.35,0.0
YUE_M3(Bra),YUE,P3,7.97,7.971067822204827,6.53,1.894666596178111,0.0623204854942668,0.0,41.516,9.868,0.325,0.0
YUE_M3(Bra),YUE,P8,7.97,7.971067822204827,6.53,1.894666596178111,0.0623204854942668,0.0,42.209,10.033,0.33,0.0
YUE_M3(Bra),YUE,P9,7.97,7.971067822204827,6.53,1.894666596178111,0.0623204854942668,0.0,42.744,10.16,0.334,0.0
YUE_M3(Bra),YUE,Q0,7.97,7.971067822204827,6.53,1.894666596178111,0.0623204854942668,0.0,38.85,9.234,0.304,0.0
YUE_M3(Bra),YUE,Q1,7.97,7.971067822204827,6.53,1.894666596178111,0.0623204854942668,0.0,40.877,9.716,0.32,0.0
YUE_M4(Al),YUE,O1,7.97,7.971067822204827,6.53,1.894666596178111,0.0623204854942668,0.0,42.702,10.15,0.334,0.0
YUE_M4(Al),YUE,O2,7.97,7.971067822204827,6.53,1.894666596178111,0.0623204854942668,0.0,42.105,10.008,0.329,0.0
YUE_M4(Al),YUE,O3,7.97,7.971067822204827,6.53,1.894666596178111,0.0623204854942668,0.0,43.223,10.274,0.338,0.0
YUE_M4(Al),YUE,O4,7.97,7.971067822204827,6.53,1.894666596178111,0.0623204854942668,0.0,44.648,10.613,0.349,0.0
YUE_M4(Al),YUE,O6,7.97,7.971067822204827,6.53,1.894666596178111,0.0623204854942668,0.0,43.596,10.363,0.341,0.0
YUE_M4(Al),YUE,O8,7.97,7.971067822204827,6.53,1.894666596178111,0.0623204854942668,0.0,44.718,10.629,0.35,0.0
YUE_M4(Al),YUE,O9,7.97,7.971067822204827,6.53,1.894666596178111,0.0623204854942668,0.0,43.631,10.371,0.341,0.0
YUE_M4(Al),YUE,P0,7.97,7.971067822204827,6.53,1.894666596178111,0.0623204854942668,0.0,41.577,9.882,0.325,0.0
YUE_M4(Al),YUE,P1,7.97,7.971067822204827,6.53,1.894666596178111,0.0623204854942668,0.0,41.896,9.958,0.328,0.0
YUE_M4(Al),YUE,P2,7.97,7.971067822204827,6.53,1.894666596178111,0.0623204854942668,0.0,35.565,8.454,0.278,0.0
YUE_M4(Al),YUE,P3,7.97,7.971067822204827,6.53,1.894666596178111,0.0623204854942668,0.0,44.469,10.57,0.348,0.0
YUE_M4(Al),YUE,P8,7.97,7.971067822204827,6.53,1.894666596178111,0.0623204854942668,0.0,44.73,10.632,0.35,0.0
YUE_M4(Al),YUE,P9,7.97,7.971067822204827,6.53,1.894666596178111,0.0623204854942668,0.0,42.811,10.176,0.335,0.0
YUE_M4(Al),YUE,Q0,7.97,7.971067822204827,6.53,1.894666596178111,0.0623204854942668,0.0,40.728,9.681,0.318,0.0
YUE_M4(Al),YUE,Q1,7.97,7.971067822204827,6.53,1.894666596178111,0.0623204854942668,0.0,36.518,8.68,0.286,0.0
YUE_M5(Ed),YUE,O1,7.97,7.971067822204827,6.53,1.894666596178111,0.0623204854942668,0.0,42.689,10.147,0.334,0.0
YUE_M5(Ed),YUE,O2,7.97,7.971067822204827,6.53,1.894666596178111,0.0623204854942668,0.0,41.149,9.781,0.322,0.0
YUE_M5(Ed),YUE,O3,7.97,7.971067822204827,6.53,1.894666596178111,0.0623204854942668,0.0,40.013,9.511,0.313,0.0
YUE_M5(Ed),YUE,O4,7.97,7.971067822204827,6.53,1.894666596178111,0.0623204854942668,0.0,40.625,9.656,0.318,0.0
YUE_M5(Ed),YUE,O6,7.97,7.971067822204827,6.53,1.894666596178111,0.0623204854942668,0.0,41.583,9.884,0.325,0.0
YUE_M5(Ed),YUE,O8,7.97,7.971067822204827,6.53,1.894666596178111,0.0623204854942668,0.0,45.189,10.741,0.353,0.0
YUE_M5(Ed),YUE,O9,7.97,7.971067822204827,6.53,1.894666596178111,0.0623204854942668,0.0,42.6,10.126,0.333,0.0
YUE_M5(Ed),YUE,P0,7.97,7.971067822204827,6.53,1.894666596178111,0.0623204854942668,0.0,44.994,10.695,0.352,0.0
YUE_M5(Ed),YUE,P1,7.97,7.971067822204827,6.53,1.894666596178111,0.0623204854942668,0.0,43.773,10.405,0.342,0.0
YUE_M5(Ed),YUE,P2,7.97,7.971067822204827,6.53,1.894666596178111,0.0623204854942668,0.0,42.13,10.014,0.329,0.0
YUE_M5(Ed),YUE,P3,7.97,7.971067822204827,6.53,1.894666596178111,0.0623204854942668,0.0,45.078,10.715,0.352,0.0
YUE_M5(Ed),YUE,P8,7.97,7.971067822204827,6.53,1.894666596178111,0.0623204854942668,0.0,45.008,10.698,0.352,0.0
YUE_M5(Ed),YUE,P9,7.97,7.971067822204827,6.53,1.894666596178111,0.0623204854942668,0.0,40.813,9.701,0.319,0.0
YUE_M5(Ed),YUE,Q0,7.97,7.971067822204827,6.53,1.894666596178111,0.0623204854942668,0.0,43.488,10.337,0.34,0.0
YUE_M5(Ed),YUE,Q1,7.97,7.971067822204827,6.53,1.894666596178111,0.0623204854942668,0.0,39.325,9.347,0.307,0.0
YUE_M6(Hu),YUE,O1,7.97,7.971067822204827,6.53,1.894666596178111,0.0623204854942668,0.0,38.46,9.142,0.301,0.0
YUE_M6(Hu),YUE,O2,7.97,7.971067822204827,6.53,1.894666596178111,0.0623204854942668,0.0,39.663,9.428,0.31,0.0
YUE_M6(Hu),YUE,O3,7.97,7.971067822204827,6.53,1.894666596178111,0.0623204854942668,0.0,40.58,9.646,0.317,0.0
YUE_M6(Hu),YUE,O4,7.97,7.971067822204827,6.53,1.894666596178111,0.0623204854942668,0.0,36.687,8.72,0.287,0.0
YUE_M6(Hu),YUE,O6,7.97,7.971067822204827,6.53,1.894666596178111,0.0623204854942668,0.0,37.957,9.022,0.297,0.0
YUE_M6(Hu),YUE,O8,7.97,7.971067822204827,6.53,1.894666596178111,0.0623204854942668,0.0,39.233,9.325,0.307,0.0
YUE_M6(Hu),YUE,O9,7.97,7.971067822204827,6.53,1.894666596178111,0.0623204854942668,0.0,43.212,10.271,0.338,0.0
YUE_M6(Hu),YUE,P0,7.97,7.971067822204827,6.53,1.894666596178111,0.0623204854942668,0.0,36.444,8.662,0.285,0.0
YUE_M6(Hu),YUE,P1,7.97,7.971067822204827,6.53,1.894666596178111,0.0623204854942668,0.0,38.052,9.045,0.298,0.0
YUE_M6(Hu),YUE,P2,7.97,7.971067822204827,6.53,1.894666596178111,0.0623204854942668,0.0,42.2,10.031,0.33,0.0
YUE_M6(Hu),YUE,P3,7.97,7.971067822204827,6.53,1.894666596178111,0.0623204854942668,0.0,36.965,8.786,0.289,0.0
YUE_M6(Hu),YUE,P8,7.97,7.971067822204827,6.53,1.894666596178111,0.0623204854942668,0.0,39.202,9.318,0.306,0.0
YUE_M6(Hu),YUE,P9,7.97,7.971067822204827,6.53,1.894666596178111,0.0623204854942668,0.0,36.352,8.641,0.284,0.0
YUE_M6(Hu),YUE,Q0,7.97,7.971067822204827,6.53,1.894666596178111,0.0623204854942668,0.0,39.202,9.318,0.306,0.0
YUE_M6(Hu),YUE,Q1,7.97,7.971067822204827,6.53,1.894666596178111,0.0623204854942668,0.0,40.385,9.599,0.316,0.0
