Speaker,Language,Text,ID_unigram_coupe,ID_unigram_esidaine,ID_bigram_coupe,ID_bigram_esidaine,ID_trigram_esidaine,ID_4gram_esidaine,IR_unigram_esidaine,IR_bigram_esidaine,IR_trigram_esidaine,IR_4gram_esidaine
CAT_F1(Su),CAT,O1,8.1,,5.49,,,,,,,
CAT_F1(Su),CAT,O2,8.1,,5.49,,,,,,,
CAT_F1(Su),CAT,O3,8.1,,5.49,,,,,,,
CAT_F1(Su),CAT,O4,8.1,,5.49,,,,,,,
CAT_F1(Su),CAT,O6,8.1,,5.49,,,,,,,
CAT_F1(Su),CAT,O8,8.1,,5.49,,,,,,,
CAT_F1(Su),CAT,O9,8.1,,5.49,,,,,,,
CAT_F1(Su),CAT,P0,8.1,,5.49,,,,,,,
CAT_F1(Su),CAT,P1,8.1,,5.49,,,,,,,
CAT_F1(Su),CAT,P2,8.1,,5.49,,,,,,,
CAT_F1(Su),CAT,P3,8.1,,5.49,,,,,,,
CAT_F1(Su),CAT,P8,8.1,,5.49,,,,,,,
CAT_F1(Su),CAT,P9,8.1,,5.49,,,,,,,
CAT_F1(Su),CAT,Q0,8.1,,5.49,,,,,,,
CAT_F1(Su),CAT,Q1,8.1,,5.49,,,,,,,
CAT_F2(De),CAT,O1,8.1,,5.49,,,,,,,
CAT_F2(De),CAT,O2,8.1,,5.49,,,,,,,
CAT_F2(De),CAT,O3,8.1,,5.49,,,,,,,
CAT_F2(De),CAT,O4,8.1,,5.49,,,,,,,
CAT_F2(De),CAT,O6,8.1,,5.49,,,,,,,
CAT_F2(De),CAT,O8,8.1,,5.49,,,,,,,
CAT_F2(De),CAT,O9,8.1,,5.49,,,,,,,
CAT_F2(De),CAT,P0,8.1,,5.49,,,,,,,
CAT_F2(De),CAT,P1,8.1,,5.49,,,,,,,
CAT_F2(De),CAT,P2,8.1,,5.49,,,,,,,
CAT_F2(De),CAT,P3,8.1,,5.49,,,,,,,
CAT_F2(De),CAT,P8,8.1,,5.49,,,,,,,
CAT_F2(De),CAT,P9,8.1,,5.49,,,,,,,
CAT_F2(De),CAT,Q0,8.1,,5.49,,,,,,,
CAT_F2(De),CAT,Q1,8.1,,5.49,,,,,,,
CAT_F3(Mo),CAT,O1,8.1,,5.49,,,,,,,
CAT_F3(Mo),CAT,O2,8.1,,5.49,,,,,,,
CAT_F3(Mo),CAT,O3,8.1,,5.49,,,,,,,
CAT_F3(Mo),CAT,O4,8.1,,5.49,,,,,,,
CAT_F3(Mo),CAT,O6,8.1,,5.49,,,,,,,
CAT_F3(Mo),CAT,O8,8.1,,5.49,,,,,,,
CAT_F3(Mo),CAT,O9,8.1,,5.49,,,,,,,
CAT_F3(Mo),CAT,P0,8.1,,5.49,,,,,,,
CAT_F3(Mo),CAT,P1,8.1,,5.49,,,,,,,
CAT_F3(Mo),CAT,P2,8.1,,5.49,,,,,,,
CAT_F3(Mo),CAT,P3,8.1,,5.49,,,,,,,
CAT_F3(Mo),CAT,P8,8.1,,5.49,,,,,,,
CAT_F3(Mo),CAT,P9,8.1,,5.49,,,,,,,
CAT_F3(Mo),CAT,Q0,8.1,,5.49,,,,,,,
CAT_F3(Mo),CAT,Q1,8.1,,5.49,,,,,,,
CAT_F4(Mi),CAT,O1,8.1,,5.49,,,,,,,
CAT_F4(Mi),CAT,O2,8.1,,5.49,,,,,,,
CAT_F4(Mi),CAT,O3,8.1,,5.49,,,,,,,
CAT_F4(Mi),CAT,O4,8.1,,5.49,,,,,,,
CAT_F4(Mi),CAT,O6,8.1,,5.49,,,,,,,
CAT_F4(Mi),CAT,O8,8.1,,5.49,,,,,,,
CAT_F4(Mi),CAT,O9,8.1,,5.49,,,,,,,
CAT_F4(Mi),CAT,P0,8.1,,5.49,,,,,,,
CAT_F4(Mi),CAT,P1,8.1,,5.49,,,,,,,
CAT_F4(Mi),CAT,P2,8.1,,5.49,,,,,,,
CAT_F4(Mi),CAT,P3,8.1,,5.49,,,,,,,
CAT_F4(Mi),CAT,P8,8.1,,5.49,,,,,,,
CAT_F4(Mi),CAT,P9,8.1,,5.49,,,,,,,
CAT_F4(Mi),CAT,Q0,8.1,,5.49,,,,,,,
CAT_F4(Mi),CAT,Q1,8.1,,5.49,,,,,,,
CAT_F5(An),CAT,O1,8.1,,5.49,,,,,,,
CAT_F5(An),CAT,O2,8.1,,5.49,,,,,,,
CAT_F5(An),CAT,O3,8.1,,5.49,,,,,,,
CAT_F5(An),CAT,O4,8.1,,5.49,,,,,,,
CAT_F5(An),CAT,O6,8.1,,5.49,,,,,,,
CAT_F5(An),CAT,O8,8.1,,5.49,,,,,,,
CAT_F5(An),CAT,O9,8.1,,5.49,,,,,,,
CAT_F5(An),CAT,P0,8.1,,5.49,,,,,,,
CAT_F5(An),CAT,P1,8.1,,5.49,,,,,,,
CAT_F5(An),CAT,P2,8.1,,5.49,,,,,,,
CAT_F5(An),CAT,P3,8.1,,5.49,,,,,,,
CAT_F5(An),CAT,P8,8.1,,5.49,,,,,,,
CAT_F5(An),CAT,P9,8.1,,5.49,,,,,,,
CAT_F5(An),CAT,Q0,8.1,,5.49,,,,,,,
CAT_F5(An),CAT,Q1,8.1,,5.49,,,,,,,
CAT_M1(Xa),CAT,O1,8.1,,5.49,,,,,,,
CAT_M1(Xa),CAT,O2,8.1,,5.49,,,,,,,
CAT_M1(Xa),CAT,O3,8.1,,5.49,,,,,,,
CAT_M1(Xa),CAT,O4,8.1,,5.49,,,,,,,
CAT_M1(Xa),CAT,O6,8.1,,5.49,,,,,,,
CAT_M1(Xa),CAT,O8,8.1,,5.49,,,,,,,
CAT_M1(Xa),CAT,O9,8.1,,5.49,,,,,,,
CAT_M1(Xa),CAT,P0,8.1,,5.49,,,,,,,
CAT_M1(Xa),CAT,P1,8.1,,5.49,,,,,,,
CAT_M1(Xa),CAT,P2,8.1,,5.49,,,,,,,
CAT_M1(Xa),CAT,P3,8.1,,5.49,,,,,,,
CAT_M1(Xa),CAT,P8,8.1,,5.49,,,,,,,
CAT_M1(Xa),CAT,P9,8.1,,5.49,,,,,,,
CAT_M1(Xa),CAT,Q0,8.1,,5.49,,,,,,,
CAT_M1(Xa),CAT,Q1,8.1,,5.49,,,,,,,
CAT_M2(Al),CAT,O1,8.1,,5.49,,,,,,,
CAT_M2(Al),CAT,O2,8.1,,5.49,,,,,,,
CAT_M2(Al),CAT,O3,8.1,,5.49,,,,,,,
CAT_M2(Al),CAT,O4,8.1,,5.49,,,,,,,
CAT_M2(Al),CAT,O6,8.1,,5.49,,,,,,,
CAT_M2(Al),CAT,O8,8.1,,5.49,,,,,,,
CAT_M2(Al),CAT,O9,8.1,,5.49,,,,,,,
CAT_M2(Al),CAT,P0,8.1,,5.49,,,,,,,
CAT_M2(Al),CAT,P1,8.1,,5.49,,,,,,,
CAT_M2(Al),CAT,P2,8.1,,5.49,,,,,,,
CAT_M2(Al),CAT,P3,8.1,,5.49,,,,,,,
CAT_M2(Al),CAT,P8,8.1,,5.49,,,,,,,
CAT_M2(Al),CAT,P9,8.1,,5.49,,,,,,,
CAT_M2(Al),CAT,Q0,8.1,,5.49,,,,,,,
CAT_M2(Al),CAT,Q1,8.1,,5.49,,,,,,,
CAT_M3(Da),CAT,O1,8.1,,5.49,,,,,,,
CAT_M3(Da),CAT,O2,8.1,,5.49,,,,,,,
CAT_M3(Da),CAT,O3,8.1,,5.49,,,,,,,
CAT_M3(Da),CAT,O4,8.1,,5.49,,,,,,,
CAT_M3(Da),CAT,O6,8.1,,5.49,,,,,,,
CAT_M3(Da),CAT,O8,8.1,,5.49,,,,,,,
CAT_M3(Da),CAT,O9,8.1,,5.49,,,,,,,
CAT_M3(Da),CAT,P0,8.1,,5.49,,,,,,,
CAT_M3(Da),CAT,P1,8.1,,5.49,,,,,,,
CAT_M3(Da),CAT,P2,8.1,,5.49,,,,,,,
CAT_M3(Da),CAT,P3,8.1,,5.49,,,,,,,
CAT_M3(Da),CAT,P8,8.1,,5.49,,,,,,,
CAT_M3(Da),CAT,P9,8.1,,5.49,,,,,,,
CAT_M3(Da),CAT,Q0,8.1,,5.49,,,,,,,
CAT_M3(Da),CAT,Q1,8.1,,5.49,,,,,,,
CAT_M4(Ma),CAT,O1,8.1,,5.49,,,,,,,
CAT_M4(Ma),CAT,O2,8.1,,5.49,,,,,,,
CAT_M4(Ma),CAT,O3,8.1,,5.49,,,,,,,
CAT_M4(Ma),CAT,O4,8.1,,5.49,,,,,,,
CAT_M4(Ma),CAT,O6,8.1,,5.49,,,,,,,
CAT_M4(Ma),CAT,O8,8.1,,5.49,,,,,,,
CAT_M4(Ma),CAT,O9,8.1,,5.49,,,,,,,
CAT_M4(Ma),CAT,P0,8.1,,5.49,,,,,,,
CAT_M4(Ma),CAT,P1,8.1,,5.49,,,,,,,
CAT_M4(Ma),CAT,P2,8.1,,5.49,,,,,,,
CAT_M4(Ma),CAT,P3,8.1,,5.49,,,,,,,
CAT_M4(Ma),CAT,P8,8.1,,5.49,,,,,,,
CAT_M4(Ma),CAT,P9,8.1,,5.49,,,,,,,
CAT_M4(Ma),CAT,Q0,8.1,,5.49,,,,,,,
CAT_M4(Ma),CAT,Q1,8.1,,5.49,,,,,,,
CAT_M5(Jo),CAT,O1,8.1,,5.49,,,,,,,
CAT_M5(Jo),CAT,O2,8.1,,5.49,,,,,,,
CAT_M5(Jo),CAT,O3,8.1,,5.49,,,,,,,
CAT_M5(Jo),CAT,O4,8.1,,5.49,,,,,,,
CAT_M5(Jo),CAT,O6,8.1,,5.49,,,,,,,
CAT_M5(Jo),CAT,O8,8.1,,5.49,,,,,,,
CAT_M5(Jo),CAT,O9,8.1,,5.49,,,,,,,
CAT_M5(Jo),CAT,P0,8.1,,5.49,,,,,,,
CAT_M5(Jo),CAT,P1,8.1,,5.49,,,,,,,
CAT_M5(Jo),CAT,P2,8.1,,5.49,,,,,,,
CAT_M5(Jo),CAT,P3,8.1,,5.49,,,,,,,
CAT_M5(Jo),CAT,P8,8.1,,5.49,,,,,,,
CAT_M5(Jo),CAT,P9,8.1,,5.49,,,,,,,
CAT_M5(Jo),CAT,Q0,8.1,,5.49,,,,,,,
CAT_M5(Jo),CAT,Q1,8.1,,5.49,,,,,,,
CMN_F1(Hu),CMN,O1,8.69,8.633642899567581,6.96,3.9309067501260495,0.4822832591435065,0.0433434400222938,39.022,17.767,2.18,0.196
CMN_F1(Hu),CMN,O2,8.69,8.633642899567581,6.96,3.9309067501260495,0.4822832591435065,0.0433434400222938,48.447,22.058,2.706,0.243
CMN_F1(Hu),CMN,O3,8.69,8.633642899567581,6.96,3.9309067501260495,0.4822832591435065,0.0433434400222938,42.426,19.316,2.37,0.213
CMN_F1(Hu),CMN,O4,8.69,8.633642899567581,6.96,3.9309067501260495,0.4822832591435065,0.0433434400222938,44.079,20.069,2.462,0.221
CMN_F1(Hu),CMN,O6,8.69,8.633642899567581,6.96,3.9309067501260495,0.4822832591435065,0.0433434400222938,35.709,16.258,1.995,0.179
CMN_F1(Hu),CMN,O8,8.69,8.633642899567581,6.96,3.9309067501260495,0.4822832591435065,0.0433434400222938,40.245,18.323,2.248,0.202
CMN_F1(Hu),CMN,O9,8.69,8.633642899567581,6.96,3.9309067501260495,0.4822832591435065,0.0433434400222938,41.987,19.117,2.345,0.211
CMN_F1(Hu),CMN,P0,8.69,8.633642899567581,6.96,3.9309067501260495,0.4822832591435065,0.0433434400222938,44.877,20.432,2.507,0.225
CMN_F1(Hu),CMN,P1,8.69,8.633642899567581,6.96,3.9309067501260495,0.4822832591435065,0.0433434400222938,38.986,17.75,2.178,0.196
CMN_F1(Hu),CMN,P2,8.69,8.633642899567581,6.96,3.9309067501260495,0.4822832591435065,0.0433434400222938,44.041,20.052,2.46,0.221
CMN_F1(Hu),CMN,P3,8.69,8.633642899567581,6.96,3.9309067501260495,0.4822832591435065,0.0433434400222938,41.255,18.783,2.305,0.207
CMN_F1(Hu),CMN,P8,8.69,8.633642899567581,6.96,3.9309067501260495,0.4822832591435065,0.0433434400222938,43.723,19.907,2.442,0.22
CMN_F1(Hu),CMN,P9,8.69,8.633642899567581,6.96,3.9309067501260495,0.4822832591435065,0.0433434400222938,42.148,19.19,2.354,0.212
CMN_F1(Hu),CMN,Q0,8.69,8.633642899567581,6.96,3.9309067501260495,0.4822832591435065,0.0433434400222938,45.823,20.863,2.56,0.23
CMN_F1(Hu),CMN,Q1,8.69,8.633642899567581,6.96,3.9309067501260495,0.4822832591435065,0.0433434400222938,36.238,16.499,2.024,0.182
CMN_F2(Yu),CMN,O1,8.69,8.633642899567581,6.96,3.9309067501260495,0.4822832591435065,0.0433434400222938,43.084,19.616,2.407,0.216
CMN_F2(Yu),CMN,O2,8.69,8.633642899567581,6.96,3.9309067501260495,0.4822832591435065,0.0433434400222938,42.847,19.508,2.393,0.215
CMN_F2(Yu),CMN,O3,8.69,8.633642899567581,6.96,3.9309067501260495,0.4822832591435065,0.0433434400222938,44.042,20.052,2.46,0.221
CMN_F2(Yu),CMN,O4,8.69,8.633642899567581,6.96,3.9309067501260495,0.4822832591435065,0.0433434400222938,44.911,20.448,2.509,0.225
CMN_F2(Yu),CMN,O6,8.69,8.633642899567581,6.96,3.9309067501260495,0.4822832591435065,0.0433434400222938,42.33,19.273,2.365,0.213
CMN_F2(Yu),CMN,O8,8.69,8.633642899567581,6.96,3.9309067501260495,0.4822832591435065,0.0433434400222938,42.374,19.293,2.367,0.213
CMN_F2(Yu),CMN,O9,8.69,8.633642899567581,6.96,3.9309067501260495,0.4822832591435065,0.0433434400222938,46.314,21.087,2.587,0.233
CMN_F2(Yu),CMN,P0,8.69,8.633642899567581,6.96,3.9309067501260495,0.4822832591435065,0.0433434400222938,41.831,19.046,2.337,0.21
CMN_F2(Yu),CMN,P1,8.69,8.633642899567581,6.96,3.9309067501260495,0.4822832591435065,0.0433434400222938,38.772,17.653,2.166,0.195
CMN_F2(Yu),CMN,P2,8.69,8.633642899567581,6.96,3.9309067501260495,0.4822832591435065,0.0433434400222938,39.51,17.989,2.207,0.198
CMN_F2(Yu),CMN,P3,8.69,8.633642899567581,6.96,3.9309067501260495,0.4822832591435065,0.0433434400222938,46.809,21.312,2.615,0.235
CMN_F2(Yu),CMN,P8,8.69,8.633642899567581,6.96,3.9309067501260495,0.4822832591435065,0.0433434400222938,46.634,21.233,2.605,0.234
CMN_F2(Yu),CMN,P9,8.69,8.633642899567581,6.96,3.9309067501260495,0.4822832591435065,0.0433434400222938,45.161,20.562,2.523,0.227
CMN_F2(Yu),CMN,Q0,8.69,8.633642899567581,6.96,3.9309067501260495,0.4822832591435065,0.0433434400222938,46.709,21.267,2.609,0.234
CMN_F2(Yu),CMN,Q1,8.69,8.633642899567581,6.96,3.9309067501260495,0.4822832591435065,0.0433434400222938,42.432,19.319,2.37,0.213
CMN_F3(Ma),CMN,O1,8.69,8.633642899567581,6.96,3.9309067501260495,0.4822832591435065,0.0433434400222938,42.946,19.553,2.399,0.216
CMN_F3(Ma),CMN,O2,8.69,8.633642899567581,6.96,3.9309067501260495,0.4822832591435065,0.0433434400222938,38.49,17.525,2.15,0.193
CMN_F3(Ma),CMN,O3,8.69,8.633642899567581,6.96,3.9309067501260495,0.4822832591435065,0.0433434400222938,42.565,19.38,2.378,0.214
CMN_F3(Ma),CMN,O4,8.69,8.633642899567581,6.96,3.9309067501260495,0.4822832591435065,0.0433434400222938,39.36,17.921,2.199,0.198
CMN_F3(Ma),CMN,O6,8.69,8.633642899567581,6.96,3.9309067501260495,0.4822832591435065,0.0433434400222938,38.626,17.586,2.158,0.194
CMN_F3(Ma),CMN,O8,8.69,8.633642899567581,6.96,3.9309067501260495,0.4822832591435065,0.0433434400222938,38.606,17.577,2.157,0.194
CMN_F3(Ma),CMN,O9,8.69,8.633642899567581,6.96,3.9309067501260495,0.4822832591435065,0.0433434400222938,39.059,17.784,2.182,0.196
CMN_F3(Ma),CMN,P0,8.69,8.633642899567581,6.96,3.9309067501260495,0.4822832591435065,0.0433434400222938,42.629,19.409,2.381,0.214
CMN_F3(Ma),CMN,P1,8.69,8.633642899567581,6.96,3.9309067501260495,0.4822832591435065,0.0433434400222938,38.304,17.44,2.14,0.192
CMN_F3(Ma),CMN,P2,8.69,8.633642899567581,6.96,3.9309067501260495,0.4822832591435065,0.0433434400222938,36.991,16.842,2.066,0.186
CMN_F3(Ma),CMN,P3,8.69,8.633642899567581,6.96,3.9309067501260495,0.4822832591435065,0.0433434400222938,40.217,18.311,2.247,0.202
CMN_F3(Ma),CMN,P8,8.69,8.633642899567581,6.96,3.9309067501260495,0.4822832591435065,0.0433434400222938,42.59,19.391,2.379,0.214
CMN_F3(Ma),CMN,P9,8.69,8.633642899567581,6.96,3.9309067501260495,0.4822832591435065,0.0433434400222938,45.632,20.776,2.549,0.229
CMN_F3(Ma),CMN,Q0,8.69,8.633642899567581,6.96,3.9309067501260495,0.4822832591435065,0.0433434400222938,41.022,18.678,2.292,0.206
CMN_F3(Ma),CMN,Q1,8.69,8.633642899567581,6.96,3.9309067501260495,0.4822832591435065,0.0433434400222938,43.091,19.619,2.407,0.216
CMN_F4(Fe),CMN,O1,8.69,8.633642899567581,6.96,3.9309067501260495,0.4822832591435065,0.0433434400222938,46.55,21.194,2.6,0.234
CMN_F4(Fe),CMN,O2,8.69,8.633642899567581,6.96,3.9309067501260495,0.4822832591435065,0.0433434400222938,45.359,20.652,2.534,0.228
CMN_F4(Fe),CMN,O3,8.69,8.633642899567581,6.96,3.9309067501260495,0.4822832591435065,0.0433434400222938,43.544,19.825,2.432,0.219
CMN_F4(Fe),CMN,O4,8.69,8.633642899567581,6.96,3.9309067501260495,0.4822832591435065,0.0433434400222938,43.422,19.77,2.426,0.218
CMN_F4(Fe),CMN,O6,8.69,8.633642899567581,6.96,3.9309067501260495,0.4822832591435065,0.0433434400222938,45.778,20.843,2.557,0.23
CMN_F4(Fe),CMN,O8,8.69,8.633642899567581,6.96,3.9309067501260495,0.4822832591435065,0.0433434400222938,45.796,20.851,2.558,0.23
CMN_F4(Fe),CMN,O9,8.69,8.633642899567581,6.96,3.9309067501260495,0.4822832591435065,0.0433434400222938,43.787,19.936,2.446,0.22
CMN_F4(Fe),CMN,P0,8.69,8.633642899567581,6.96,3.9309067501260495,0.4822832591435065,0.0433434400222938,43.808,19.946,2.447,0.22
CMN_F4(Fe),CMN,P1,8.69,8.633642899567581,6.96,3.9309067501260495,0.4822832591435065,0.0433434400222938,43.44,19.778,2.427,0.218
CMN_F4(Fe),CMN,P2,8.69,8.633642899567581,6.96,3.9309067501260495,0.4822832591435065,0.0433434400222938,45.519,20.725,2.543,0.229
CMN_F4(Fe),CMN,P3,8.69,8.633642899567581,6.96,3.9309067501260495,0.4822832591435065,0.0433434400222938,42.086,19.162,2.351,0.211
CMN_F4(Fe),CMN,P8,8.69,8.633642899567581,6.96,3.9309067501260495,0.4822832591435065,0.0433434400222938,42.593,19.392,2.379,0.214
CMN_F4(Fe),CMN,P9,8.69,8.633642899567581,6.96,3.9309067501260495,0.4822832591435065,0.0433434400222938,46.453,21.15,2.595,0.233
CMN_F4(Fe),CMN,Q0,8.69,8.633642899567581,6.96,3.9309067501260495,0.4822832591435065,0.0433434400222938,41.081,18.704,2.295,0.206
CMN_F4(Fe),CMN,Q1,8.69,8.633642899567581,6.96,3.9309067501260495,0.4822832591435065,0.0433434400222938,42.05,19.145,2.349,0.211
CMN_F6(Xu),CMN,O1,8.69,8.633642899567581,6.96,3.9309067501260495,0.4822832591435065,0.0433434400222938,50.174,22.844,2.803,0.252
CMN_F6(Xu),CMN,O2,8.69,8.633642899567581,6.96,3.9309067501260495,0.4822832591435065,0.0433434400222938,53.908,24.544,3.011,0.271
CMN_F6(Xu),CMN,O3,8.69,8.633642899567581,6.96,3.9309067501260495,0.4822832591435065,0.0433434400222938,53.205,24.224,2.972,0.267
CMN_F6(Xu),CMN,O4,8.69,8.633642899567581,6.96,3.9309067501260495,0.4822832591435065,0.0433434400222938,51.882,23.622,2.898,0.26
CMN_F6(Xu),CMN,O6,8.69,8.633642899567581,6.96,3.9309067501260495,0.4822832591435065,0.0433434400222938,50.143,22.83,2.801,0.252
CMN_F6(Xu),CMN,O8,8.69,8.633642899567581,6.96,3.9309067501260495,0.4822832591435065,0.0433434400222938,51.531,23.462,2.879,0.259
CMN_F6(Xu),CMN,O9,8.69,8.633642899567581,6.96,3.9309067501260495,0.4822832591435065,0.0433434400222938,51.781,23.576,2.893,0.26
CMN_F6(Xu),CMN,P0,8.69,8.633642899567581,6.96,3.9309067501260495,0.4822832591435065,0.0433434400222938,53.023,24.141,2.962,0.266
CMN_F6(Xu),CMN,P1,8.69,8.633642899567581,6.96,3.9309067501260495,0.4822832591435065,0.0433434400222938,48.974,22.298,2.736,0.246
CMN_F6(Xu),CMN,P2,8.69,8.633642899567581,6.96,3.9309067501260495,0.4822832591435065,0.0433434400222938,49.545,22.558,2.768,0.249
CMN_F6(Xu),CMN,P3,8.69,8.633642899567581,6.96,3.9309067501260495,0.4822832591435065,0.0433434400222938,52.188,23.761,2.915,0.262
CMN_F6(Xu),CMN,P8,8.69,8.633642899567581,6.96,3.9309067501260495,0.4822832591435065,0.0433434400222938,49.52,22.546,2.766,0.249
CMN_F6(Xu),CMN,P9,8.69,8.633642899567581,6.96,3.9309067501260495,0.4822832591435065,0.0433434400222938,51.847,23.606,2.896,0.26
CMN_F6(Xu),CMN,Q0,8.69,8.633642899567581,6.96,3.9309067501260495,0.4822832591435065,0.0433434400222938,50.087,22.805,2.798,0.251
CMN_F6(Xu),CMN,Q1,8.69,8.633642899567581,6.96,3.9309067501260495,0.4822832591435065,0.0433434400222938,52.997,24.129,2.96,0.266
CMN_M1(Cha),CMN,O1,8.69,8.633642899567581,6.96,3.9309067501260495,0.4822832591435065,0.0433434400222938,47.037,21.416,2.628,0.236
CMN_M1(Cha),CMN,O2,8.69,8.633642899567581,6.96,3.9309067501260495,0.4822832591435065,0.0433434400222938,42.019,19.131,2.347,0.211
CMN_M1(Cha),CMN,O3,8.69,8.633642899567581,6.96,3.9309067501260495,0.4822832591435065,0.0433434400222938,44.973,20.476,2.512,0.226
CMN_M1(Cha),CMN,O4,8.69,8.633642899567581,6.96,3.9309067501260495,0.4822832591435065,0.0433434400222938,44.822,20.408,2.504,0.225
CMN_M1(Cha),CMN,O6,8.69,8.633642899567581,6.96,3.9309067501260495,0.4822832591435065,0.0433434400222938,47.468,21.612,2.652,0.238
CMN_M1(Cha),CMN,O8,8.69,8.633642899567581,6.96,3.9309067501260495,0.4822832591435065,0.0433434400222938,46.504,21.174,2.598,0.233
CMN_M1(Cha),CMN,O9,8.69,8.633642899567581,6.96,3.9309067501260495,0.4822832591435065,0.0433434400222938,45.01,20.493,2.514,0.226
CMN_M1(Cha),CMN,P0,8.69,8.633642899567581,6.96,3.9309067501260495,0.4822832591435065,0.0433434400222938,45.324,20.636,2.532,0.228
CMN_M1(Cha),CMN,P1,8.69,8.633642899567581,6.96,3.9309067501260495,0.4822832591435065,0.0433434400222938,45.126,20.546,2.521,0.227
CMN_M1(Cha),CMN,P2,8.69,8.633642899567581,6.96,3.9309067501260495,0.4822832591435065,0.0433434400222938,43.548,19.828,2.433,0.219
CMN_M1(Cha),CMN,P3,8.69,8.633642899567581,6.96,3.9309067501260495,0.4822832591435065,0.0433434400222938,41.503,18.896,2.318,0.208
CMN_M1(Cha),CMN,P8,8.69,8.633642899567581,6.96,3.9309067501260495,0.4822832591435065,0.0433434400222938,40.954,18.647,2.288,0.206
CMN_M1(Cha),CMN,P9,8.69,8.633642899567581,6.96,3.9309067501260495,0.4822832591435065,0.0433434400222938,48.226,21.957,2.694,0.242
CMN_M1(Cha),CMN,Q0,8.69,8.633642899567581,6.96,3.9309067501260495,0.4822832591435065,0.0433434400222938,44.292,20.166,2.474,0.222
CMN_M1(Cha),CMN,Q1,8.69,8.633642899567581,6.96,3.9309067501260495,0.4822832591435065,0.0433434400222938,47.606,21.675,2.659,0.239
CMN_M2(Ye),CMN,O1,8.69,8.633642899567581,6.96,3.9309067501260495,0.4822832591435065,0.0433434400222938,49.99,22.76,2.792,0.251
CMN_M2(Ye),CMN,O2,8.69,8.633642899567581,6.96,3.9309067501260495,0.4822832591435065,0.0433434400222938,48.317,21.999,2.699,0.243
CMN_M2(Ye),CMN,O3,8.69,8.633642899567581,6.96,3.9309067501260495,0.4822832591435065,0.0433434400222938,45.978,20.934,2.568,0.231
CMN_M2(Ye),CMN,O4,8.69,8.633642899567581,6.96,3.9309067501260495,0.4822832591435065,0.0433434400222938,42.811,19.492,2.391,0.215
CMN_M2(Ye),CMN,O6,8.69,8.633642899567581,6.96,3.9309067501260495,0.4822832591435065,0.0433434400222938,49.283,22.439,2.753,0.247
CMN_M2(Ye),CMN,O8,8.69,8.633642899567581,6.96,3.9309067501260495,0.4822832591435065,0.0433434400222938,45.26,20.607,2.528,0.227
CMN_M2(Ye),CMN,O9,8.69,8.633642899567581,6.96,3.9309067501260495,0.4822832591435065,0.0433434400222938,45.0,20.488,2.514,0.226
CMN_M2(Ye),CMN,P0,8.69,8.633642899567581,6.96,3.9309067501260495,0.4822832591435065,0.0433434400222938,46.993,21.396,2.625,0.236
CMN_M2(Ye),CMN,P1,8.69,8.633642899567581,6.96,3.9309067501260495,0.4822832591435065,0.0433434400222938,44.761,20.38,2.5,0.225
CMN_M2(Ye),CMN,P2,8.69,8.633642899567581,6.96,3.9309067501260495,0.4822832591435065,0.0433434400222938,43.124,19.634,2.409,0.216
CMN_M2(Ye),CMN,P3,8.69,8.633642899567581,6.96,3.9309067501260495,0.4822832591435065,0.0433434400222938,45.586,20.755,2.546,0.229
CMN_M2(Ye),CMN,P8,8.69,8.633642899567581,6.96,3.9309067501260495,0.4822832591435065,0.0433434400222938,47.77,21.75,2.668,0.24
CMN_M2(Ye),CMN,P9,8.69,8.633642899567581,6.96,3.9309067501260495,0.4822832591435065,0.0433434400222938,46.489,21.166,2.597,0.233
CMN_M2(Ye),CMN,Q0,8.69,8.633642899567581,6.96,3.9309067501260495,0.4822832591435065,0.0433434400222938,49.503,22.539,2.765,0.249
CMN_M2(Ye),CMN,Q1,8.69,8.633642899567581,6.96,3.9309067501260495,0.4822832591435065,0.0433434400222938,44.25,20.147,2.472,0.222
CMN_M4(Yi),CMN,O1,8.69,8.633642899567581,6.96,3.9309067501260495,0.4822832591435065,0.0433434400222938,39.776,18.11,2.222,0.2
CMN_M4(Yi),CMN,O2,8.69,8.633642899567581,6.96,3.9309067501260495,0.4822832591435065,0.0433434400222938,38.319,17.446,2.141,0.192
CMN_M4(Yi),CMN,O3,8.69,8.633642899567581,6.96,3.9309067501260495,0.4822832591435065,0.0433434400222938,36.791,16.751,2.055,0.185
CMN_M4(Yi),CMN,O4,8.69,8.633642899567581,6.96,3.9309067501260495,0.4822832591435065,0.0433434400222938,39.076,17.791,2.183,0.196
CMN_M4(Yi),CMN,O6,8.69,8.633642899567581,6.96,3.9309067501260495,0.4822832591435065,0.0433434400222938,42.308,19.263,2.363,0.212
CMN_M4(Yi),CMN,O8,8.69,8.633642899567581,6.96,3.9309067501260495,0.4822832591435065,0.0433434400222938,37.338,17.0,2.086,0.187
CMN_M4(Yi),CMN,O9,8.69,8.633642899567581,6.96,3.9309067501260495,0.4822832591435065,0.0433434400222938,40.802,18.577,2.279,0.205
CMN_M4(Yi),CMN,P0,8.69,8.633642899567581,6.96,3.9309067501260495,0.4822832591435065,0.0433434400222938,39.655,18.055,2.215,0.199
CMN_M4(Yi),CMN,P1,8.69,8.633642899567581,6.96,3.9309067501260495,0.4822832591435065,0.0433434400222938,36.725,16.721,2.052,0.184
CMN_M4(Yi),CMN,P2,8.69,8.633642899567581,6.96,3.9309067501260495,0.4822832591435065,0.0433434400222938,40.492,18.436,2.262,0.203
CMN_M4(Yi),CMN,P3,8.69,8.633642899567581,6.96,3.9309067501260495,0.4822832591435065,0.0433434400222938,38.796,17.664,2.167,0.195
CMN_M4(Yi),CMN,P8,8.69,8.633642899567581,6.96,3.9309067501260495,0.4822832591435065,0.0433434400222938,42.487,19.345,2.373,0.213
CMN_M4(Yi),CMN,P9,8.69,8.633642899567581,6.96,3.9309067501260495,0.4822832591435065,0.0433434400222938,40.116,18.265,2.241,0.201
CMN_M4(Yi),CMN,Q0,8.69,8.633642899567581,6.96,3.9309067501260495,0.4822832591435065,0.0433434400222938,38.022,17.312,2.124,0.191
CMN_M4(Yi),CMN,Q1,8.69,8.633642899567581,6.96,3.9309067501260495,0.4822832591435065,0.0433434400222938,44.983,20.481,2.513,0.226
CMN_M5(Qi),CMN,O1,8.69,8.633642899567581,6.96,3.9309067501260495,0.4822832591435065,0.0433434400222938,40.823,18.587,2.28,0.205
CMN_M5(Qi),CMN,O2,8.69,8.633642899567581,6.96,3.9309067501260495,0.4822832591435065,0.0433434400222938,41.882,19.069,2.34,0.21
CMN_M5(Qi),CMN,O3,8.69,8.633642899567581,6.96,3.9309067501260495,0.4822832591435065,0.0433434400222938,41.788,19.026,2.334,0.21
CMN_M5(Qi),CMN,O4,8.69,8.633642899567581,6.96,3.9309067501260495,0.4822832591435065,0.0433434400222938,47.06,21.426,2.629,0.236
CMN_M5(Qi),CMN,O6,8.69,8.633642899567581,6.96,3.9309067501260495,0.4822832591435065,0.0433434400222938,45.075,20.523,2.518,0.226
CMN_M5(Qi),CMN,O8,8.69,8.633642899567581,6.96,3.9309067501260495,0.4822832591435065,0.0433434400222938,40.91,18.626,2.285,0.205
CMN_M5(Qi),CMN,O9,8.69,8.633642899567581,6.96,3.9309067501260495,0.4822832591435065,0.0433434400222938,39.361,17.921,2.199,0.198
CMN_M5(Qi),CMN,P0,8.69,8.633642899567581,6.96,3.9309067501260495,0.4822832591435065,0.0433434400222938,46.91,21.358,2.62,0.236
CMN_M5(Qi),CMN,P1,8.69,8.633642899567581,6.96,3.9309067501260495,0.4822832591435065,0.0433434400222938,39.457,17.965,2.204,0.198
CMN_M5(Qi),CMN,P2,8.69,8.633642899567581,6.96,3.9309067501260495,0.4822832591435065,0.0433434400222938,38.44,17.502,2.147,0.193
CMN_M5(Qi),CMN,P3,8.69,8.633642899567581,6.96,3.9309067501260495,0.4822832591435065,0.0433434400222938,43.547,19.827,2.433,0.219
CMN_M5(Qi),CMN,P8,8.69,8.633642899567581,6.96,3.9309067501260495,0.4822832591435065,0.0433434400222938,45.982,20.936,2.569,0.231
CMN_M5(Qi),CMN,P9,8.69,8.633642899567581,6.96,3.9309067501260495,0.4822832591435065,0.0433434400222938,45.974,20.932,2.568,0.231
CMN_M5(Qi),CMN,Q0,8.69,8.633642899567581,6.96,3.9309067501260495,0.4822832591435065,0.0433434400222938,43.473,19.793,2.428,0.218
CMN_M5(Qi),CMN,Q1,8.69,8.633642899567581,6.96,3.9309067501260495,0.4822832591435065,0.0433434400222938,44.926,20.455,2.51,0.226
CMN_M6(Na),CMN,O1,8.69,8.633642899567581,6.96,3.9309067501260495,0.4822832591435065,0.0433434400222938,42.535,19.366,2.376,0.214
CMN_M6(Na),CMN,O2,8.69,8.633642899567581,6.96,3.9309067501260495,0.4822832591435065,0.0433434400222938,51.028,23.233,2.85,0.256
CMN_M6(Na),CMN,O3,8.69,8.633642899567581,6.96,3.9309067501260495,0.4822832591435065,0.0433434400222938,48.006,21.857,2.682,0.241
CMN_M6(Na),CMN,O4,8.69,8.633642899567581,6.96,3.9309067501260495,0.4822832591435065,0.0433434400222938,49.685,22.622,2.775,0.249
CMN_M6(Na),CMN,O6,8.69,8.633642899567581,6.96,3.9309067501260495,0.4822832591435065,0.0433434400222938,46.836,21.324,2.616,0.235
CMN_M6(Na),CMN,O8,8.69,8.633642899567581,6.96,3.9309067501260495,0.4822832591435065,0.0433434400222938,50.838,23.146,2.84,0.255
CMN_M6(Na),CMN,O9,8.69,8.633642899567581,6.96,3.9309067501260495,0.4822832591435065,0.0433434400222938,48.183,21.938,2.692,0.242
CMN_M6(Na),CMN,P0,8.69,8.633642899567581,6.96,3.9309067501260495,0.4822832591435065,0.0433434400222938,46.596,21.215,2.603,0.234
CMN_M6(Na),CMN,P1,8.69,8.633642899567581,6.96,3.9309067501260495,0.4822832591435065,0.0433434400222938,44.75,20.375,2.5,0.225
CMN_M6(Na),CMN,P2,8.69,8.633642899567581,6.96,3.9309067501260495,0.4822832591435065,0.0433434400222938,45.821,20.862,2.56,0.23
CMN_M6(Na),CMN,P3,8.69,8.633642899567581,6.96,3.9309067501260495,0.4822832591435065,0.0433434400222938,42.502,19.351,2.374,0.213
CMN_M6(Na),CMN,P8,8.69,8.633642899567581,6.96,3.9309067501260495,0.4822832591435065,0.0433434400222938,47.363,21.565,2.646,0.238
CMN_M6(Na),CMN,P9,8.69,8.633642899567581,6.96,3.9309067501260495,0.4822832591435065,0.0433434400222938,49.636,22.599,2.773,0.249
CMN_M6(Na),CMN,Q0,8.69,8.633642899567581,6.96,3.9309067501260495,0.4822832591435065,0.0433434400222938,45.569,20.747,2.546,0.229
CMN_M6(Na),CMN,Q1,8.69,8.633642899567581,6.96,3.9309067501260495,0.4822832591435065,0.0433434400222938,47.647,21.694,2.662,0.239
DEU_aj,DEU,O1,9.3,8.820483870123766,6.08,3.830103002937743,1.5171280210584683,0.9263657908142102,39.253,17.045,6.752,4.123
DEU_aj,DEU,O4,9.3,8.820483870123766,6.08,3.830103002937743,1.5171280210584683,0.9263657908142102,42.779,18.576,7.358,4.493
DEU_aj,DEU,O6,9.3,8.820483870123766,6.08,3.830103002937743,1.5171280210584683,0.9263657908142102,38.814,16.854,6.676,4.076
DEU_aj,DEU,O9,9.3,8.820483870123766,6.08,3.830103002937743,1.5171280210584683,0.9263657908142102,37.916,16.464,6.522,3.982
DEU_aj,DEU,P0,9.3,8.820483870123766,6.08,3.830103002937743,1.5171280210584683,0.9263657908142102,42.167,18.31,7.253,4.429
DEU_aj,DEU,Q0,9.3,8.820483870123766,6.08,3.830103002937743,1.5171280210584683,0.9263657908142102,42.002,18.239,7.224,4.411
DEU_bg,DEU,O2,9.3,8.820483870123766,6.08,3.830103002937743,1.5171280210584683,0.9263657908142102,43.778,19.01,7.53,4.598
DEU_bg,DEU,O3,9.3,8.820483870123766,6.08,3.830103002937743,1.5171280210584683,0.9263657908142102,40.916,17.767,7.038,4.297
DEU_bg,DEU,O8,9.3,8.820483870123766,6.08,3.830103002937743,1.5171280210584683,0.9263657908142102,44.324,19.247,7.624,4.655
DEU_bg,DEU,P1,9.3,8.820483870123766,6.08,3.830103002937743,1.5171280210584683,0.9263657908142102,45.883,19.924,7.892,4.819
DEU_bg,DEU,P2,9.3,8.820483870123766,6.08,3.830103002937743,1.5171280210584683,0.9263657908142102,41.422,17.987,7.125,4.35
DEU_bg,DEU,P3,9.3,8.820483870123766,6.08,3.830103002937743,1.5171280210584683,0.9263657908142102,45.727,19.856,7.865,4.802
DEU_bg,DEU,P8,9.3,8.820483870123766,6.08,3.830103002937743,1.5171280210584683,0.9263657908142102,37.397,16.239,6.432,3.928
DEU_bg,DEU,P9,9.3,8.820483870123766,6.08,3.830103002937743,1.5171280210584683,0.9263657908142102,40.334,17.514,6.937,4.236
DEU_bg,DEU,Q1,9.3,8.820483870123766,6.08,3.830103002937743,1.5171280210584683,0.9263657908142102,40.404,17.545,6.949,4.243
DEU_ga,DEU,O1,9.3,8.820483870123766,6.08,3.830103002937743,1.5171280210584683,0.9263657908142102,47.168,20.482,8.113,4.954
DEU_ga,DEU,O4,9.3,8.820483870123766,6.08,3.830103002937743,1.5171280210584683,0.9263657908142102,44.324,19.247,7.624,4.655
DEU_ga,DEU,O6,9.3,8.820483870123766,6.08,3.830103002937743,1.5171280210584683,0.9263657908142102,43.55,18.911,7.491,4.574
DEU_ga,DEU,O9,9.3,8.820483870123766,6.08,3.830103002937743,1.5171280210584683,0.9263657908142102,35.833,15.56,6.163,3.763
DEU_ga,DEU,P0,9.3,8.820483870123766,6.08,3.830103002937743,1.5171280210584683,0.9263657908142102,42.984,18.665,7.393,4.514
DEU_ga,DEU,Q0,9.3,8.820483870123766,6.08,3.830103002937743,1.5171280210584683,0.9263657908142102,45.867,19.917,7.889,4.817
DEU_hm,DEU,O2,9.3,8.820483870123766,6.08,3.830103002937743,1.5171280210584683,0.9263657908142102,40.443,17.562,6.956,4.248
DEU_hm,DEU,O3,9.3,8.820483870123766,6.08,3.830103002937743,1.5171280210584683,0.9263657908142102,39.255,17.046,6.752,4.123
DEU_hm,DEU,O8,9.3,8.820483870123766,6.08,3.830103002937743,1.5171280210584683,0.9263657908142102,44.313,19.242,7.622,4.654
DEU_hm,DEU,P1,9.3,8.820483870123766,6.08,3.830103002937743,1.5171280210584683,0.9263657908142102,45.366,19.699,7.803,4.765
DEU_hm,DEU,P2,9.3,8.820483870123766,6.08,3.830103002937743,1.5171280210584683,0.9263657908142102,40.718,17.681,7.004,4.276
DEU_hm,DEU,P3,9.3,8.820483870123766,6.08,3.830103002937743,1.5171280210584683,0.9263657908142102,39.111,16.983,6.727,4.108
DEU_hm,DEU,P8,9.3,8.820483870123766,6.08,3.830103002937743,1.5171280210584683,0.9263657908142102,34.74,15.085,5.975,3.649
DEU_hm,DEU,P9,9.3,8.820483870123766,6.08,3.830103002937743,1.5171280210584683,0.9263657908142102,42.353,18.391,7.285,4.448
DEU_hm,DEU,Q1,9.3,8.820483870123766,6.08,3.830103002937743,1.5171280210584683,0.9263657908142102,43.806,19.022,7.535,4.601
DEU_jm,DEU,O2,9.3,8.820483870123766,6.08,3.830103002937743,1.5171280210584683,0.9263657908142102,45.623,19.811,7.847,4.792
DEU_jm,DEU,O3,9.3,8.820483870123766,6.08,3.830103002937743,1.5171280210584683,0.9263657908142102,43.454,18.869,7.474,4.564
DEU_jm,DEU,O8,9.3,8.820483870123766,6.08,3.830103002937743,1.5171280210584683,0.9263657908142102,48.532,21.074,8.348,5.097
DEU_jm,DEU,P1,9.3,8.820483870123766,6.08,3.830103002937743,1.5171280210584683,0.9263657908142102,44.342,19.255,7.627,4.657
DEU_jm,DEU,P2,9.3,8.820483870123766,6.08,3.830103002937743,1.5171280210584683,0.9263657908142102,43.027,18.683,7.401,4.519
DEU_jm,DEU,P3,9.3,8.820483870123766,6.08,3.830103002937743,1.5171280210584683,0.9263657908142102,43.125,18.726,7.418,4.529
DEU_jm,DEU,P8,9.3,8.820483870123766,6.08,3.830103002937743,1.5171280210584683,0.9263657908142102,43.913,19.068,7.553,4.612
DEU_jm,DEU,P9,9.3,8.820483870123766,6.08,3.830103002937743,1.5171280210584683,0.9263657908142102,47.783,20.749,8.219,5.018
DEU_jm,DEU,Q1,9.3,8.820483870123766,6.08,3.830103002937743,1.5171280210584683,0.9263657908142102,42.7,18.542,7.344,4.485
DEU_mi,DEU,O2,9.3,8.820483870123766,6.08,3.830103002937743,1.5171280210584683,0.9263657908142102,40.109,17.416,6.899,4.212
DEU_mi,DEU,O3,9.3,8.820483870123766,6.08,3.830103002937743,1.5171280210584683,0.9263657908142102,38.716,16.812,6.659,4.066
DEU_mi,DEU,O8,9.3,8.820483870123766,6.08,3.830103002937743,1.5171280210584683,0.9263657908142102,41.82,18.159,7.193,4.392
DEU_mi,DEU,P1,9.3,8.820483870123766,6.08,3.830103002937743,1.5171280210584683,0.9263657908142102,41.39,17.973,7.119,4.347
DEU_mi,DEU,P2,9.3,8.820483870123766,6.08,3.830103002937743,1.5171280210584683,0.9263657908142102,38.368,16.66,6.599,4.03
DEU_mi,DEU,P3,9.3,8.820483870123766,6.08,3.830103002937743,1.5171280210584683,0.9263657908142102,39.843,17.301,6.853,4.185
DEU_mi,DEU,P8,9.3,8.820483870123766,6.08,3.830103002937743,1.5171280210584683,0.9263657908142102,42.089,18.276,7.239,4.42
DEU_mi,DEU,P9,9.3,8.820483870123766,6.08,3.830103002937743,1.5171280210584683,0.9263657908142102,40.903,17.761,7.035,4.296
DEU_mi,DEU,Q1,9.3,8.820483870123766,6.08,3.830103002937743,1.5171280210584683,0.9263657908142102,39.552,17.175,6.803,4.154
DEU_mj,DEU,O1,9.3,8.820483870123766,6.08,3.830103002937743,1.5171280210584683,0.9263657908142102,42.582,18.49,7.324,4.472
DEU_mj,DEU,O4,9.3,8.820483870123766,6.08,3.830103002937743,1.5171280210584683,0.9263657908142102,40.677,17.663,6.996,4.272
DEU_mj,DEU,O6,9.3,8.820483870123766,6.08,3.830103002937743,1.5171280210584683,0.9263657908142102,42.17,18.311,7.253,4.429
DEU_mj,DEU,O9,9.3,8.820483870123766,6.08,3.830103002937743,1.5171280210584683,0.9263657908142102,38.762,16.832,6.667,4.071
DEU_mj,DEU,P0,9.3,8.820483870123766,6.08,3.830103002937743,1.5171280210584683,0.9263657908142102,40.241,17.474,6.921,4.226
DEU_mj,DEU,Q0,9.3,8.820483870123766,6.08,3.830103002937743,1.5171280210584683,0.9263657908142102,44.312,19.242,7.622,4.654
DEU_qk,DEU,O1,9.3,8.820483870123766,6.08,3.830103002937743,1.5171280210584683,0.9263657908142102,43.069,18.702,7.408,4.523
DEU_qk,DEU,O4,9.3,8.820483870123766,6.08,3.830103002937743,1.5171280210584683,0.9263657908142102,47.171,20.483,8.114,4.954
DEU_qk,DEU,O6,9.3,8.820483870123766,6.08,3.830103002937743,1.5171280210584683,0.9263657908142102,44.85,19.475,7.714,4.71
DEU_qk,DEU,O9,9.3,8.820483870123766,6.08,3.830103002937743,1.5171280210584683,0.9263657908142102,45.536,19.773,7.832,4.782
DEU_qk,DEU,P0,9.3,8.820483870123766,6.08,3.830103002937743,1.5171280210584683,0.9263657908142102,42.185,18.318,7.256,4.43
DEU_qk,DEU,Q0,9.3,8.820483870123766,6.08,3.830103002937743,1.5171280210584683,0.9263657908142102,43.856,19.044,7.543,4.606
DEU_sm,DEU,O1,9.3,8.820483870123766,6.08,3.830103002937743,1.5171280210584683,0.9263657908142102,50.226,21.809,8.639,5.275
DEU_sm,DEU,O4,9.3,8.820483870123766,6.08,3.830103002937743,1.5171280210584683,0.9263657908142102,50.937,22.118,8.761,5.35
DEU_sm,DEU,O6,9.3,8.820483870123766,6.08,3.830103002937743,1.5171280210584683,0.9263657908142102,47.062,20.435,8.095,4.943
DEU_sm,DEU,O9,9.3,8.820483870123766,6.08,3.830103002937743,1.5171280210584683,0.9263657908142102,45.538,19.774,7.833,4.783
DEU_sm,DEU,P0,9.3,8.820483870123766,6.08,3.830103002937743,1.5171280210584683,0.9263657908142102,48.393,21.014,8.324,5.082
DEU_sm,DEU,Q0,9.3,8.820483870123766,6.08,3.830103002937743,1.5171280210584683,0.9263657908142102,50.435,21.9,8.675,5.297
DEU_ss,DEU,O2,9.3,8.820483870123766,6.08,3.830103002937743,1.5171280210584683,0.9263657908142102,40.078,17.403,6.893,4.209
DEU_ss,DEU,O3,9.3,8.820483870123766,6.08,3.830103002937743,1.5171280210584683,0.9263657908142102,36.803,15.981,6.33,3.865
DEU_ss,DEU,O8,9.3,8.820483870123766,6.08,3.830103002937743,1.5171280210584683,0.9263657908142102,40.929,17.773,7.04,4.299
DEU_ss,DEU,P1,9.3,8.820483870123766,6.08,3.830103002937743,1.5171280210584683,0.9263657908142102,38.25,16.609,6.579,4.017
DEU_ss,DEU,P2,9.3,8.820483870123766,6.08,3.830103002937743,1.5171280210584683,0.9263657908142102,39.681,17.231,6.825,4.168
DEU_ss,DEU,P3,9.3,8.820483870123766,6.08,3.830103002937743,1.5171280210584683,0.9263657908142102,40.184,17.449,6.912,4.22
DEU_ss,DEU,P8,9.3,8.820483870123766,6.08,3.830103002937743,1.5171280210584683,0.9263657908142102,41.915,18.2,7.209,4.402
DEU_ss,DEU,P9,9.3,8.820483870123766,6.08,3.830103002937743,1.5171280210584683,0.9263657908142102,37.594,16.324,6.466,3.948
DEU_ss,DEU,Q1,9.3,8.820483870123766,6.08,3.830103002937743,1.5171280210584683,0.9263657908142102,42.508,18.458,7.311,4.464
ENG_fa,ENG,O1,9.51,9.44108879814623,7.09,3.558196833557675,1.063744297767384,0.6066139114792799,46.722,17.609,5.264,3.002
ENG_fa,ENG,O2,9.51,9.44108879814623,7.09,3.558196833557675,1.063744297767384,0.6066139114792799,49.319,18.588,5.557,3.169
ENG_fa,ENG,O3,9.51,9.44108879814623,7.09,3.558196833557675,1.063744297767384,0.6066139114792799,48.038,18.105,5.413,3.087
ENG_fa,ENG,O4,9.51,9.44108879814623,7.09,3.558196833557675,1.063744297767384,0.6066139114792799,39.408,14.852,4.44,2.532
ENG_fa,ENG,O6,9.51,9.44108879814623,7.09,3.558196833557675,1.063744297767384,0.6066139114792799,41.265,15.552,4.649,2.651
ENG_fa,ENG,O8,9.51,9.44108879814623,7.09,3.558196833557675,1.063744297767384,0.6066139114792799,47.682,17.971,5.372,3.064
ENG_fa,ENG,O9,9.51,9.44108879814623,7.09,3.558196833557675,1.063744297767384,0.6066139114792799,43.873,16.535,4.943,2.819
ENG_fa,ENG,P1,9.51,9.44108879814623,7.09,3.558196833557675,1.063744297767384,0.6066139114792799,49.41,18.622,5.567,3.175
ENG_fa,ENG,P2,9.51,9.44108879814623,7.09,3.558196833557675,1.063744297767384,0.6066139114792799,44.988,16.955,5.069,2.891
ENG_fa,ENG,P3,9.51,9.44108879814623,7.09,3.558196833557675,1.063744297767384,0.6066139114792799,46.082,17.367,5.192,2.961
ENG_fb,ENG,Q0,9.51,9.44108879814623,7.09,3.558196833557675,1.063744297767384,0.6066139114792799,49.054,18.488,5.527,3.152
ENG_fb,ENG,Q1,9.51,9.44108879814623,7.09,3.558196833557675,1.063744297767384,0.6066139114792799,47.291,17.823,5.328,3.039
ENG_fc,ENG,P0,9.51,9.44108879814623,7.09,3.558196833557675,1.063744297767384,0.6066139114792799,45.894,17.297,5.171,2.949
ENG_fc,ENG,P8,9.51,9.44108879814623,7.09,3.558196833557675,1.063744297767384,0.6066139114792799,51.79,19.519,5.835,3.328
ENG_fc,ENG,P9,9.51,9.44108879814623,7.09,3.558196833557675,1.063744297767384,0.6066139114792799,46.995,17.712,5.295,3.02
ENG_fc,ENG,Q0,9.51,9.44108879814623,7.09,3.558196833557675,1.063744297767384,0.6066139114792799,45.946,17.316,5.177,2.952
ENG_fc,ENG,Q1,9.51,9.44108879814623,7.09,3.558196833557675,1.063744297767384,0.6066139114792799,44.958,16.944,5.065,2.889
ENG_fd,ENG,O1,9.51,9.44108879814623,7.09,3.558196833557675,1.063744297767384,0.6066139114792799,50.61,19.074,5.702,3.252
ENG_fd,ENG,O2,9.51,9.44108879814623,7.09,3.558196833557675,1.063744297767384,0.6066139114792799,49.69,18.727,5.599,3.193
ENG_fd,ENG,O3,9.51,9.44108879814623,7.09,3.558196833557675,1.063744297767384,0.6066139114792799,51.668,19.473,5.821,3.32
ENG_fd,ENG,O4,9.51,9.44108879814623,7.09,3.558196833557675,1.063744297767384,0.6066139114792799,45.649,17.204,5.143,2.933
ENG_fd,ENG,O6,9.51,9.44108879814623,7.09,3.558196833557675,1.063744297767384,0.6066139114792799,47.384,17.858,5.339,3.045
ENG_fd,ENG,O8,9.51,9.44108879814623,7.09,3.558196833557675,1.063744297767384,0.6066139114792799,50.227,18.93,5.659,3.227
ENG_fd,ENG,O9,9.51,9.44108879814623,7.09,3.558196833557675,1.063744297767384,0.6066139114792799,47.205,17.791,5.319,3.033
ENG_fe,ENG,O1,9.51,9.44108879814623,7.09,3.558196833557675,1.063744297767384,0.6066139114792799,47.46,17.887,5.347,3.049
ENG_fe,ENG,O2,9.51,9.44108879814623,7.09,3.558196833557675,1.063744297767384,0.6066139114792799,47.569,17.928,5.36,3.056
ENG_fe,ENG,O3,9.51,9.44108879814623,7.09,3.558196833557675,1.063744297767384,0.6066139114792799,49.324,18.59,5.557,3.169
ENG_fe,ENG,O4,9.51,9.44108879814623,7.09,3.558196833557675,1.063744297767384,0.6066139114792799,46.783,17.632,5.271,3.006
ENG_ff,ENG,O6,9.51,9.44108879814623,7.09,3.558196833557675,1.063744297767384,0.6066139114792799,43.211,16.285,4.869,2.776
ENG_ff,ENG,O8,9.51,9.44108879814623,7.09,3.558196833557675,1.063744297767384,0.6066139114792799,46.508,17.528,5.24,2.988
ENG_ff,ENG,O9,9.51,9.44108879814623,7.09,3.558196833557675,1.063744297767384,0.6066139114792799,43.491,16.391,4.9,2.794
ENG_ff,ENG,P0,9.51,9.44108879814623,7.09,3.558196833557675,1.063744297767384,0.6066139114792799,42.967,16.194,4.841,2.761
ENG_ff,ENG,P1,9.51,9.44108879814623,7.09,3.558196833557675,1.063744297767384,0.6066139114792799,46.815,17.644,5.275,3.008
ENG_ff,ENG,P2,9.51,9.44108879814623,7.09,3.558196833557675,1.063744297767384,0.6066139114792799,48.687,18.349,5.486,3.128
ENG_ff,ENG,P3,9.51,9.44108879814623,7.09,3.558196833557675,1.063744297767384,0.6066139114792799,51.486,19.404,5.801,3.308
ENG_ff,ENG,P8,9.51,9.44108879814623,7.09,3.558196833557675,1.063744297767384,0.6066139114792799,47.756,17.999,5.381,3.068
ENG_ff,ENG,P9,9.51,9.44108879814623,7.09,3.558196833557675,1.063744297767384,0.6066139114792799,48.495,18.277,5.464,3.116
ENG_fg,ENG,P0,9.51,9.44108879814623,7.09,3.558196833557675,1.063744297767384,0.6066139114792799,46.674,17.591,5.259,2.999
ENG_fg,ENG,P1,9.51,9.44108879814623,7.09,3.558196833557675,1.063744297767384,0.6066139114792799,49.818,18.776,5.613,3.201
ENG_fg,ENG,P2,9.51,9.44108879814623,7.09,3.558196833557675,1.063744297767384,0.6066139114792799,46.266,17.437,5.213,2.973
ENG_fg,ENG,P3,9.51,9.44108879814623,7.09,3.558196833557675,1.063744297767384,0.6066139114792799,51.206,19.299,5.769,3.29
ENG_fg,ENG,P8,9.51,9.44108879814623,7.09,3.558196833557675,1.063744297767384,0.6066139114792799,48.515,18.284,5.466,3.117
ENG_fg,ENG,P9,9.51,9.44108879814623,7.09,3.558196833557675,1.063744297767384,0.6066139114792799,55.057,20.75,6.203,3.538
ENG_fg,ENG,Q1,9.51,9.44108879814623,7.09,3.558196833557675,1.063744297767384,0.6066139114792799,47.342,17.842,5.334,3.042
ENG_fh,ENG,Q0,9.51,9.44108879814623,7.09,3.558196833557675,1.063744297767384,0.6066139114792799,42.142,15.883,4.748,2.708
ENG_fi,ENG,O1,9.51,9.44108879814623,7.09,3.558196833557675,1.063744297767384,0.6066139114792799,45.281,17.066,5.102,2.909
ENG_fi,ENG,O2,9.51,9.44108879814623,7.09,3.558196833557675,1.063744297767384,0.6066139114792799,41.935,15.804,4.725,2.694
ENG_fi,ENG,O3,9.51,9.44108879814623,7.09,3.558196833557675,1.063744297767384,0.6066139114792799,46.024,17.346,5.186,2.957
ENG_fi,ENG,O4,9.51,9.44108879814623,7.09,3.558196833557675,1.063744297767384,0.6066139114792799,39.954,15.058,4.502,2.567
ENG_fi,ENG,O6,9.51,9.44108879814623,7.09,3.558196833557675,1.063744297767384,0.6066139114792799,43.416,16.363,4.892,2.79
ENG_fi,ENG,O8,9.51,9.44108879814623,7.09,3.558196833557675,1.063744297767384,0.6066139114792799,46.562,17.549,5.246,2.992
ENG_fi,ENG,O9,9.51,9.44108879814623,7.09,3.558196833557675,1.063744297767384,0.6066139114792799,48.545,18.296,5.47,3.119
ENG_fi,ENG,P1,9.51,9.44108879814623,7.09,3.558196833557675,1.063744297767384,0.6066139114792799,43.987,16.578,4.956,2.826
ENG_fi,ENG,P2,9.51,9.44108879814623,7.09,3.558196833557675,1.063744297767384,0.6066139114792799,42.053,15.849,4.738,2.702
ENG_fi,ENG,P3,9.51,9.44108879814623,7.09,3.558196833557675,1.063744297767384,0.6066139114792799,46.343,17.466,5.222,2.978
ENG_fj,ENG,P0,9.51,9.44108879814623,7.09,3.558196833557675,1.063744297767384,0.6066139114792799,40.76,15.362,4.593,2.619
ENG_fj,ENG,P8,9.51,9.44108879814623,7.09,3.558196833557675,1.063744297767384,0.6066139114792799,44.958,16.944,5.065,2.889
ENG_fj,ENG,P9,9.51,9.44108879814623,7.09,3.558196833557675,1.063744297767384,0.6066139114792799,44.826,16.894,5.051,2.88
ENG_fj,ENG,Q0,9.51,9.44108879814623,7.09,3.558196833557675,1.063744297767384,0.6066139114792799,47.439,17.879,5.345,3.048
ENG_fj,ENG,Q1,9.51,9.44108879814623,7.09,3.558196833557675,1.063744297767384,0.6066139114792799,39.629,14.936,4.465,2.546
EUS_F1(Am),EUS,O1,8.32,,4.83,,,,,,,
EUS_F1(Am),EUS,O2,8.32,,4.83,,,,,,,
EUS_F1(Am),EUS,O3,8.32,,4.83,,,,,,,
EUS_F1(Am),EUS,O4,8.32,,4.83,,,,,,,
EUS_F1(Am),EUS,O6,8.32,,4.83,,,,,,,
EUS_F1(Am),EUS,O8,8.32,,4.83,,,,,,,
EUS_F1(Am),EUS,O9,8.32,,4.83,,,,,,,
EUS_F1(Am),EUS,P0,8.32,,4.83,,,,,,,
EUS_F1(Am),EUS,P1,8.32,,4.83,,,,,,,
EUS_F1(Am),EUS,P2,8.32,,4.83,,,,,,,
EUS_F1(Am),EUS,P3,8.32,,4.83,,,,,,,
EUS_F1(Am),EUS,P8,8.32,,4.83,,,,,,,
EUS_F1(Am),EUS,P9,8.32,,4.83,,,,,,,
EUS_F1(Am),EUS,Q0,8.32,,4.83,,,,,,,
EUS_F1(Am),EUS,Q1,8.32,,4.83,,,,,,,
EUS_F2(Ux),EUS,O1,8.32,,4.83,,,,,,,
EUS_F2(Ux),EUS,O2,8.32,,4.83,,,,,,,
EUS_F2(Ux),EUS,O3,8.32,,4.83,,,,,,,
EUS_F2(Ux),EUS,O4,8.32,,4.83,,,,,,,
EUS_F2(Ux),EUS,O6,8.32,,4.83,,,,,,,
EUS_F2(Ux),EUS,O8,8.32,,4.83,,,,,,,
EUS_F2(Ux),EUS,O9,8.32,,4.83,,,,,,,
EUS_F2(Ux),EUS,P0,8.32,,4.83,,,,,,,
EUS_F2(Ux),EUS,P1,8.32,,4.83,,,,,,,
EUS_F2(Ux),EUS,P2,8.32,,4.83,,,,,,,
EUS_F2(Ux),EUS,P3,8.32,,4.83,,,,,,,
EUS_F2(Ux),EUS,P8,8.32,,4.83,,,,,,,
EUS_F2(Ux),EUS,P9,8.32,,4.83,,,,,,,
EUS_F2(Ux),EUS,Q0,8.32,,4.83,,,,,,,
EUS_F2(Ux),EUS,Q1,8.32,,4.83,,,,,,,
EUS_F3(En),EUS,O1,8.32,,4.83,,,,,,,
EUS_F3(En),EUS,O2,8.32,,4.83,,,,,,,
EUS_F3(En),EUS,O3,8.32,,4.83,,,,,,,
EUS_F3(En),EUS,O4,8.32,,4.83,,,,,,,
EUS_F3(En),EUS,O6,8.32,,4.83,,,,,,,
EUS_F3(En),EUS,O8,8.32,,4.83,,,,,,,
EUS_F3(En),EUS,O9,8.32,,4.83,,,,,,,
EUS_F3(En),EUS,P0,8.32,,4.83,,,,,,,
EUS_F3(En),EUS,P1,8.32,,4.83,,,,,,,
EUS_F3(En),EUS,P2,8.32,,4.83,,,,,,,
EUS_F3(En),EUS,P3,8.32,,4.83,,,,,,,
EUS_F3(En),EUS,P8,8.32,,4.83,,,,,,,
EUS_F3(En),EUS,P9,8.32,,4.83,,,,,,,
EUS_F3(En),EUS,Q0,8.32,,4.83,,,,,,,
EUS_F3(En),EUS,Q1,8.32,,4.83,,,,,,,
EUS_F4(Ux2),EUS,O1,8.32,,4.83,,,,,,,
EUS_F4(Ux2),EUS,O2,8.32,,4.83,,,,,,,
EUS_F4(Ux2),EUS,O3,8.32,,4.83,,,,,,,
EUS_F4(Ux2),EUS,O4,8.32,,4.83,,,,,,,
EUS_F4(Ux2),EUS,O6,8.32,,4.83,,,,,,,
EUS_F4(Ux2),EUS,O8,8.32,,4.83,,,,,,,
EUS_F4(Ux2),EUS,O9,8.32,,4.83,,,,,,,
EUS_F4(Ux2),EUS,P0,8.32,,4.83,,,,,,,
EUS_F4(Ux2),EUS,P1,8.32,,4.83,,,,,,,
EUS_F4(Ux2),EUS,P2,8.32,,4.83,,,,,,,
EUS_F4(Ux2),EUS,P3,8.32,,4.83,,,,,,,
EUS_F4(Ux2),EUS,P8,8.32,,4.83,,,,,,,
EUS_F4(Ux2),EUS,P9,8.32,,4.83,,,,,,,
EUS_F4(Ux2),EUS,Q0,8.32,,4.83,,,,,,,
EUS_F4(Ux2),EUS,Q1,8.32,,4.83,,,,,,,
EUS_F5(Am2),EUS,O1,8.32,,4.83,,,,,,,
EUS_F5(Am2),EUS,O2,8.32,,4.83,,,,,,,
EUS_F5(Am2),EUS,O3,8.32,,4.83,,,,,,,
EUS_F5(Am2),EUS,O4,8.32,,4.83,,,,,,,
EUS_F5(Am2),EUS,O6,8.32,,4.83,,,,,,,
EUS_F5(Am2),EUS,O8,8.32,,4.83,,,,,,,
EUS_F5(Am2),EUS,O9,8.32,,4.83,,,,,,,
EUS_F5(Am2),EUS,P0,8.32,,4.83,,,,,,,
EUS_F5(Am2),EUS,P1,8.32,,4.83,,,,,,,
EUS_F5(Am2),EUS,P2,8.32,,4.83,,,,,,,
EUS_F5(Am2),EUS,P3,8.32,,4.83,,,,,,,
EUS_F5(Am2),EUS,P8,8.32,,4.83,,,,,,,
EUS_F5(Am2),EUS,P9,8.32,,4.83,,,,,,,
EUS_F5(Am2),EUS,Q0,8.32,,4.83,,,,,,,
EUS_F5(Am2),EUS,Q1,8.32,,4.83,,,,,,,
EUS_M1(Bo),EUS,O1,8.32,,4.83,,,,,,,
EUS_M1(Bo),EUS,O2,8.32,,4.83,,,,,,,
EUS_M1(Bo),EUS,O3,8.32,,4.83,,,,,,,
EUS_M1(Bo),EUS,O4,8.32,,4.83,,,,,,,
EUS_M1(Bo),EUS,O6,8.32,,4.83,,,,,,,
EUS_M1(Bo),EUS,O8,8.32,,4.83,,,,,,,
EUS_M1(Bo),EUS,O9,8.32,,4.83,,,,,,,
EUS_M1(Bo),EUS,P0,8.32,,4.83,,,,,,,
EUS_M1(Bo),EUS,P1,8.32,,4.83,,,,,,,
EUS_M1(Bo),EUS,P2,8.32,,4.83,,,,,,,
EUS_M1(Bo),EUS,P3,8.32,,4.83,,,,,,,
EUS_M1(Bo),EUS,P8,8.32,,4.83,,,,,,,
EUS_M1(Bo),EUS,P9,8.32,,4.83,,,,,,,
EUS_M1(Bo),EUS,Q0,8.32,,4.83,,,,,,,
EUS_M1(Bo),EUS,Q1,8.32,,4.83,,,,,,,
EUS_M2(Ai),EUS,O1,8.32,,4.83,,,,,,,
EUS_M2(Ai),EUS,O2,8.32,,4.83,,,,,,,
EUS_M2(Ai),EUS,O3,8.32,,4.83,,,,,,,
EUS_M2(Ai),EUS,O4,8.32,,4.83,,,,,,,
EUS_M2(Ai),EUS,O6,8.32,,4.83,,,,,,,
EUS_M2(Ai),EUS,O8,8.32,,4.83,,,,,,,
EUS_M2(Ai),EUS,O9,8.32,,4.83,,,,,,,
EUS_M2(Ai),EUS,P0,8.32,,4.83,,,,,,,
EUS_M2(Ai),EUS,P1,8.32,,4.83,,,,,,,
EUS_M2(Ai),EUS,P2,8.32,,4.83,,,,,,,
EUS_M2(Ai),EUS,P3,8.32,,4.83,,,,,,,
EUS_M2(Ai),EUS,P8,8.32,,4.83,,,,,,,
EUS_M2(Ai),EUS,P9,8.32,,4.83,,,,,,,
EUS_M2(Ai),EUS,Q0,8.32,,4.83,,,,,,,
EUS_M2(Ai),EUS,Q1,8.32,,4.83,,,,,,,
EUS_M3(An),EUS,O1,8.32,,4.83,,,,,,,
EUS_M3(An),EUS,O2,8.32,,4.83,,,,,,,
EUS_M3(An),EUS,O3,8.32,,4.83,,,,,,,
EUS_M3(An),EUS,O4,8.32,,4.83,,,,,,,
EUS_M3(An),EUS,O6,8.32,,4.83,,,,,,,
EUS_M3(An),EUS,O8,8.32,,4.83,,,,,,,
EUS_M3(An),EUS,O9,8.32,,4.83,,,,,,,
EUS_M3(An),EUS,P0,8.32,,4.83,,,,,,,
EUS_M3(An),EUS,P1,8.32,,4.83,,,,,,,
EUS_M3(An),EUS,P2,8.32,,4.83,,,,,,,
EUS_M3(An),EUS,P3,8.32,,4.83,,,,,,,
EUS_M3(An),EUS,P8,8.32,,4.83,,,,,,,
EUS_M3(An),EUS,P9,8.32,,4.83,,,,,,,
EUS_M3(An),EUS,Q0,8.32,,4.83,,,,,,,
EUS_M3(An),EUS,Q1,8.32,,4.83,,,,,,,
EUS_M4(In),EUS,O1,8.32,,4.83,,,,,,,
EUS_M4(In),EUS,O2,8.32,,4.83,,,,,,,
EUS_M4(In),EUS,O3,8.32,,4.83,,,,,,,
EUS_M4(In),EUS,O4,8.32,,4.83,,,,,,,
EUS_M4(In),EUS,O6,8.32,,4.83,,,,,,,
EUS_M4(In),EUS,O8,8.32,,4.83,,,,,,,
EUS_M4(In),EUS,O9,8.32,,4.83,,,,,,,
EUS_M4(In),EUS,P0,8.32,,4.83,,,,,,,
EUS_M4(In),EUS,P1,8.32,,4.83,,,,,,,
EUS_M4(In),EUS,P2,8.32,,4.83,,,,,,,
EUS_M4(In),EUS,P3,8.32,,4.83,,,,,,,
EUS_M4(In),EUS,P8,8.32,,4.83,,,,,,,
EUS_M4(In),EUS,P9,8.32,,4.83,,,,,,,
EUS_M4(In),EUS,Q0,8.32,,4.83,,,,,,,
EUS_M4(In),EUS,Q1,8.32,,4.83,,,,,,,
EUS_M5(Ax),EUS,O1,8.32,,4.83,,,,,,,
EUS_M5(Ax),EUS,O2,8.32,,4.83,,,,,,,
EUS_M5(Ax),EUS,O3,8.32,,4.83,,,,,,,
EUS_M5(Ax),EUS,O4,8.32,,4.83,,,,,,,
EUS_M5(Ax),EUS,O6,8.32,,4.83,,,,,,,
EUS_M5(Ax),EUS,O8,8.32,,4.83,,,,,,,
EUS_M5(Ax),EUS,O9,8.32,,4.83,,,,,,,
EUS_M5(Ax),EUS,P0,8.32,,4.83,,,,,,,
EUS_M5(Ax),EUS,P1,8.32,,4.83,,,,,,,
EUS_M5(Ax),EUS,P2,8.32,,4.83,,,,,,,
EUS_M5(Ax),EUS,P3,8.32,,4.83,,,,,,,
EUS_M5(Ax),EUS,P8,8.32,,4.83,,,,,,,
EUS_M5(Ax),EUS,P9,8.32,,4.83,,,,,,,
EUS_M5(Ax),EUS,Q0,8.32,,4.83,,,,,,,
EUS_M5(Ax),EUS,Q1,8.32,,4.83,,,,,,,
FIN_F1(Ul),FIN,O1,9.54,,5.49,,,,,,,
FIN_F1(Ul),FIN,O2,9.54,,5.49,,,,,,,
FIN_F1(Ul),FIN,O3,9.54,,5.49,,,,,,,
FIN_F1(Ul),FIN,O4,9.54,,5.49,,,,,,,
FIN_F1(Ul),FIN,O6,9.54,,5.49,,,,,,,
FIN_F1(Ul),FIN,O8,9.54,,5.49,,,,,,,
FIN_F1(Ul),FIN,O9,9.54,,5.49,,,,,,,
FIN_F1(Ul),FIN,P0,9.54,,5.49,,,,,,,
FIN_F1(Ul),FIN,P1,9.54,,5.49,,,,,,,
FIN_F1(Ul),FIN,P2,9.54,,5.49,,,,,,,
FIN_F1(Ul),FIN,P3,9.54,,5.49,,,,,,,
FIN_F1(Ul),FIN,P8,9.54,,5.49,,,,,,,
FIN_F1(Ul),FIN,P9,9.54,,5.49,,,,,,,
FIN_F1(Ul),FIN,Q0,9.54,,5.49,,,,,,,
FIN_F1(Ul),FIN,Q1,9.54,,5.49,,,,,,,
FIN_F2(Re),FIN,O1,9.54,,5.49,,,,,,,
FIN_F2(Re),FIN,O2,9.54,,5.49,,,,,,,
FIN_F2(Re),FIN,O3,9.54,,5.49,,,,,,,
FIN_F2(Re),FIN,O4,9.54,,5.49,,,,,,,
FIN_F2(Re),FIN,O6,9.54,,5.49,,,,,,,
FIN_F2(Re),FIN,O8,9.54,,5.49,,,,,,,
FIN_F2(Re),FIN,O9,9.54,,5.49,,,,,,,
FIN_F2(Re),FIN,P0,9.54,,5.49,,,,,,,
FIN_F2(Re),FIN,P1,9.54,,5.49,,,,,,,
FIN_F2(Re),FIN,P2,9.54,,5.49,,,,,,,
FIN_F2(Re),FIN,P3,9.54,,5.49,,,,,,,
FIN_F2(Re),FIN,P8,9.54,,5.49,,,,,,,
FIN_F2(Re),FIN,P9,9.54,,5.49,,,,,,,
FIN_F2(Re),FIN,Q0,9.54,,5.49,,,,,,,
FIN_F2(Re),FIN,Q1,9.54,,5.49,,,,,,,
FIN_F3(Ki),FIN,O1,9.54,,5.49,,,,,,,
FIN_F3(Ki),FIN,O2,9.54,,5.49,,,,,,,
FIN_F3(Ki),FIN,O3,9.54,,5.49,,,,,,,
FIN_F3(Ki),FIN,O4,9.54,,5.49,,,,,,,
FIN_F3(Ki),FIN,O6,9.54,,5.49,,,,,,,
FIN_F3(Ki),FIN,O8,9.54,,5.49,,,,,,,
FIN_F3(Ki),FIN,O9,9.54,,5.49,,,,,,,
FIN_F3(Ki),FIN,P0,9.54,,5.49,,,,,,,
FIN_F3(Ki),FIN,P1,9.54,,5.49,,,,,,,
FIN_F3(Ki),FIN,P2,9.54,,5.49,,,,,,,
FIN_F3(Ki),FIN,P3,9.54,,5.49,,,,,,,
FIN_F3(Ki),FIN,P8,9.54,,5.49,,,,,,,
FIN_F3(Ki),FIN,P9,9.54,,5.49,,,,,,,
FIN_F3(Ki),FIN,Q0,9.54,,5.49,,,,,,,
FIN_F3(Ki),FIN,Q1,9.54,,5.49,,,,,,,
FIN_F4(Pri),FIN,O1,9.54,,5.49,,,,,,,
FIN_F4(Pri),FIN,O2,9.54,,5.49,,,,,,,
FIN_F4(Pri),FIN,O3,9.54,,5.49,,,,,,,
FIN_F4(Pri),FIN,O4,9.54,,5.49,,,,,,,
FIN_F4(Pri),FIN,O6,9.54,,5.49,,,,,,,
FIN_F4(Pri),FIN,O8,9.54,,5.49,,,,,,,
FIN_F4(Pri),FIN,O9,9.54,,5.49,,,,,,,
FIN_F4(Pri),FIN,P0,9.54,,5.49,,,,,,,
FIN_F4(Pri),FIN,P1,9.54,,5.49,,,,,,,
FIN_F4(Pri),FIN,P2,9.54,,5.49,,,,,,,
FIN_F4(Pri),FIN,P3,9.54,,5.49,,,,,,,
FIN_F4(Pri),FIN,P8,9.54,,5.49,,,,,,,
FIN_F4(Pri),FIN,P9,9.54,,5.49,,,,,,,
FIN_F4(Pri),FIN,Q0,9.54,,5.49,,,,,,,
FIN_F4(Pri),FIN,Q1,9.54,,5.49,,,,,,,
FIN_F5(Ma),FIN,O1,9.54,,5.49,,,,,,,
FIN_F5(Ma),FIN,O2,9.54,,5.49,,,,,,,
FIN_F5(Ma),FIN,O3,9.54,,5.49,,,,,,,
FIN_F5(Ma),FIN,O4,9.54,,5.49,,,,,,,
FIN_F5(Ma),FIN,O6,9.54,,5.49,,,,,,,
FIN_F5(Ma),FIN,O8,9.54,,5.49,,,,,,,
FIN_F5(Ma),FIN,O9,9.54,,5.49,,,,,,,
FIN_F5(Ma),FIN,P0,9.54,,5.49,,,,,,,
FIN_F5(Ma),FIN,P1,9.54,,5.49,,,,,,,
FIN_F5(Ma),FIN,P2,9.54,,5.49,,,,,,,
FIN_F5(Ma),FIN,P3,9.54,,5.49,,,,,,,
FIN_F5(Ma),FIN,P8,9.54,,5.49,,,,,,,
FIN_F5(Ma),FIN,P9,9.54,,5.49,,,,,,,
FIN_F5(Ma),FIN,Q0,9.54,,5.49,,,,,,,
FIN_F5(Ma),FIN,Q1,9.54,,5.49,,,,,,,
FIN_M1(Ee),FIN,O1,9.54,,5.49,,,,,,,
FIN_M1(Ee),FIN,O2,9.54,,5.49,,,,,,,
FIN_M1(Ee),FIN,O3,9.54,,5.49,,,,,,,
FIN_M1(Ee),FIN,O4,9.54,,5.49,,,,,,,
FIN_M1(Ee),FIN,O6,9.54,,5.49,,,,,,,
FIN_M1(Ee),FIN,O8,9.54,,5.49,,,,,,,
FIN_M1(Ee),FIN,O9,9.54,,5.49,,,,,,,
FIN_M1(Ee),FIN,P0,9.54,,5.49,,,,,,,
FIN_M1(Ee),FIN,P1,9.54,,5.49,,,,,,,
FIN_M1(Ee),FIN,P2,9.54,,5.49,,,,,,,
FIN_M1(Ee),FIN,P3,9.54,,5.49,,,,,,,
FIN_M1(Ee),FIN,P8,9.54,,5.49,,,,,,,
FIN_M1(Ee),FIN,P9,9.54,,5.49,,,,,,,
FIN_M1(Ee),FIN,Q0,9.54,,5.49,,,,,,,
FIN_M1(Ee),FIN,Q1,9.54,,5.49,,,,,,,
FIN_M2(He),FIN,O1,9.54,,5.49,,,,,,,
FIN_M2(He),FIN,O2,9.54,,5.49,,,,,,,
FIN_M2(He),FIN,O3,9.54,,5.49,,,,,,,
FIN_M2(He),FIN,O4,9.54,,5.49,,,,,,,
FIN_M2(He),FIN,O6,9.54,,5.49,,,,,,,
FIN_M2(He),FIN,O8,9.54,,5.49,,,,,,,
FIN_M2(He),FIN,O9,9.54,,5.49,,,,,,,
FIN_M2(He),FIN,P0,9.54,,5.49,,,,,,,
FIN_M2(He),FIN,P1,9.54,,5.49,,,,,,,
FIN_M2(He),FIN,P2,9.54,,5.49,,,,,,,
FIN_M2(He),FIN,P3,9.54,,5.49,,,,,,,
FIN_M2(He),FIN,P8,9.54,,5.49,,,,,,,
FIN_M2(He),FIN,P9,9.54,,5.49,,,,,,,
FIN_M2(He),FIN,Q0,9.54,,5.49,,,,,,,
FIN_M2(He),FIN,Q1,9.54,,5.49,,,,,,,
FIN_M3(Mi),FIN,O1,9.54,,5.49,,,,,,,
FIN_M3(Mi),FIN,O2,9.54,,5.49,,,,,,,
FIN_M3(Mi),FIN,O3,9.54,,5.49,,,,,,,
FIN_M3(Mi),FIN,O4,9.54,,5.49,,,,,,,
FIN_M3(Mi),FIN,O6,9.54,,5.49,,,,,,,
FIN_M3(Mi),FIN,O8,9.54,,5.49,,,,,,,
FIN_M3(Mi),FIN,O9,9.54,,5.49,,,,,,,
FIN_M3(Mi),FIN,P0,9.54,,5.49,,,,,,,
FIN_M3(Mi),FIN,P1,9.54,,5.49,,,,,,,
FIN_M3(Mi),FIN,P2,9.54,,5.49,,,,,,,
FIN_M3(Mi),FIN,P3,9.54,,5.49,,,,,,,
FIN_M3(Mi),FIN,P8,9.54,,5.49,,,,,,,
FIN_M3(Mi),FIN,P9,9.54,,5.49,,,,,,,
FIN_M3(Mi),FIN,Q0,9.54,,5.49,,,,,,,
FIN_M3(Mi),FIN,Q1,9.54,,5.49,,,,,,,
FIN_M4(Ma),FIN,O1,9.54,,5.49,,,,,,,
FIN_M4(Ma),FIN,O2,9.54,,5.49,,,,,,,
FIN_M4(Ma),FIN,O3,9.54,,5.49,,,,,,,
FIN_M4(Ma),FIN,O4,9.54,,5.49,,,,,,,
FIN_M4(Ma),FIN,O6,9.54,,5.49,,,,,,,
FIN_M4(Ma),FIN,O8,9.54,,5.49,,,,,,,
FIN_M4(Ma),FIN,O9,9.54,,5.49,,,,,,,
FIN_M4(Ma),FIN,P0,9.54,,5.49,,,,,,,
FIN_M4(Ma),FIN,P1,9.54,,5.49,,,,,,,
FIN_M4(Ma),FIN,P2,9.54,,5.49,,,,,,,
FIN_M4(Ma),FIN,P3,9.54,,5.49,,,,,,,
FIN_M4(Ma),FIN,P8,9.54,,5.49,,,,,,,
FIN_M4(Ma),FIN,P9,9.54,,5.49,,,,,,,
FIN_M4(Ma),FIN,Q0,9.54,,5.49,,,,,,,
FIN_M4(Ma),FIN,Q1,9.54,,5.49,,,,,,,
FIN_M5(Mt),FIN,O1,9.54,,5.49,,,,,,,
FIN_M5(Mt),FIN,O2,9.54,,5.49,,,,,,,
FIN_M5(Mt),FIN,O3,9.54,,5.49,,,,,,,
FIN_M5(Mt),FIN,O4,9.54,,5.49,,,,,,,
FIN_M5(Mt),FIN,O6,9.54,,5.49,,,,,,,
FIN_M5(Mt),FIN,O8,9.54,,5.49,,,,,,,
FIN_M5(Mt),FIN,O9,9.54,,5.49,,,,,,,
FIN_M5(Mt),FIN,P0,9.54,,5.49,,,,,,,
FIN_M5(Mt),FIN,P1,9.54,,5.49,,,,,,,
FIN_M5(Mt),FIN,P2,9.54,,5.49,,,,,,,
FIN_M5(Mt),FIN,P3,9.54,,5.49,,,,,,,
FIN_M5(Mt),FIN,P8,9.54,,5.49,,,,,,,
FIN_M5(Mt),FIN,P9,9.54,,5.49,,,,,,,
FIN_M5(Mt),FIN,Q0,9.54,,5.49,,,,,,,
FIN_M5(Mt),FIN,Q1,9.54,,5.49,,,,,,,
FRA_F1(Je),FRA,O1,8.39,7.995075348234439,6.68,3.8976436737349234,0.9545335482652872,0.4472634366063511,42.665,20.799,5.094,2.387
FRA_F1(Je),FRA,O2,8.39,7.995075348234439,6.68,3.8976436737349234,0.9545335482652872,0.4472634366063511,47.732,23.27,5.699,2.67
FRA_F1(Je),FRA,O3,8.39,7.995075348234439,6.68,3.8976436737349234,0.9545335482652872,0.4472634366063511,41.261,20.115,4.926,2.308
FRA_F1(Je),FRA,O4,8.39,7.995075348234439,6.68,3.8976436737349234,0.9545335482652872,0.4472634366063511,42.133,20.54,5.03,2.357
FRA_F1(Je),FRA,O6,8.39,7.995075348234439,6.68,3.8976436737349234,0.9545335482652872,0.4472634366063511,41.713,20.336,4.98,2.334
FRA_F1(Je),FRA,O8,8.39,7.995075348234439,6.68,3.8976436737349234,0.9545335482652872,0.4472634366063511,44.448,21.668,5.307,2.487
FRA_F1(Je),FRA,O9,8.39,7.995075348234439,6.68,3.8976436737349234,0.9545335482652872,0.4472634366063511,45.35,22.108,5.414,2.537
FRA_F1(Je),FRA,P0,8.39,7.995075348234439,6.68,3.8976436737349234,0.9545335482652872,0.4472634366063511,42.943,20.935,5.127,2.402
FRA_F1(Je),FRA,P1,8.39,7.995075348234439,6.68,3.8976436737349234,0.9545335482652872,0.4472634366063511,41.948,20.45,5.008,2.347
FRA_F1(Je),FRA,P2,8.39,7.995075348234439,6.68,3.8976436737349234,0.9545335482652872,0.4472634366063511,43.15,21.036,5.152,2.414
FRA_F1(Je),FRA,P3,8.39,7.995075348234439,6.68,3.8976436737349234,0.9545335482652872,0.4472634366063511,44.127,21.512,5.268,2.469
FRA_F1(Je),FRA,P8,8.39,7.995075348234439,6.68,3.8976436737349234,0.9545335482652872,0.4472634366063511,38.579,18.808,4.606,2.158
FRA_F1(Je),FRA,P9,8.39,7.995075348234439,6.68,3.8976436737349234,0.9545335482652872,0.4472634366063511,39.312,19.165,4.693,2.199
FRA_F1(Je),FRA,Q0,8.39,7.995075348234439,6.68,3.8976436737349234,0.9545335482652872,0.4472634366063511,42.476,20.707,5.071,2.376
FRA_F1(Je),FRA,Q1,8.39,7.995075348234439,6.68,3.8976436737349234,0.9545335482652872,0.4472634366063511,40.518,19.753,4.837,2.267
FRA_F2(Be),FRA,O1,8.39,7.995075348234439,6.68,3.8976436737349234,0.9545335482652872,0.4472634366063511,48.309,23.551,5.768,2.702
FRA_F2(Be),FRA,O2,8.39,7.995075348234439,6.68,3.8976436737349234,0.9545335482652872,0.4472634366063511,47.479,23.146,5.669,2.656
FRA_F2(Be),FRA,O3,8.39,7.995075348234439,6.68,3.8976436737349234,0.9545335482652872,0.4472634366063511,46.996,22.911,5.611,2.629
FRA_F2(Be),FRA,O4,8.39,7.995075348234439,6.68,3.8976436737349234,0.9545335482652872,0.4472634366063511,45.611,22.236,5.446,2.552
FRA_F2(Be),FRA,O6,8.39,7.995075348234439,6.68,3.8976436737349234,0.9545335482652872,0.4472634366063511,42.113,20.53,5.028,2.356
FRA_F2(Be),FRA,O8,8.39,7.995075348234439,6.68,3.8976436737349234,0.9545335482652872,0.4472634366063511,46.786,22.808,5.586,2.617
FRA_F2(Be),FRA,O9,8.39,7.995075348234439,6.68,3.8976436737349234,0.9545335482652872,0.4472634366063511,50.749,24.741,6.059,2.839
FRA_F2(Be),FRA,P0,8.39,7.995075348234439,6.68,3.8976436737349234,0.9545335482652872,0.4472634366063511,42.054,20.501,5.021,2.353
FRA_F2(Be),FRA,P1,8.39,7.995075348234439,6.68,3.8976436737349234,0.9545335482652872,0.4472634366063511,44.549,21.718,5.319,2.492
FRA_F2(Be),FRA,P2,8.39,7.995075348234439,6.68,3.8976436737349234,0.9545335482652872,0.4472634366063511,45.371,22.119,5.417,2.538
FRA_F2(Be),FRA,P3,8.39,7.995075348234439,6.68,3.8976436737349234,0.9545335482652872,0.4472634366063511,47.999,23.4,5.731,2.685
FRA_F2(Be),FRA,P8,8.39,7.995075348234439,6.68,3.8976436737349234,0.9545335482652872,0.4472634366063511,42.96,20.943,5.129,2.403
FRA_F2(Be),FRA,P9,8.39,7.995075348234439,6.68,3.8976436737349234,0.9545335482652872,0.4472634366063511,39.921,19.462,4.766,2.233
FRA_F2(Be),FRA,Q0,8.39,7.995075348234439,6.68,3.8976436737349234,0.9545335482652872,0.4472634366063511,45.467,22.166,5.428,2.544
FRA_F2(Be),FRA,Q1,8.39,7.995075348234439,6.68,3.8976436737349234,0.9545335482652872,0.4472634366063511,42.192,20.569,5.037,2.36
FRA_F3(Ma),FRA,O1,8.39,7.995075348234439,6.68,3.8976436737349234,0.9545335482652872,0.4472634366063511,47.957,23.379,5.726,2.683
FRA_F3(Ma),FRA,O2,8.39,7.995075348234439,6.68,3.8976436737349234,0.9545335482652872,0.4472634366063511,48.472,23.63,5.787,2.712
FRA_F3(Ma),FRA,O3,8.39,7.995075348234439,6.68,3.8976436737349234,0.9545335482652872,0.4472634366063511,47.669,23.239,5.691,2.667
FRA_F3(Ma),FRA,O4,8.39,7.995075348234439,6.68,3.8976436737349234,0.9545335482652872,0.4472634366063511,47.556,23.184,5.678,2.66
FRA_F3(Ma),FRA,O6,8.39,7.995075348234439,6.68,3.8976436737349234,0.9545335482652872,0.4472634366063511,40.528,19.758,4.839,2.267
FRA_F3(Ma),FRA,O8,8.39,7.995075348234439,6.68,3.8976436737349234,0.9545335482652872,0.4472634366063511,45.515,22.189,5.434,2.546
FRA_F3(Ma),FRA,O9,8.39,7.995075348234439,6.68,3.8976436737349234,0.9545335482652872,0.4472634366063511,47.127,22.975,5.627,2.636
FRA_F3(Ma),FRA,P0,8.39,7.995075348234439,6.68,3.8976436737349234,0.9545335482652872,0.4472634366063511,42.85,20.89,5.116,2.397
FRA_F3(Ma),FRA,P1,8.39,7.995075348234439,6.68,3.8976436737349234,0.9545335482652872,0.4472634366063511,46.515,22.676,5.553,2.602
FRA_F3(Ma),FRA,P2,8.39,7.995075348234439,6.68,3.8976436737349234,0.9545335482652872,0.4472634366063511,48.923,23.85,5.841,2.737
FRA_F3(Ma),FRA,P3,8.39,7.995075348234439,6.68,3.8976436737349234,0.9545335482652872,0.4472634366063511,48.719,23.751,5.817,2.725
FRA_F3(Ma),FRA,P8,8.39,7.995075348234439,6.68,3.8976436737349234,0.9545335482652872,0.4472634366063511,47.696,23.252,5.694,2.668
FRA_F3(Ma),FRA,P9,8.39,7.995075348234439,6.68,3.8976436737349234,0.9545335482652872,0.4472634366063511,44.576,21.731,5.322,2.494
FRA_F3(Ma),FRA,Q0,8.39,7.995075348234439,6.68,3.8976436737349234,0.9545335482652872,0.4472634366063511,52.715,25.699,6.294,2.949
FRA_F3(Ma),FRA,Q1,8.39,7.995075348234439,6.68,3.8976436737349234,0.9545335482652872,0.4472634366063511,46.11,22.479,5.505,2.58
FRA_F4(Lu),FRA,O1,8.39,7.995075348234439,6.68,3.8976436737349234,0.9545335482652872,0.4472634366063511,44.098,21.498,5.265,2.467
FRA_F4(Lu),FRA,O2,8.39,7.995075348234439,6.68,3.8976436737349234,0.9545335482652872,0.4472634366063511,45.791,22.324,5.467,2.562
FRA_F4(Lu),FRA,O3,8.39,7.995075348234439,6.68,3.8976436737349234,0.9545335482652872,0.4472634366063511,46.786,22.808,5.586,2.617
FRA_F4(Lu),FRA,O4,8.39,7.995075348234439,6.68,3.8976436737349234,0.9545335482652872,0.4472634366063511,49.934,24.343,5.962,2.793
FRA_F4(Lu),FRA,O6,8.39,7.995075348234439,6.68,3.8976436737349234,0.9545335482652872,0.4472634366063511,46.476,22.657,5.549,2.6
FRA_F4(Lu),FRA,O8,8.39,7.995075348234439,6.68,3.8976436737349234,0.9545335482652872,0.4472634366063511,47.723,23.265,5.698,2.67
FRA_F4(Lu),FRA,O9,8.39,7.995075348234439,6.68,3.8976436737349234,0.9545335482652872,0.4472634366063511,50.222,24.484,5.996,2.81
FRA_F4(Lu),FRA,P0,8.39,7.995075348234439,6.68,3.8976436737349234,0.9545335482652872,0.4472634366063511,44.0,21.45,5.253,2.461
FRA_F4(Lu),FRA,P1,8.39,7.995075348234439,6.68,3.8976436737349234,0.9545335482652872,0.4472634366063511,45.926,22.389,5.483,2.569
FRA_F4(Lu),FRA,P2,8.39,7.995075348234439,6.68,3.8976436737349234,0.9545335482652872,0.4472634366063511,47.208,23.014,5.636,2.641
FRA_F4(Lu),FRA,P3,8.39,7.995075348234439,6.68,3.8976436737349234,0.9545335482652872,0.4472634366063511,48.599,23.692,5.802,2.719
FRA_F4(Lu),FRA,P8,8.39,7.995075348234439,6.68,3.8976436737349234,0.9545335482652872,0.4472634366063511,46.16,22.503,5.511,2.582
FRA_F4(Lu),FRA,P9,8.39,7.995075348234439,6.68,3.8976436737349234,0.9545335482652872,0.4472634366063511,45.873,22.364,5.477,2.566
FRA_F4(Lu),FRA,Q0,8.39,7.995075348234439,6.68,3.8976436737349234,0.9545335482652872,0.4472634366063511,45.129,22.001,5.388,2.525
FRA_F4(Lu),FRA,Q1,8.39,7.995075348234439,6.68,3.8976436737349234,0.9545335482652872,0.4472634366063511,43.839,21.372,5.234,2.452
FRA_F5(Na),FRA,O1,8.39,7.995075348234439,6.68,3.8976436737349234,0.9545335482652872,0.4472634366063511,43.379,21.148,5.179,2.427
FRA_F5(Na),FRA,O2,8.39,7.995075348234439,6.68,3.8976436737349234,0.9545335482652872,0.4472634366063511,46.305,22.574,5.528,2.59
FRA_F5(Na),FRA,O3,8.39,7.995075348234439,6.68,3.8976436737349234,0.9545335482652872,0.4472634366063511,45.028,21.951,5.376,2.519
FRA_F5(Na),FRA,O4,8.39,7.995075348234439,6.68,3.8976436737349234,0.9545335482652872,0.4472634366063511,41.857,20.405,4.997,2.342
FRA_F5(Na),FRA,O6,8.39,7.995075348234439,6.68,3.8976436737349234,0.9545335482652872,0.4472634366063511,41.048,20.011,4.901,2.296
FRA_F5(Na),FRA,O8,8.39,7.995075348234439,6.68,3.8976436737349234,0.9545335482652872,0.4472634366063511,43.794,21.35,5.229,2.45
FRA_F5(Na),FRA,O9,8.39,7.995075348234439,6.68,3.8976436737349234,0.9545335482652872,0.4472634366063511,45.915,22.384,5.482,2.569
FRA_F5(Na),FRA,P0,8.39,7.995075348234439,6.68,3.8976436737349234,0.9545335482652872,0.4472634366063511,39.327,19.172,4.695,2.2
FRA_F5(Na),FRA,P1,8.39,7.995075348234439,6.68,3.8976436737349234,0.9545335482652872,0.4472634366063511,39.615,19.313,4.73,2.216
FRA_F5(Na),FRA,P2,8.39,7.995075348234439,6.68,3.8976436737349234,0.9545335482652872,0.4472634366063511,45.222,22.046,5.399,2.53
FRA_F5(Na),FRA,P3,8.39,7.995075348234439,6.68,3.8976436737349234,0.9545335482652872,0.4472634366063511,40.646,19.815,4.853,2.274
FRA_F5(Na),FRA,P8,8.39,7.995075348234439,6.68,3.8976436737349234,0.9545335482652872,0.4472634366063511,44.21,21.553,5.278,2.473
FRA_F5(Na),FRA,P9,8.39,7.995075348234439,6.68,3.8976436737349234,0.9545335482652872,0.4472634366063511,39.168,19.094,4.676,2.191
FRA_F5(Na),FRA,Q0,8.39,7.995075348234439,6.68,3.8976436737349234,0.9545335482652872,0.4472634366063511,38.169,18.607,4.557,2.135
FRA_F5(Na),FRA,Q1,8.39,7.995075348234439,6.68,3.8976436737349234,0.9545335482652872,0.4472634366063511,43.622,21.266,5.208,2.44
FRA_M1(Se),FRA,O1,8.39,7.995075348234439,6.68,3.8976436737349234,0.9545335482652872,0.4472634366063511,48.477,23.633,5.788,2.712
FRA_M1(Se),FRA,O2,8.39,7.995075348234439,6.68,3.8976436737349234,0.9545335482652872,0.4472634366063511,51.64,25.175,6.165,2.889
FRA_M1(Se),FRA,O3,8.39,7.995075348234439,6.68,3.8976436737349234,0.9545335482652872,0.4472634366063511,49.422,24.093,5.9,2.765
FRA_M1(Se),FRA,O4,8.39,7.995075348234439,6.68,3.8976436737349234,0.9545335482652872,0.4472634366063511,48.589,23.687,5.801,2.718
FRA_M1(Se),FRA,O6,8.39,7.995075348234439,6.68,3.8976436737349234,0.9545335482652872,0.4472634366063511,45.347,22.107,5.414,2.537
FRA_M1(Se),FRA,O8,8.39,7.995075348234439,6.68,3.8976436737349234,0.9545335482652872,0.4472634366063511,45.231,22.05,5.4,2.53
FRA_M1(Se),FRA,O9,8.39,7.995075348234439,6.68,3.8976436737349234,0.9545335482652872,0.4472634366063511,48.897,23.838,5.838,2.735
FRA_M1(Se),FRA,P0,8.39,7.995075348234439,6.68,3.8976436737349234,0.9545335482652872,0.4472634366063511,46.925,22.876,5.602,2.625
FRA_M1(Se),FRA,P1,8.39,7.995075348234439,6.68,3.8976436737349234,0.9545335482652872,0.4472634366063511,47.473,23.143,5.668,2.656
FRA_M1(Se),FRA,P2,8.39,7.995075348234439,6.68,3.8976436737349234,0.9545335482652872,0.4472634366063511,43.304,21.111,5.17,2.423
FRA_M1(Se),FRA,P3,8.39,7.995075348234439,6.68,3.8976436737349234,0.9545335482652872,0.4472634366063511,45.639,22.249,5.449,2.553
FRA_M1(Se),FRA,P8,8.39,7.995075348234439,6.68,3.8976436737349234,0.9545335482652872,0.4472634366063511,46.085,22.467,5.502,2.578
FRA_M1(Se),FRA,P9,8.39,7.995075348234439,6.68,3.8976436737349234,0.9545335482652872,0.4472634366063511,45.721,22.289,5.459,2.558
FRA_M1(Se),FRA,Q0,8.39,7.995075348234439,6.68,3.8976436737349234,0.9545335482652872,0.4472634366063511,48.84,23.81,5.831,2.732
FRA_M1(Se),FRA,Q1,8.39,7.995075348234439,6.68,3.8976436737349234,0.9545335482652872,0.4472634366063511,45.288,22.078,5.407,2.534
FRA_M2(Ar),FRA,O1,8.39,7.995075348234439,6.68,3.8976436737349234,0.9545335482652872,0.4472634366063511,40.447,19.718,4.829,2.263
FRA_M2(Ar),FRA,O2,8.39,7.995075348234439,6.68,3.8976436737349234,0.9545335482652872,0.4472634366063511,45.794,22.325,5.467,2.562
FRA_M2(Ar),FRA,O3,8.39,7.995075348234439,6.68,3.8976436737349234,0.9545335482652872,0.4472634366063511,44.891,21.884,5.359,2.511
FRA_M2(Ar),FRA,O4,8.39,7.995075348234439,6.68,3.8976436737349234,0.9545335482652872,0.4472634366063511,43.961,21.431,5.249,2.459
FRA_M2(Ar),FRA,O6,8.39,7.995075348234439,6.68,3.8976436737349234,0.9545335482652872,0.4472634366063511,42.423,20.681,5.065,2.373
FRA_M2(Ar),FRA,O8,8.39,7.995075348234439,6.68,3.8976436737349234,0.9545335482652872,0.4472634366063511,43.816,21.361,5.231,2.451
FRA_M2(Ar),FRA,O9,8.39,7.995075348234439,6.68,3.8976436737349234,0.9545335482652872,0.4472634366063511,44.591,21.738,5.324,2.495
FRA_M2(Ar),FRA,P0,8.39,7.995075348234439,6.68,3.8976436737349234,0.9545335482652872,0.4472634366063511,41.484,20.224,4.953,2.321
FRA_M2(Ar),FRA,P1,8.39,7.995075348234439,6.68,3.8976436737349234,0.9545335482652872,0.4472634366063511,43.528,21.22,5.197,2.435
FRA_M2(Ar),FRA,P2,8.39,7.995075348234439,6.68,3.8976436737349234,0.9545335482652872,0.4472634366063511,44.737,21.809,5.341,2.503
FRA_M2(Ar),FRA,P3,8.39,7.995075348234439,6.68,3.8976436737349234,0.9545335482652872,0.4472634366063511,47.739,23.273,5.7,2.671
FRA_M2(Ar),FRA,P8,8.39,7.995075348234439,6.68,3.8976436737349234,0.9545335482652872,0.4472634366063511,48.007,23.404,5.732,2.686
FRA_M2(Ar),FRA,P9,8.39,7.995075348234439,6.68,3.8976436737349234,0.9545335482652872,0.4472634366063511,46.603,22.719,5.564,2.607
FRA_M2(Ar),FRA,Q0,8.39,7.995075348234439,6.68,3.8976436737349234,0.9545335482652872,0.4472634366063511,45.427,22.146,5.423,2.541
FRA_M2(Ar),FRA,Q1,8.39,7.995075348234439,6.68,3.8976436737349234,0.9545335482652872,0.4472634366063511,45.021,21.948,5.375,2.519
FRA_M3(Pi),FRA,O1,8.39,7.995075348234439,6.68,3.8976436737349234,0.9545335482652872,0.4472634366063511,42.428,20.684,5.066,2.374
FRA_M3(Pi),FRA,O2,8.39,7.995075348234439,6.68,3.8976436737349234,0.9545335482652872,0.4472634366063511,43.78,21.343,5.227,2.449
FRA_M3(Pi),FRA,O3,8.39,7.995075348234439,6.68,3.8976436737349234,0.9545335482652872,0.4472634366063511,40.453,19.721,4.83,2.263
FRA_M3(Pi),FRA,O4,8.39,7.995075348234439,6.68,3.8976436737349234,0.9545335482652872,0.4472634366063511,39.662,19.336,4.735,2.219
FRA_M3(Pi),FRA,O6,8.39,7.995075348234439,6.68,3.8976436737349234,0.9545335482652872,0.4472634366063511,41.713,20.336,4.98,2.334
FRA_M3(Pi),FRA,O8,8.39,7.995075348234439,6.68,3.8976436737349234,0.9545335482652872,0.4472634366063511,41.277,20.123,4.928,2.309
FRA_M3(Pi),FRA,O9,8.39,7.995075348234439,6.68,3.8976436737349234,0.9545335482652872,0.4472634366063511,42.873,20.901,5.119,2.398
FRA_M3(Pi),FRA,P0,8.39,7.995075348234439,6.68,3.8976436737349234,0.9545335482652872,0.4472634366063511,40.893,19.935,4.882,2.288
FRA_M3(Pi),FRA,P1,8.39,7.995075348234439,6.68,3.8976436737349234,0.9545335482652872,0.4472634366063511,40.579,19.782,4.845,2.27
FRA_M3(Pi),FRA,P2,8.39,7.995075348234439,6.68,3.8976436737349234,0.9545335482652872,0.4472634366063511,45.23,22.05,5.4,2.53
FRA_M3(Pi),FRA,P3,8.39,7.995075348234439,6.68,3.8976436737349234,0.9545335482652872,0.4472634366063511,44.417,21.654,5.303,2.485
FRA_M3(Pi),FRA,P8,8.39,7.995075348234439,6.68,3.8976436737349234,0.9545335482652872,0.4472634366063511,43.114,21.018,5.147,2.412
FRA_M3(Pi),FRA,P9,8.39,7.995075348234439,6.68,3.8976436737349234,0.9545335482652872,0.4472634366063511,34.437,16.788,4.111,1.926
FRA_M3(Pi),FRA,Q0,8.39,7.995075348234439,6.68,3.8976436737349234,0.9545335482652872,0.4472634366063511,38.097,18.572,4.548,2.131
FRA_M3(Pi),FRA,Q1,8.39,7.995075348234439,6.68,3.8976436737349234,0.9545335482652872,0.4472634366063511,42.734,20.833,5.102,2.391
FRA_M4(No),FRA,O1,8.39,7.995075348234439,6.68,3.8976436737349234,0.9545335482652872,0.4472634366063511,42.992,20.959,5.133,2.405
FRA_M4(No),FRA,O2,8.39,7.995075348234439,6.68,3.8976436737349234,0.9545335482652872,0.4472634366063511,40.676,19.83,4.856,2.275
FRA_M4(No),FRA,O3,8.39,7.995075348234439,6.68,3.8976436737349234,0.9545335482652872,0.4472634366063511,49.252,24.011,5.88,2.755
FRA_M4(No),FRA,O4,8.39,7.995075348234439,6.68,3.8976436737349234,0.9545335482652872,0.4472634366063511,43.465,21.189,5.189,2.432
FRA_M4(No),FRA,O6,8.39,7.995075348234439,6.68,3.8976436737349234,0.9545335482652872,0.4472634366063511,42.716,20.824,5.1,2.39
FRA_M4(No),FRA,O8,8.39,7.995075348234439,6.68,3.8976436737349234,0.9545335482652872,0.4472634366063511,46.644,22.739,5.569,2.609
FRA_M4(No),FRA,O9,8.39,7.995075348234439,6.68,3.8976436737349234,0.9545335482652872,0.4472634366063511,48.578,23.682,5.8,2.718
FRA_M4(No),FRA,P0,8.39,7.995075348234439,6.68,3.8976436737349234,0.9545335482652872,0.4472634366063511,43.091,21.007,5.145,2.411
FRA_M4(No),FRA,P1,8.39,7.995075348234439,6.68,3.8976436737349234,0.9545335482652872,0.4472634366063511,45.902,22.377,5.48,2.568
FRA_M4(No),FRA,P2,8.39,7.995075348234439,6.68,3.8976436737349234,0.9545335482652872,0.4472634366063511,45.283,22.076,5.406,2.533
FRA_M4(No),FRA,P3,8.39,7.995075348234439,6.68,3.8976436737349234,0.9545335482652872,0.4472634366063511,44.732,21.807,5.341,2.502
FRA_M4(No),FRA,P8,8.39,7.995075348234439,6.68,3.8976436737349234,0.9545335482652872,0.4472634366063511,43.984,21.442,5.251,2.461
FRA_M4(No),FRA,P9,8.39,7.995075348234439,6.68,3.8976436737349234,0.9545335482652872,0.4472634366063511,43.036,20.98,5.138,2.408
FRA_M4(No),FRA,Q0,8.39,7.995075348234439,6.68,3.8976436737349234,0.9545335482652872,0.4472634366063511,40.306,19.649,4.812,2.255
FRA_M4(No),FRA,Q1,8.39,7.995075348234439,6.68,3.8976436737349234,0.9545335482652872,0.4472634366063511,44.275,21.584,5.286,2.477
FRA_M5(Chr),FRA,O1,8.39,7.995075348234439,6.68,3.8976436737349234,0.9545335482652872,0.4472634366063511,48.542,23.664,5.795,2.716
FRA_M5(Chr),FRA,O2,8.39,7.995075348234439,6.68,3.8976436737349234,0.9545335482652872,0.4472634366063511,46.374,22.607,5.537,2.594
FRA_M5(Chr),FRA,O3,8.39,7.995075348234439,6.68,3.8976436737349234,0.9545335482652872,0.4472634366063511,48.743,23.762,5.819,2.727
FRA_M5(Chr),FRA,O4,8.39,7.995075348234439,6.68,3.8976436737349234,0.9545335482652872,0.4472634366063511,45.949,22.4,5.486,2.57
FRA_M5(Chr),FRA,O6,8.39,7.995075348234439,6.68,3.8976436737349234,0.9545335482652872,0.4472634366063511,45.337,22.102,5.413,2.536
FRA_M5(Chr),FRA,O8,8.39,7.995075348234439,6.68,3.8976436737349234,0.9545335482652872,0.4472634366063511,49.587,24.174,5.92,2.774
FRA_M5(Chr),FRA,O9,8.39,7.995075348234439,6.68,3.8976436737349234,0.9545335482652872,0.4472634366063511,53.943,26.297,6.44,3.018
FRA_M5(Chr),FRA,P0,8.39,7.995075348234439,6.68,3.8976436737349234,0.9545335482652872,0.4472634366063511,46.308,22.575,5.529,2.591
FRA_M5(Chr),FRA,P1,8.39,7.995075348234439,6.68,3.8976436737349234,0.9545335482652872,0.4472634366063511,49.261,24.015,5.881,2.756
FRA_M5(Chr),FRA,P2,8.39,7.995075348234439,6.68,3.8976436737349234,0.9545335482652872,0.4472634366063511,48.881,23.83,5.836,2.735
FRA_M5(Chr),FRA,P3,8.39,7.995075348234439,6.68,3.8976436737349234,0.9545335482652872,0.4472634366063511,48.055,23.427,5.737,2.688
FRA_M5(Chr),FRA,P8,8.39,7.995075348234439,6.68,3.8976436737349234,0.9545335482652872,0.4472634366063511,43.61,21.26,5.207,2.44
FRA_M5(Chr),FRA,P9,8.39,7.995075348234439,6.68,3.8976436737349234,0.9545335482652872,0.4472634366063511,44.849,21.864,5.355,2.509
FRA_M5(Chr),FRA,Q0,8.39,7.995075348234439,6.68,3.8976436737349234,0.9545335482652872,0.4472634366063511,43.817,21.361,5.231,2.451
FRA_M5(Chr),FRA,Q1,8.39,7.995075348234439,6.68,3.8976436737349234,0.9545335482652872,0.4472634366063511,45.32,22.094,5.411,2.535
HUN_F1(An),HUN,O1,9.83,,5.9,,,,,,,
HUN_F1(An),HUN,O2,9.83,,5.9,,,,,,,
HUN_F1(An),HUN,O3,9.83,,5.9,,,,,,,
HUN_F1(An),HUN,O4,9.83,,5.9,,,,,,,
HUN_F1(An),HUN,O6,9.83,,5.9,,,,,,,
HUN_F1(An),HUN,O8,9.83,,5.9,,,,,,,
HUN_F1(An),HUN,O9,9.83,,5.9,,,,,,,
HUN_F1(An),HUN,P0,9.83,,5.9,,,,,,,
HUN_F1(An),HUN,P1,9.83,,5.9,,,,,,,
HUN_F1(An),HUN,P2,9.83,,5.9,,,,,,,
HUN_F1(An),HUN,P3,9.83,,5.9,,,,,,,
HUN_F1(An),HUN,P8,9.83,,5.9,,,,,,,
HUN_F1(An),HUN,P9,9.83,,5.9,,,,,,,
HUN_F1(An),HUN,Q0,9.83,,5.9,,,,,,,
HUN_F1(An),HUN,Q1,9.83,,5.9,,,,,,,
HUN_F2(Ga),HUN,O1,9.83,,5.9,,,,,,,
HUN_F2(Ga),HUN,O2,9.83,,5.9,,,,,,,
HUN_F2(Ga),HUN,O3,9.83,,5.9,,,,,,,
HUN_F2(Ga),HUN,O4,9.83,,5.9,,,,,,,
HUN_F2(Ga),HUN,O6,9.83,,5.9,,,,,,,
HUN_F2(Ga),HUN,O8,9.83,,5.9,,,,,,,
HUN_F2(Ga),HUN,O9,9.83,,5.9,,,,,,,
HUN_F2(Ga),HUN,P0,9.83,,5.9,,,,,,,
HUN_F2(Ga),HUN,P1,9.83,,5.9,,,,,,,
HUN_F2(Ga),HUN,P2,9.83,,5.9,,,,,,,
HUN_F2(Ga),HUN,P3,9.83,,5.9,,,,,,,
HUN_F2(Ga),HUN,P8,9.83,,5.9,,,,,,,
HUN_F2(Ga),HUN,P9,9.83,,5.9,,,,,,,
HUN_F2(Ga),HUN,Q0,9.83,,5.9,,,,,,,
HUN_F2(Ga),HUN,Q1,9.83,,5.9,,,,,,,
HUN_F3(Il),HUN,O1,9.83,,5.9,,,,,,,
HUN_F3(Il),HUN,O2,9.83,,5.9,,,,,,,
HUN_F3(Il),HUN,O3,9.83,,5.9,,,,,,,
HUN_F3(Il),HUN,O4,9.83,,5.9,,,,,,,
HUN_F3(Il),HUN,O6,9.83,,5.9,,,,,,,
HUN_F3(Il),HUN,O8,9.83,,5.9,,,,,,,
HUN_F3(Il),HUN,O9,9.83,,5.9,,,,,,,
HUN_F3(Il),HUN,P0,9.83,,5.9,,,,,,,
HUN_F3(Il),HUN,P1,9.83,,5.9,,,,,,,
HUN_F3(Il),HUN,P2,9.83,,5.9,,,,,,,
HUN_F3(Il),HUN,P3,9.83,,5.9,,,,,,,
HUN_F3(Il),HUN,P8,9.83,,5.9,,,,,,,
HUN_F3(Il),HUN,P9,9.83,,5.9,,,,,,,
HUN_F3(Il),HUN,Q0,9.83,,5.9,,,,,,,
HUN_F3(Il),HUN,Q1,9.83,,5.9,,,,,,,
HUN_F4(As),HUN,O1,9.83,,5.9,,,,,,,
HUN_F4(As),HUN,O2,9.83,,5.9,,,,,,,
HUN_F4(As),HUN,O3,9.83,,5.9,,,,,,,
HUN_F4(As),HUN,O4,9.83,,5.9,,,,,,,
HUN_F4(As),HUN,O6,9.83,,5.9,,,,,,,
HUN_F4(As),HUN,O8,9.83,,5.9,,,,,,,
HUN_F4(As),HUN,O9,9.83,,5.9,,,,,,,
HUN_F4(As),HUN,P0,9.83,,5.9,,,,,,,
HUN_F4(As),HUN,P1,9.83,,5.9,,,,,,,
HUN_F4(As),HUN,P2,9.83,,5.9,,,,,,,
HUN_F4(As),HUN,P3,9.83,,5.9,,,,,,,
HUN_F4(As),HUN,P8,9.83,,5.9,,,,,,,
HUN_F4(As),HUN,P9,9.83,,5.9,,,,,,,
HUN_F4(As),HUN,Q0,9.83,,5.9,,,,,,,
HUN_F4(As),HUN,Q1,9.83,,5.9,,,,,,,
HUN_F5(Ju),HUN,O1,9.83,,5.9,,,,,,,
HUN_F5(Ju),HUN,O2,9.83,,5.9,,,,,,,
HUN_F5(Ju),HUN,O3,9.83,,5.9,,,,,,,
HUN_F5(Ju),HUN,O4,9.83,,5.9,,,,,,,
HUN_F5(Ju),HUN,O6,9.83,,5.9,,,,,,,
HUN_F5(Ju),HUN,O8,9.83,,5.9,,,,,,,
HUN_F5(Ju),HUN,O9,9.83,,5.9,,,,,,,
HUN_F5(Ju),HUN,P0,9.83,,5.9,,,,,,,
HUN_F5(Ju),HUN,P1,9.83,,5.9,,,,,,,
HUN_F5(Ju),HUN,P2,9.83,,5.9,,,,,,,
HUN_F5(Ju),HUN,P3,9.83,,5.9,,,,,,,
HUN_F5(Ju),HUN,P8,9.83,,5.9,,,,,,,
HUN_F5(Ju),HUN,P9,9.83,,5.9,,,,,,,
HUN_F5(Ju),HUN,Q0,9.83,,5.9,,,,,,,
HUN_F5(Ju),HUN,Q1,9.83,,5.9,,,,,,,
HUN_M1(Ar),HUN,O1,9.83,,5.9,,,,,,,
HUN_M1(Ar),HUN,O2,9.83,,5.9,,,,,,,
HUN_M1(Ar),HUN,O3,9.83,,5.9,,,,,,,
HUN_M1(Ar),HUN,O4,9.83,,5.9,,,,,,,
HUN_M1(Ar),HUN,O6,9.83,,5.9,,,,,,,
HUN_M1(Ar),HUN,O8,9.83,,5.9,,,,,,,
HUN_M1(Ar),HUN,O9,9.83,,5.9,,,,,,,
HUN_M1(Ar),HUN,P0,9.83,,5.9,,,,,,,
HUN_M1(Ar),HUN,P1,9.83,,5.9,,,,,,,
HUN_M1(Ar),HUN,P2,9.83,,5.9,,,,,,,
HUN_M1(Ar),HUN,P3,9.83,,5.9,,,,,,,
HUN_M1(Ar),HUN,P8,9.83,,5.9,,,,,,,
HUN_M1(Ar),HUN,P9,9.83,,5.9,,,,,,,
HUN_M1(Ar),HUN,Q0,9.83,,5.9,,,,,,,
HUN_M1(Ar),HUN,Q1,9.83,,5.9,,,,,,,
HUN_M2(Ma),HUN,O1,9.83,,5.9,,,,,,,
HUN_M2(Ma),HUN,O2,9.83,,5.9,,,,,,,
HUN_M2(Ma),HUN,O3,9.83,,5.9,,,,,,,
HUN_M2(Ma),HUN,O4,9.83,,5.9,,,,,,,
HUN_M2(Ma),HUN,O6,9.83,,5.9,,,,,,,
HUN_M2(Ma),HUN,O8,9.83,,5.9,,,,,,,
HUN_M2(Ma),HUN,O9,9.83,,5.9,,,,,,,
HUN_M2(Ma),HUN,P0,9.83,,5.9,,,,,,,
HUN_M2(Ma),HUN,P1,9.83,,5.9,,,,,,,
HUN_M2(Ma),HUN,P2,9.83,,5.9,,,,,,,
HUN_M2(Ma),HUN,P3,9.83,,5.9,,,,,,,
HUN_M2(Ma),HUN,P8,9.83,,5.9,,,,,,,
HUN_M2(Ma),HUN,P9,9.83,,5.9,,,,,,,
HUN_M2(Ma),HUN,Q0,9.83,,5.9,,,,,,,
HUN_M2(Ma),HUN,Q1,9.83,,5.9,,,,,,,
HUN_M3(Er),HUN,O1,9.83,,5.9,,,,,,,
HUN_M3(Er),HUN,O2,9.83,,5.9,,,,,,,
HUN_M3(Er),HUN,O3,9.83,,5.9,,,,,,,
HUN_M3(Er),HUN,O4,9.83,,5.9,,,,,,,
HUN_M3(Er),HUN,O6,9.83,,5.9,,,,,,,
HUN_M3(Er),HUN,O8,9.83,,5.9,,,,,,,
HUN_M3(Er),HUN,O9,9.83,,5.9,,,,,,,
HUN_M3(Er),HUN,P0,9.83,,5.9,,,,,,,
HUN_M3(Er),HUN,P1,9.83,,5.9,,,,,,,
HUN_M3(Er),HUN,P2,9.83,,5.9,,,,,,,
HUN_M3(Er),HUN,P3,9.83,,5.9,,,,,,,
HUN_M3(Er),HUN,P8,9.83,,5.9,,,,,,,
HUN_M3(Er),HUN,P9,9.83,,5.9,,,,,,,
HUN_M3(Er),HUN,Q0,9.83,,5.9,,,,,,,
HUN_M3(Er),HUN,Q1,9.83,,5.9,,,,,,,
HUN_M4(Ga),HUN,O1,9.83,,5.9,,,,,,,
HUN_M4(Ga),HUN,O2,9.83,,5.9,,,,,,,
HUN_M4(Ga),HUN,O3,9.83,,5.9,,,,,,,
HUN_M4(Ga),HUN,O4,9.83,,5.9,,,,,,,
HUN_M4(Ga),HUN,O6,9.83,,5.9,,,,,,,
HUN_M4(Ga),HUN,O8,9.83,,5.9,,,,,,,
HUN_M4(Ga),HUN,O9,9.83,,5.9,,,,,,,
HUN_M4(Ga),HUN,P0,9.83,,5.9,,,,,,,
HUN_M4(Ga),HUN,P1,9.83,,5.9,,,,,,,
HUN_M4(Ga),HUN,P2,9.83,,5.9,,,,,,,
HUN_M4(Ga),HUN,P3,9.83,,5.9,,,,,,,
HUN_M4(Ga),HUN,P8,9.83,,5.9,,,,,,,
HUN_M4(Ga),HUN,P9,9.83,,5.9,,,,,,,
HUN_M4(Ga),HUN,Q0,9.83,,5.9,,,,,,,
HUN_M4(Ga),HUN,Q1,9.83,,5.9,,,,,,,
HUN_M5(Mi),HUN,O1,9.83,,5.9,,,,,,,
HUN_M5(Mi),HUN,O2,9.83,,5.9,,,,,,,
HUN_M5(Mi),HUN,O3,9.83,,5.9,,,,,,,
HUN_M5(Mi),HUN,O4,9.83,,5.9,,,,,,,
HUN_M5(Mi),HUN,O6,9.83,,5.9,,,,,,,
HUN_M5(Mi),HUN,O8,9.83,,5.9,,,,,,,
HUN_M5(Mi),HUN,O9,9.83,,5.9,,,,,,,
HUN_M5(Mi),HUN,P0,9.83,,5.9,,,,,,,
HUN_M5(Mi),HUN,P1,9.83,,5.9,,,,,,,
HUN_M5(Mi),HUN,P2,9.83,,5.9,,,,,,,
HUN_M5(Mi),HUN,P3,9.83,,5.9,,,,,,,
HUN_M5(Mi),HUN,P8,9.83,,5.9,,,,,,,
HUN_M5(Mi),HUN,P9,9.83,,5.9,,,,,,,
HUN_M5(Mi),HUN,Q0,9.83,,5.9,,,,,,,
HUN_M5(Mi),HUN,Q1,9.83,,5.9,,,,,,,
ITA_a0,ITA,O4,8.32,,5.29,,,,,,,
ITA_a0,ITA,O6,8.32,,5.29,,,,,,,
ITA_a0,ITA,O8,8.32,,5.29,,,,,,,
ITA_a0,ITA,O9,8.32,,5.29,,,,,,,
ITA_a0,ITA,P0,8.32,,5.29,,,,,,,
ITA_a0,ITA,P8,8.32,,5.29,,,,,,,
ITA_a0,ITA,P9,8.32,,5.29,,,,,,,
ITA_a0,ITA,Q1,8.32,,5.29,,,,,,,
ITA_ag,ITA,O1,8.32,,5.29,,,,,,,
ITA_ag,ITA,O2,8.32,,5.29,,,,,,,
ITA_ag,ITA,O3,8.32,,5.29,,,,,,,
ITA_ag,ITA,P1,8.32,,5.29,,,,,,,
ITA_ag,ITA,P2,8.32,,5.29,,,,,,,
ITA_ag,ITA,P3,8.32,,5.29,,,,,,,
ITA_au,ITA,O1,8.32,,5.29,,,,,,,
ITA_au,ITA,O2,8.32,,5.29,,,,,,,
ITA_au,ITA,O3,8.32,,5.29,,,,,,,
ITA_b4,ITA,O4,8.32,,5.29,,,,,,,
ITA_b4,ITA,O6,8.32,,5.29,,,,,,,
ITA_b4,ITA,P8,8.32,,5.29,,,,,,,
ITA_b4,ITA,P9,8.32,,5.29,,,,,,,
ITA_b4,ITA,Q0,8.32,,5.29,,,,,,,
ITA_b4,ITA,Q1,8.32,,5.29,,,,,,,
ITA_b6,ITA,O8,8.32,,5.29,,,,,,,
ITA_b6,ITA,O9,8.32,,5.29,,,,,,,
ITA_b6,ITA,P0,8.32,,5.29,,,,,,,
ITA_b6,ITA,P1,8.32,,5.29,,,,,,,
ITA_b6,ITA,P2,8.32,,5.29,,,,,,,
ITA_b6,ITA,P3,8.32,,5.29,,,,,,,
ITA_b7,ITA,O4,8.32,,5.29,,,,,,,
ITA_b7,ITA,O6,8.32,,5.29,,,,,,,
ITA_b7,ITA,P8,8.32,,5.29,,,,,,,
ITA_b7,ITA,P9,8.32,,5.29,,,,,,,
ITA_b7,ITA,Q0,8.32,,5.29,,,,,,,
ITA_b7,ITA,Q1,8.32,,5.29,,,,,,,
ITA_ba,ITA,O1,8.32,,5.29,,,,,,,
ITA_ba,ITA,O2,8.32,,5.29,,,,,,,
ITA_ba,ITA,O3,8.32,,5.29,,,,,,,
ITA_ba,ITA,Q0,8.32,,5.29,,,,,,,
ITA_bf,ITA,O1,8.32,,5.29,,,,,,,
ITA_bf,ITA,O2,8.32,,5.29,,,,,,,
ITA_bf,ITA,O3,8.32,,5.29,,,,,,,
ITA_bk,ITA,O4,8.32,,5.29,,,,,,,
ITA_bk,ITA,O8,8.32,,5.29,,,,,,,
ITA_bk,ITA,O9,8.32,,5.29,,,,,,,
ITA_bk,ITA,P0,8.32,,5.29,,,,,,,
ITA_bk,ITA,P1,8.32,,5.29,,,,,,,
ITA_bk,ITA,P2,8.32,,5.29,,,,,,,
ITA_bk,ITA,P3,8.32,,5.29,,,,,,,
ITA_bk,ITA,P9,8.32,,5.29,,,,,,,
ITA_bl,ITA,O6,8.32,,5.29,,,,,,,
ITA_bl,ITA,P8,8.32,,5.29,,,,,,,
ITA_bl,ITA,Q0,8.32,,5.29,,,,,,,
ITA_bl,ITA,Q1,8.32,,5.29,,,,,,,
JPN_F1(Ma),JPN,O1,6.07,6.036599468523874,5.03,3.964218395063482,1.9178594392363624,0.3817541882936238,28.546,18.746,9.069,1.805
JPN_F1(Ma),JPN,O2,6.07,6.036599468523874,5.03,3.964218395063482,1.9178594392363624,0.3817541882936238,27.021,17.745,8.585,1.709
JPN_F1(Ma),JPN,O3,6.07,6.036599468523874,5.03,3.964218395063482,1.9178594392363624,0.3817541882936238,26.665,17.511,8.472,1.686
JPN_F1(Ma),JPN,O4,6.07,6.036599468523874,5.03,3.964218395063482,1.9178594392363624,0.3817541882936238,26.607,17.473,8.453,1.683
JPN_F1(Ma),JPN,O6,6.07,6.036599468523874,5.03,3.964218395063482,1.9178594392363624,0.3817541882936238,28.795,18.909,9.148,1.821
JPN_F1(Ma),JPN,O8,6.07,6.036599468523874,5.03,3.964218395063482,1.9178594392363624,0.3817541882936238,29.237,19.2,9.289,1.849
JPN_F1(Ma),JPN,O9,6.07,6.036599468523874,5.03,3.964218395063482,1.9178594392363624,0.3817541882936238,27.105,17.8,8.612,1.714
JPN_F1(Ma),JPN,P0,6.07,6.036599468523874,5.03,3.964218395063482,1.9178594392363624,0.3817541882936238,30.284,19.887,9.621,1.915
JPN_F1(Ma),JPN,P1,6.07,6.036599468523874,5.03,3.964218395063482,1.9178594392363624,0.3817541882936238,28.399,18.65,9.023,1.796
JPN_F1(Ma),JPN,P2,6.07,6.036599468523874,5.03,3.964218395063482,1.9178594392363624,0.3817541882936238,28.234,18.541,8.97,1.786
JPN_F1(Ma),JPN,P3,6.07,6.036599468523874,5.03,3.964218395063482,1.9178594392363624,0.3817541882936238,27.933,18.343,8.874,1.766
JPN_F1(Ma),JPN,P8,6.07,6.036599468523874,5.03,3.964218395063482,1.9178594392363624,0.3817541882936238,28.562,18.757,9.074,1.806
JPN_F1(Ma),JPN,P9,6.07,6.036599468523874,5.03,3.964218395063482,1.9178594392363624,0.3817541882936238,32.374,21.26,10.285,2.047
JPN_F1(Ma),JPN,Q0,6.07,6.036599468523874,5.03,3.964218395063482,1.9178594392363624,0.3817541882936238,25.454,16.715,8.087,1.61
JPN_F1(Ma),JPN,Q1,6.07,6.036599468523874,5.03,3.964218395063482,1.9178594392363624,0.3817541882936238,28.372,18.632,9.014,1.794
JPN_F2(Hi),JPN,O1,6.07,6.036599468523874,5.03,3.964218395063482,1.9178594392363624,0.3817541882936238,29.775,19.553,9.46,1.883
JPN_F2(Hi),JPN,O2,6.07,6.036599468523874,5.03,3.964218395063482,1.9178594392363624,0.3817541882936238,28.955,19.014,9.199,1.831
JPN_F2(Hi),JPN,O3,6.07,6.036599468523874,5.03,3.964218395063482,1.9178594392363624,0.3817541882936238,31.084,20.413,9.876,1.966
JPN_F2(Hi),JPN,O4,6.07,6.036599468523874,5.03,3.964218395063482,1.9178594392363624,0.3817541882936238,31.088,20.416,9.877,1.966
JPN_F2(Hi),JPN,O6,6.07,6.036599468523874,5.03,3.964218395063482,1.9178594392363624,0.3817541882936238,31.211,20.496,9.916,1.974
JPN_F2(Hi),JPN,O8,6.07,6.036599468523874,5.03,3.964218395063482,1.9178594392363624,0.3817541882936238,30.972,20.34,9.84,1.959
JPN_F2(Hi),JPN,O9,6.07,6.036599468523874,5.03,3.964218395063482,1.9178594392363624,0.3817541882936238,31.087,20.415,9.877,1.966
JPN_F2(Hi),JPN,P0,6.07,6.036599468523874,5.03,3.964218395063482,1.9178594392363624,0.3817541882936238,31.756,20.854,10.089,2.008
JPN_F2(Hi),JPN,P1,6.07,6.036599468523874,5.03,3.964218395063482,1.9178594392363624,0.3817541882936238,29.026,19.061,9.222,1.836
JPN_F2(Hi),JPN,P2,6.07,6.036599468523874,5.03,3.964218395063482,1.9178594392363624,0.3817541882936238,28.297,18.582,8.99,1.789
JPN_F2(Hi),JPN,P3,6.07,6.036599468523874,5.03,3.964218395063482,1.9178594392363624,0.3817541882936238,30.611,20.102,9.725,1.936
JPN_F2(Hi),JPN,P8,6.07,6.036599468523874,5.03,3.964218395063482,1.9178594392363624,0.3817541882936238,31.19,20.482,9.909,1.972
JPN_F2(Hi),JPN,P9,6.07,6.036599468523874,5.03,3.964218395063482,1.9178594392363624,0.3817541882936238,33.614,22.074,10.679,2.126
JPN_F2(Hi),JPN,Q0,6.07,6.036599468523874,5.03,3.964218395063482,1.9178594392363624,0.3817541882936238,27.35,17.961,8.689,1.73
JPN_F2(Hi),JPN,Q1,6.07,6.036599468523874,5.03,3.964218395063482,1.9178594392363624,0.3817541882936238,27.018,17.743,8.584,1.709
JPN_F3(Ju),JPN,O1,6.07,6.036599468523874,5.03,3.964218395063482,1.9178594392363624,0.3817541882936238,30.57,20.075,9.712,1.933
JPN_F3(Ju),JPN,O2,6.07,6.036599468523874,5.03,3.964218395063482,1.9178594392363624,0.3817541882936238,33.351,21.902,10.596,2.109
JPN_F3(Ju),JPN,O3,6.07,6.036599468523874,5.03,3.964218395063482,1.9178594392363624,0.3817541882936238,33.684,22.12,10.702,2.13
JPN_F3(Ju),JPN,O4,6.07,6.036599468523874,5.03,3.964218395063482,1.9178594392363624,0.3817541882936238,31.475,20.669,10.0,1.99
JPN_F3(Ju),JPN,O6,6.07,6.036599468523874,5.03,3.964218395063482,1.9178594392363624,0.3817541882936238,32.004,21.017,10.168,2.024
JPN_F3(Ju),JPN,O8,6.07,6.036599468523874,5.03,3.964218395063482,1.9178594392363624,0.3817541882936238,33.209,21.808,10.551,2.1
JPN_F3(Ju),JPN,O9,6.07,6.036599468523874,5.03,3.964218395063482,1.9178594392363624,0.3817541882936238,30.124,19.782,9.571,1.905
JPN_F3(Ju),JPN,P0,6.07,6.036599468523874,5.03,3.964218395063482,1.9178594392363624,0.3817541882936238,32.709,21.48,10.392,2.069
JPN_F3(Ju),JPN,P1,6.07,6.036599468523874,5.03,3.964218395063482,1.9178594392363624,0.3817541882936238,29.393,19.302,9.338,1.859
JPN_F3(Ju),JPN,P2,6.07,6.036599468523874,5.03,3.964218395063482,1.9178594392363624,0.3817541882936238,31.42,20.633,9.982,1.987
JPN_F3(Ju),JPN,P3,6.07,6.036599468523874,5.03,3.964218395063482,1.9178594392363624,0.3817541882936238,32.818,21.551,10.426,2.075
JPN_F3(Ju),JPN,P8,6.07,6.036599468523874,5.03,3.964218395063482,1.9178594392363624,0.3817541882936238,31.963,20.99,10.155,2.021
JPN_F3(Ju),JPN,P9,6.07,6.036599468523874,5.03,3.964218395063482,1.9178594392363624,0.3817541882936238,32.375,21.261,10.286,2.047
JPN_F3(Ju),JPN,Q0,6.07,6.036599468523874,5.03,3.964218395063482,1.9178594392363624,0.3817541882936238,30.318,19.91,9.632,1.917
JPN_F3(Ju),JPN,Q1,6.07,6.036599468523874,5.03,3.964218395063482,1.9178594392363624,0.3817541882936238,27.896,18.319,8.863,1.764
JPN_F4(Ay),JPN,O1,6.07,6.036599468523874,5.03,3.964218395063482,1.9178594392363624,0.3817541882936238,33.222,21.817,10.555,2.101
JPN_F4(Ay),JPN,O2,6.07,6.036599468523874,5.03,3.964218395063482,1.9178594392363624,0.3817541882936238,31.345,20.584,9.958,1.982
JPN_F4(Ay),JPN,O3,6.07,6.036599468523874,5.03,3.964218395063482,1.9178594392363624,0.3817541882936238,31.714,20.826,10.076,2.006
JPN_F4(Ay),JPN,O4,6.07,6.036599468523874,5.03,3.964218395063482,1.9178594392363624,0.3817541882936238,33.242,21.83,10.561,2.102
JPN_F4(Ay),JPN,O6,6.07,6.036599468523874,5.03,3.964218395063482,1.9178594392363624,0.3817541882936238,33.285,21.858,10.575,2.105
JPN_F4(Ay),JPN,O8,6.07,6.036599468523874,5.03,3.964218395063482,1.9178594392363624,0.3817541882936238,35.353,23.217,11.232,2.236
JPN_F4(Ay),JPN,O9,6.07,6.036599468523874,5.03,3.964218395063482,1.9178594392363624,0.3817541882936238,33.855,22.232,10.756,2.141
JPN_F4(Ay),JPN,P0,6.07,6.036599468523874,5.03,3.964218395063482,1.9178594392363624,0.3817541882936238,32.084,21.069,10.193,2.029
JPN_F4(Ay),JPN,P1,6.07,6.036599468523874,5.03,3.964218395063482,1.9178594392363624,0.3817541882936238,31.843,20.911,10.117,2.014
JPN_F4(Ay),JPN,P2,6.07,6.036599468523874,5.03,3.964218395063482,1.9178594392363624,0.3817541882936238,30.503,20.031,9.691,1.929
JPN_F4(Ay),JPN,P3,6.07,6.036599468523874,5.03,3.964218395063482,1.9178594392363624,0.3817541882936238,31.073,20.406,9.872,1.965
JPN_F4(Ay),JPN,P8,6.07,6.036599468523874,5.03,3.964218395063482,1.9178594392363624,0.3817541882936238,30.22,19.845,9.601,1.911
JPN_F4(Ay),JPN,P9,6.07,6.036599468523874,5.03,3.964218395063482,1.9178594392363624,0.3817541882936238,36.22,23.785,11.507,2.291
JPN_F4(Ay),JPN,Q0,6.07,6.036599468523874,5.03,3.964218395063482,1.9178594392363624,0.3817541882936238,30.016,19.712,9.536,1.898
JPN_F4(Ay),JPN,Q1,6.07,6.036599468523874,5.03,3.964218395063482,1.9178594392363624,0.3817541882936238,29.3,19.242,9.309,1.853
JPN_F5(Mi),JPN,O1,6.07,6.036599468523874,5.03,3.964218395063482,1.9178594392363624,0.3817541882936238,28.559,18.755,9.073,1.806
JPN_F5(Mi),JPN,O2,6.07,6.036599468523874,5.03,3.964218395063482,1.9178594392363624,0.3817541882936238,32.798,21.538,10.42,2.074
JPN_F5(Mi),JPN,O3,6.07,6.036599468523874,5.03,3.964218395063482,1.9178594392363624,0.3817541882936238,31.24,20.515,9.925,1.976
JPN_F5(Mi),JPN,O4,6.07,6.036599468523874,5.03,3.964218395063482,1.9178594392363624,0.3817541882936238,31.756,20.854,10.089,2.008
JPN_F5(Mi),JPN,O6,6.07,6.036599468523874,5.03,3.964218395063482,1.9178594392363624,0.3817541882936238,30.892,20.286,9.814,1.954
JPN_F5(Mi),JPN,O8,6.07,6.036599468523874,5.03,3.964218395063482,1.9178594392363624,0.3817541882936238,33.436,21.957,10.623,2.115
JPN_F5(Mi),JPN,O9,6.07,6.036599468523874,5.03,3.964218395063482,1.9178594392363624,0.3817541882936238,32.234,21.168,10.241,2.038
JPN_F5(Mi),JPN,P0,6.07,6.036599468523874,5.03,3.964218395063482,1.9178594392363624,0.3817541882936238,31.833,20.905,10.114,2.013
JPN_F5(Mi),JPN,P1,6.07,6.036599468523874,5.03,3.964218395063482,1.9178594392363624,0.3817541882936238,32.075,21.064,10.19,2.028
JPN_F5(Mi),JPN,P2,6.07,6.036599468523874,5.03,3.964218395063482,1.9178594392363624,0.3817541882936238,32.061,21.055,10.186,2.028
JPN_F5(Mi),JPN,P3,6.07,6.036599468523874,5.03,3.964218395063482,1.9178594392363624,0.3817541882936238,29.703,19.506,9.437,1.878
JPN_F5(Mi),JPN,P8,6.07,6.036599468523874,5.03,3.964218395063482,1.9178594392363624,0.3817541882936238,31.112,20.431,9.885,1.968
JPN_F5(Mi),JPN,P9,6.07,6.036599468523874,5.03,3.964218395063482,1.9178594392363624,0.3817541882936238,32.249,21.178,10.246,2.039
JPN_F5(Mi),JPN,Q0,6.07,6.036599468523874,5.03,3.964218395063482,1.9178594392363624,0.3817541882936238,27.514,18.069,8.741,1.74
JPN_F5(Mi),JPN,Q1,6.07,6.036599468523874,5.03,3.964218395063482,1.9178594392363624,0.3817541882936238,28.764,18.889,9.138,1.819
JPN_M1(Ni),JPN,O1,6.07,6.036599468523874,5.03,3.964218395063482,1.9178594392363624,0.3817541882936238,25.481,16.733,8.095,1.611
JPN_M1(Ni),JPN,O2,6.07,6.036599468523874,5.03,3.964218395063482,1.9178594392363624,0.3817541882936238,28.375,18.633,9.015,1.794
JPN_M1(Ni),JPN,O3,6.07,6.036599468523874,5.03,3.964218395063482,1.9178594392363624,0.3817541882936238,25.753,16.912,8.182,1.629
JPN_M1(Ni),JPN,O4,6.07,6.036599468523874,5.03,3.964218395063482,1.9178594392363624,0.3817541882936238,28.432,18.671,9.033,1.798
JPN_M1(Ni),JPN,O6,6.07,6.036599468523874,5.03,3.964218395063482,1.9178594392363624,0.3817541882936238,31.853,20.918,10.12,2.014
JPN_M1(Ni),JPN,O8,6.07,6.036599468523874,5.03,3.964218395063482,1.9178594392363624,0.3817541882936238,30.27,19.878,9.617,1.914
JPN_M1(Ni),JPN,O9,6.07,6.036599468523874,5.03,3.964218395063482,1.9178594392363624,0.3817541882936238,32.303,21.213,10.263,2.043
JPN_M1(Ni),JPN,P0,6.07,6.036599468523874,5.03,3.964218395063482,1.9178594392363624,0.3817541882936238,27.953,18.357,8.881,1.768
JPN_M1(Ni),JPN,P1,6.07,6.036599468523874,5.03,3.964218395063482,1.9178594392363624,0.3817541882936238,33.279,21.854,10.573,2.105
JPN_M1(Ni),JPN,P2,6.07,6.036599468523874,5.03,3.964218395063482,1.9178594392363624,0.3817541882936238,29.688,19.496,9.432,1.877
JPN_M1(Ni),JPN,P3,6.07,6.036599468523874,5.03,3.964218395063482,1.9178594392363624,0.3817541882936238,27.522,18.074,8.744,1.741
JPN_M1(Ni),JPN,P8,6.07,6.036599468523874,5.03,3.964218395063482,1.9178594392363624,0.3817541882936238,28.055,18.424,8.913,1.774
JPN_M1(Ni),JPN,P9,6.07,6.036599468523874,5.03,3.964218395063482,1.9178594392363624,0.3817541882936238,28.929,18.998,9.191,1.829
JPN_M1(Ni),JPN,Q0,6.07,6.036599468523874,5.03,3.964218395063482,1.9178594392363624,0.3817541882936238,28.308,18.59,8.994,1.79
JPN_M1(Ni),JPN,Q1,6.07,6.036599468523874,5.03,3.964218395063482,1.9178594392363624,0.3817541882936238,29.296,19.239,9.307,1.853
JPN_M2(Shi),JPN,O1,6.07,6.036599468523874,5.03,3.964218395063482,1.9178594392363624,0.3817541882936238,31.457,20.658,9.994,1.989
JPN_M2(Shi),JPN,O2,6.07,6.036599468523874,5.03,3.964218395063482,1.9178594392363624,0.3817541882936238,30.739,20.186,9.766,1.944
JPN_M2(Shi),JPN,O3,6.07,6.036599468523874,5.03,3.964218395063482,1.9178594392363624,0.3817541882936238,28.731,18.867,9.128,1.817
JPN_M2(Shi),JPN,O4,6.07,6.036599468523874,5.03,3.964218395063482,1.9178594392363624,0.3817541882936238,31.518,20.698,10.013,1.993
JPN_M2(Shi),JPN,O6,6.07,6.036599468523874,5.03,3.964218395063482,1.9178594392363624,0.3817541882936238,31.772,20.864,10.094,2.009
JPN_M2(Shi),JPN,O8,6.07,6.036599468523874,5.03,3.964218395063482,1.9178594392363624,0.3817541882936238,33.626,22.082,10.683,2.126
JPN_M2(Shi),JPN,O9,6.07,6.036599468523874,5.03,3.964218395063482,1.9178594392363624,0.3817541882936238,33.921,22.276,10.777,2.145
JPN_M2(Shi),JPN,P0,6.07,6.036599468523874,5.03,3.964218395063482,1.9178594392363624,0.3817541882936238,31.583,20.741,10.034,1.997
JPN_M2(Shi),JPN,P1,6.07,6.036599468523874,5.03,3.964218395063482,1.9178594392363624,0.3817541882936238,32.077,21.065,10.191,2.029
JPN_M2(Shi),JPN,P2,6.07,6.036599468523874,5.03,3.964218395063482,1.9178594392363624,0.3817541882936238,33.813,22.205,10.743,2.138
JPN_M2(Shi),JPN,P3,6.07,6.036599468523874,5.03,3.964218395063482,1.9178594392363624,0.3817541882936238,29.683,19.492,9.43,1.877
JPN_M2(Shi),JPN,P8,6.07,6.036599468523874,5.03,3.964218395063482,1.9178594392363624,0.3817541882936238,35.112,23.058,11.155,2.22
JPN_M2(Shi),JPN,P9,6.07,6.036599468523874,5.03,3.964218395063482,1.9178594392363624,0.3817541882936238,36.4,23.904,11.564,2.302
JPN_M2(Shi),JPN,Q0,6.07,6.036599468523874,5.03,3.964218395063482,1.9178594392363624,0.3817541882936238,32.513,21.351,10.329,2.056
JPN_M2(Shi),JPN,Q1,6.07,6.036599468523874,5.03,3.964218395063482,1.9178594392363624,0.3817541882936238,29.223,19.191,9.284,1.848
JPN_M3(Ke),JPN,O1,6.07,6.036599468523874,5.03,3.964218395063482,1.9178594392363624,0.3817541882936238,30.118,19.778,9.568,1.905
JPN_M3(Ke),JPN,O2,6.07,6.036599468523874,5.03,3.964218395063482,1.9178594392363624,0.3817541882936238,27.465,18.036,8.726,1.737
JPN_M3(Ke),JPN,O3,6.07,6.036599468523874,5.03,3.964218395063482,1.9178594392363624,0.3817541882936238,28.788,18.905,9.146,1.821
JPN_M3(Ke),JPN,O4,6.07,6.036599468523874,5.03,3.964218395063482,1.9178594392363624,0.3817541882936238,28.868,18.957,9.171,1.826
JPN_M3(Ke),JPN,O6,6.07,6.036599468523874,5.03,3.964218395063482,1.9178594392363624,0.3817541882936238,31.197,20.487,9.911,1.973
JPN_M3(Ke),JPN,O8,6.07,6.036599468523874,5.03,3.964218395063482,1.9178594392363624,0.3817541882936238,31.367,20.599,9.966,1.984
JPN_M3(Ke),JPN,O9,6.07,6.036599468523874,5.03,3.964218395063482,1.9178594392363624,0.3817541882936238,30.431,19.984,9.668,1.924
JPN_M3(Ke),JPN,P0,6.07,6.036599468523874,5.03,3.964218395063482,1.9178594392363624,0.3817541882936238,30.088,19.759,9.559,1.903
JPN_M3(Ke),JPN,P1,6.07,6.036599468523874,5.03,3.964218395063482,1.9178594392363624,0.3817541882936238,29.774,19.552,9.459,1.883
JPN_M3(Ke),JPN,P2,6.07,6.036599468523874,5.03,3.964218395063482,1.9178594392363624,0.3817541882936238,27.923,18.337,8.871,1.766
JPN_M3(Ke),JPN,P3,6.07,6.036599468523874,5.03,3.964218395063482,1.9178594392363624,0.3817541882936238,29.84,19.596,9.48,1.887
JPN_M3(Ke),JPN,P8,6.07,6.036599468523874,5.03,3.964218395063482,1.9178594392363624,0.3817541882936238,28.928,18.997,9.191,1.829
JPN_M3(Ke),JPN,P9,6.07,6.036599468523874,5.03,3.964218395063482,1.9178594392363624,0.3817541882936238,35.223,23.131,11.19,2.227
JPN_M3(Ke),JPN,Q0,6.07,6.036599468523874,5.03,3.964218395063482,1.9178594392363624,0.3817541882936238,27.067,17.775,8.599,1.712
JPN_M3(Ke),JPN,Q1,6.07,6.036599468523874,5.03,3.964218395063482,1.9178594392363624,0.3817541882936238,29.758,19.542,9.454,1.882
JPN_M4(Da),JPN,O1,6.07,6.036599468523874,5.03,3.964218395063482,1.9178594392363624,0.3817541882936238,31.343,20.583,9.958,1.982
JPN_M4(Da),JPN,O2,6.07,6.036599468523874,5.03,3.964218395063482,1.9178594392363624,0.3817541882936238,29.506,19.376,9.374,1.866
JPN_M4(Da),JPN,O3,6.07,6.036599468523874,5.03,3.964218395063482,1.9178594392363624,0.3817541882936238,28.746,18.877,9.133,1.818
JPN_M4(Da),JPN,O4,6.07,6.036599468523874,5.03,3.964218395063482,1.9178594392363624,0.3817541882936238,31.218,20.501,9.918,1.974
JPN_M4(Da),JPN,O6,6.07,6.036599468523874,5.03,3.964218395063482,1.9178594392363624,0.3817541882936238,33.246,21.833,10.562,2.102
JPN_M4(Da),JPN,O8,6.07,6.036599468523874,5.03,3.964218395063482,1.9178594392363624,0.3817541882936238,32.57,21.389,10.348,2.06
JPN_M4(Da),JPN,O9,6.07,6.036599468523874,5.03,3.964218395063482,1.9178594392363624,0.3817541882936238,30.122,19.781,9.57,1.905
JPN_M4(Da),JPN,P0,6.07,6.036599468523874,5.03,3.964218395063482,1.9178594392363624,0.3817541882936238,34.457,22.628,10.947,2.179
JPN_M4(Da),JPN,P1,6.07,6.036599468523874,5.03,3.964218395063482,1.9178594392363624,0.3817541882936238,31.696,20.815,10.07,2.004
JPN_M4(Da),JPN,P2,6.07,6.036599468523874,5.03,3.964218395063482,1.9178594392363624,0.3817541882936238,30.085,19.757,9.558,1.903
JPN_M4(Da),JPN,P3,6.07,6.036599468523874,5.03,3.964218395063482,1.9178594392363624,0.3817541882936238,31.028,20.376,9.858,1.962
JPN_M4(Da),JPN,P8,6.07,6.036599468523874,5.03,3.964218395063482,1.9178594392363624,0.3817541882936238,31.332,20.576,9.954,1.981
JPN_M4(Da),JPN,P9,6.07,6.036599468523874,5.03,3.964218395063482,1.9178594392363624,0.3817541882936238,36.348,23.87,11.548,2.299
JPN_M4(Da),JPN,Q0,6.07,6.036599468523874,5.03,3.964218395063482,1.9178594392363624,0.3817541882936238,31.029,20.377,9.858,1.962
JPN_M4(Da),JPN,Q1,6.07,6.036599468523874,5.03,3.964218395063482,1.9178594392363624,0.3817541882936238,29.514,19.382,9.377,1.866
JPN_M5(Yo),JPN,O1,6.07,6.036599468523874,5.03,3.964218395063482,1.9178594392363624,0.3817541882936238,32.764,21.516,10.409,2.072
JPN_M5(Yo),JPN,O2,6.07,6.036599468523874,5.03,3.964218395063482,1.9178594392363624,0.3817541882936238,29.045,19.074,9.228,1.837
JPN_M5(Yo),JPN,O3,6.07,6.036599468523874,5.03,3.964218395063482,1.9178594392363624,0.3817541882936238,29.552,19.407,9.389,1.869
JPN_M5(Yo),JPN,O4,6.07,6.036599468523874,5.03,3.964218395063482,1.9178594392363624,0.3817541882936238,29.974,19.684,9.523,1.896
JPN_M5(Yo),JPN,O6,6.07,6.036599468523874,5.03,3.964218395063482,1.9178594392363624,0.3817541882936238,30.183,19.821,9.589,1.909
JPN_M5(Yo),JPN,O8,6.07,6.036599468523874,5.03,3.964218395063482,1.9178594392363624,0.3817541882936238,30.949,20.324,9.833,1.957
JPN_M5(Yo),JPN,O9,6.07,6.036599468523874,5.03,3.964218395063482,1.9178594392363624,0.3817541882936238,29.085,19.1,9.24,1.839
JPN_M5(Yo),JPN,P0,6.07,6.036599468523874,5.03,3.964218395063482,1.9178594392363624,0.3817541882936238,29.833,19.591,9.478,1.887
JPN_M5(Yo),JPN,P1,6.07,6.036599468523874,5.03,3.964218395063482,1.9178594392363624,0.3817541882936238,30.772,20.208,9.776,1.946
JPN_M5(Yo),JPN,P2,6.07,6.036599468523874,5.03,3.964218395063482,1.9178594392363624,0.3817541882936238,29.042,19.072,9.227,1.837
JPN_M5(Yo),JPN,P3,6.07,6.036599468523874,5.03,3.964218395063482,1.9178594392363624,0.3817541882936238,29.844,19.598,9.482,1.887
JPN_M5(Yo),JPN,P8,6.07,6.036599468523874,5.03,3.964218395063482,1.9178594392363624,0.3817541882936238,30.527,20.047,9.699,1.931
JPN_M5(Yo),JPN,P9,6.07,6.036599468523874,5.03,3.964218395063482,1.9178594392363624,0.3817541882936238,32.55,21.376,10.341,2.058
JPN_M5(Yo),JPN,Q0,6.07,6.036599468523874,5.03,3.964218395063482,1.9178594392363624,0.3817541882936238,26.845,17.629,8.529,1.698
JPN_M5(Yo),JPN,Q1,6.07,6.036599468523874,5.03,3.964218395063482,1.9178594392363624,0.3817541882936238,27.352,17.962,8.69,1.73
KOR_F1(My),KOR,O1,8.05,,5.56,,,,,,,
KOR_F1(My),KOR,O2,8.05,,5.56,,,,,,,
KOR_F1(My),KOR,O3,8.05,,5.56,,,,,,,
KOR_F1(My),KOR,O4,8.05,,5.56,,,,,,,
KOR_F1(My),KOR,O6,8.05,,5.56,,,,,,,
KOR_F1(My),KOR,O8,8.05,,5.56,,,,,,,
KOR_F1(My),KOR,O9,8.05,,5.56,,,,,,,
KOR_F1(My),KOR,P0,8.05,,5.56,,,,,,,
KOR_F1(My),KOR,P1,8.05,,5.56,,,,,,,
KOR_F1(My),KOR,P2,8.05,,5.56,,,,,,,
KOR_F1(My),KOR,P3,8.05,,5.56,,,,,,,
KOR_F1(My),KOR,P8,8.05,,5.56,,,,,,,
KOR_F1(My),KOR,P9,8.05,,5.56,,,,,,,
KOR_F1(My),KOR,Q0,8.05,,5.56,,,,,,,
KOR_F1(My),KOR,Q1,8.05,,5.56,,,,,,,
KOR_F2(Ji),KOR,O1,8.05,,5.56,,,,,,,
KOR_F2(Ji),KOR,O2,8.05,,5.56,,,,,,,
KOR_F2(Ji),KOR,O3,8.05,,5.56,,,,,,,
KOR_F2(Ji),KOR,O4,8.05,,5.56,,,,,,,
KOR_F2(Ji),KOR,O6,8.05,,5.56,,,,,,,
KOR_F2(Ji),KOR,O8,8.05,,5.56,,,,,,,
KOR_F2(Ji),KOR,O9,8.05,,5.56,,,,,,,
KOR_F2(Ji),KOR,P0,8.05,,5.56,,,,,,,
KOR_F2(Ji),KOR,P1,8.05,,5.56,,,,,,,
KOR_F2(Ji),KOR,P2,8.05,,5.56,,,,,,,
KOR_F2(Ji),KOR,P3,8.05,,5.56,,,,,,,
KOR_F2(Ji),KOR,P8,8.05,,5.56,,,,,,,
KOR_F2(Ji),KOR,P9,8.05,,5.56,,,,,,,
KOR_F2(Ji),KOR,Q0,8.05,,5.56,,,,,,,
KOR_F2(Ji),KOR,Q1,8.05,,5.56,,,,,,,
KOR_F3(Eu),KOR,O1,8.05,,5.56,,,,,,,
KOR_F3(Eu),KOR,O2,8.05,,5.56,,,,,,,
KOR_F3(Eu),KOR,O3,8.05,,5.56,,,,,,,
KOR_F3(Eu),KOR,O4,8.05,,5.56,,,,,,,
KOR_F3(Eu),KOR,O6,8.05,,5.56,,,,,,,
KOR_F3(Eu),KOR,O8,8.05,,5.56,,,,,,,
KOR_F3(Eu),KOR,O9,8.05,,5.56,,,,,,,
KOR_F3(Eu),KOR,P0,8.05,,5.56,,,,,,,
KOR_F3(Eu),KOR,P1,8.05,,5.56,,,,,,,
KOR_F3(Eu),KOR,P2,8.05,,5.56,,,,,,,
KOR_F3(Eu),KOR,P3,8.05,,5.56,,,,,,,
KOR_F3(Eu),KOR,P8,8.05,,5.56,,,,,,,
KOR_F3(Eu),KOR,P9,8.05,,5.56,,,,,,,
KOR_F3(Eu),KOR,Q0,8.05,,5.56,,,,,,,
KOR_F3(Eu),KOR,Q1,8.05,,5.56,,,,,,,
KOR_F4(Hy),KOR,O1,8.05,,5.56,,,,,,,
KOR_F4(Hy),KOR,O2,8.05,,5.56,,,,,,,
KOR_F4(Hy),KOR,O3,8.05,,5.56,,,,,,,
KOR_F4(Hy),KOR,O4,8.05,,5.56,,,,,,,
KOR_F4(Hy),KOR,O6,8.05,,5.56,,,,,,,
KOR_F4(Hy),KOR,O8,8.05,,5.56,,,,,,,
KOR_F4(Hy),KOR,O9,8.05,,5.56,,,,,,,
KOR_F4(Hy),KOR,P0,8.05,,5.56,,,,,,,
KOR_F4(Hy),KOR,P1,8.05,,5.56,,,,,,,
KOR_F4(Hy),KOR,P2,8.05,,5.56,,,,,,,
KOR_F4(Hy),KOR,P3,8.05,,5.56,,,,,,,
KOR_F4(Hy),KOR,P8,8.05,,5.56,,,,,,,
KOR_F4(Hy),KOR,P9,8.05,,5.56,,,,,,,
KOR_F4(Hy),KOR,Q0,8.05,,5.56,,,,,,,
KOR_F4(Hy),KOR,Q1,8.05,,5.56,,,,,,,
KOR_F6(Jw),KOR,O1,8.05,,5.56,,,,,,,
KOR_F6(Jw),KOR,O2,8.05,,5.56,,,,,,,
KOR_F6(Jw),KOR,O3,8.05,,5.56,,,,,,,
KOR_F6(Jw),KOR,O4,8.05,,5.56,,,,,,,
KOR_F6(Jw),KOR,O6,8.05,,5.56,,,,,,,
KOR_F6(Jw),KOR,O8,8.05,,5.56,,,,,,,
KOR_F6(Jw),KOR,O9,8.05,,5.56,,,,,,,
KOR_F6(Jw),KOR,P0,8.05,,5.56,,,,,,,
KOR_F6(Jw),KOR,P1,8.05,,5.56,,,,,,,
KOR_F6(Jw),KOR,P2,8.05,,5.56,,,,,,,
KOR_F6(Jw),KOR,P3,8.05,,5.56,,,,,,,
KOR_F6(Jw),KOR,P8,8.05,,5.56,,,,,,,
KOR_F6(Jw),KOR,P9,8.05,,5.56,,,,,,,
KOR_F6(Jw),KOR,Q0,8.05,,5.56,,,,,,,
KOR_F6(Jw),KOR,Q1,8.05,,5.56,,,,,,,
KOR_M1(Sa),KOR,O1,8.05,,5.56,,,,,,,
KOR_M1(Sa),KOR,O2,8.05,,5.56,,,,,,,
KOR_M1(Sa),KOR,O3,8.05,,5.56,,,,,,,
KOR_M1(Sa),KOR,O4,8.05,,5.56,,,,,,,
KOR_M1(Sa),KOR,O6,8.05,,5.56,,,,,,,
KOR_M1(Sa),KOR,O8,8.05,,5.56,,,,,,,
KOR_M1(Sa),KOR,O9,8.05,,5.56,,,,,,,
KOR_M1(Sa),KOR,P0,8.05,,5.56,,,,,,,
KOR_M1(Sa),KOR,P1,8.05,,5.56,,,,,,,
KOR_M1(Sa),KOR,P2,8.05,,5.56,,,,,,,
KOR_M1(Sa),KOR,P3,8.05,,5.56,,,,,,,
KOR_M1(Sa),KOR,P8,8.05,,5.56,,,,,,,
KOR_M1(Sa),KOR,P9,8.05,,5.56,,,,,,,
KOR_M1(Sa),KOR,Q0,8.05,,5.56,,,,,,,
KOR_M1(Sa),KOR,Q1,8.05,,5.56,,,,,,,
KOR_M2(Do),KOR,O1,8.05,,5.56,,,,,,,
KOR_M2(Do),KOR,O2,8.05,,5.56,,,,,,,
KOR_M2(Do),KOR,O3,8.05,,5.56,,,,,,,
KOR_M2(Do),KOR,O4,8.05,,5.56,,,,,,,
KOR_M2(Do),KOR,O6,8.05,,5.56,,,,,,,
KOR_M2(Do),KOR,O8,8.05,,5.56,,,,,,,
KOR_M2(Do),KOR,O9,8.05,,5.56,,,,,,,
KOR_M2(Do),KOR,P0,8.05,,5.56,,,,,,,
KOR_M2(Do),KOR,P1,8.05,,5.56,,,,,,,
KOR_M2(Do),KOR,P2,8.05,,5.56,,,,,,,
KOR_M2(Do),KOR,P3,8.05,,5.56,,,,,,,
KOR_M2(Do),KOR,P8,8.05,,5.56,,,,,,,
KOR_M2(Do),KOR,P9,8.05,,5.56,,,,,,,
KOR_M2(Do),KOR,Q0,8.05,,5.56,,,,,,,
KOR_M2(Do),KOR,Q1,8.05,,5.56,,,,,,,
KOR_M3(Sh),KOR,O1,8.05,,5.56,,,,,,,
KOR_M3(Sh),KOR,O2,8.05,,5.56,,,,,,,
KOR_M3(Sh),KOR,O3,8.05,,5.56,,,,,,,
KOR_M3(Sh),KOR,O4,8.05,,5.56,,,,,,,
KOR_M3(Sh),KOR,O6,8.05,,5.56,,,,,,,
KOR_M3(Sh),KOR,O8,8.05,,5.56,,,,,,,
KOR_M3(Sh),KOR,O9,8.05,,5.56,,,,,,,
KOR_M3(Sh),KOR,P0,8.05,,5.56,,,,,,,
KOR_M3(Sh),KOR,P1,8.05,,5.56,,,,,,,
KOR_M3(Sh),KOR,P2,8.05,,5.56,,,,,,,
KOR_M3(Sh),KOR,P3,8.05,,5.56,,,,,,,
KOR_M3(Sh),KOR,P8,8.05,,5.56,,,,,,,
KOR_M3(Sh),KOR,P9,8.05,,5.56,,,,,,,
KOR_M3(Sh),KOR,Q0,8.05,,5.56,,,,,,,
KOR_M3(Sh),KOR,Q1,8.05,,5.56,,,,,,,
KOR_M4(Ju),KOR,O1,8.05,,5.56,,,,,,,
KOR_M4(Ju),KOR,O2,8.05,,5.56,,,,,,,
KOR_M4(Ju),KOR,O3,8.05,,5.56,,,,,,,
KOR_M4(Ju),KOR,O4,8.05,,5.56,,,,,,,
KOR_M4(Ju),KOR,O6,8.05,,5.56,,,,,,,
KOR_M4(Ju),KOR,O8,8.05,,5.56,,,,,,,
KOR_M4(Ju),KOR,O9,8.05,,5.56,,,,,,,
KOR_M4(Ju),KOR,P0,8.05,,5.56,,,,,,,
KOR_M4(Ju),KOR,P1,8.05,,5.56,,,,,,,
KOR_M4(Ju),KOR,P2,8.05,,5.56,,,,,,,
KOR_M4(Ju),KOR,P3,8.05,,5.56,,,,,,,
KOR_M4(Ju),KOR,P8,8.05,,5.56,,,,,,,
KOR_M4(Ju),KOR,P9,8.05,,5.56,,,,,,,
KOR_M4(Ju),KOR,Q0,8.05,,5.56,,,,,,,
KOR_M4(Ju),KOR,Q1,8.05,,5.56,,,,,,,
KOR_M5(Jh),KOR,O1,8.05,,5.56,,,,,,,
KOR_M5(Jh),KOR,O2,8.05,,5.56,,,,,,,
KOR_M5(Jh),KOR,O3,8.05,,5.56,,,,,,,
KOR_M5(Jh),KOR,O4,8.05,,5.56,,,,,,,
KOR_M5(Jh),KOR,O6,8.05,,5.56,,,,,,,
KOR_M5(Jh),KOR,O8,8.05,,5.56,,,,,,,
KOR_M5(Jh),KOR,O9,8.05,,5.56,,,,,,,
KOR_M5(Jh),KOR,P0,8.05,,5.56,,,,,,,
KOR_M5(Jh),KOR,P1,8.05,,5.56,,,,,,,
KOR_M5(Jh),KOR,P2,8.05,,5.56,,,,,,,
KOR_M5(Jh),KOR,P3,8.05,,5.56,,,,,,,
KOR_M5(Jh),KOR,P8,8.05,,5.56,,,,,,,
KOR_M5(Jh),KOR,P9,8.05,,5.56,,,,,,,
KOR_M5(Jh),KOR,Q0,8.05,,5.56,,,,,,,
KOR_M5(Jh),KOR,Q1,8.05,,5.56,,,,,,,
SPA_F1(Am),SPA,O1,8.32,,5.43,,,,,,,
SPA_F1(Am),SPA,O2,8.32,,5.43,,,,,,,
SPA_F1(Am),SPA,O3,8.32,,5.43,,,,,,,
SPA_F1(Am),SPA,O4,8.32,,5.43,,,,,,,
SPA_F1(Am),SPA,O6,8.32,,5.43,,,,,,,
SPA_F1(Am),SPA,O8,8.32,,5.43,,,,,,,
SPA_F1(Am),SPA,O9,8.32,,5.43,,,,,,,
SPA_F1(Am),SPA,P0,8.32,,5.43,,,,,,,
SPA_F1(Am),SPA,P1,8.32,,5.43,,,,,,,
SPA_F1(Am),SPA,P2,8.32,,5.43,,,,,,,
SPA_F1(Am),SPA,P3,8.32,,5.43,,,,,,,
SPA_F1(Am),SPA,P8,8.32,,5.43,,,,,,,
SPA_F1(Am),SPA,P9,8.32,,5.43,,,,,,,
SPA_F1(Am),SPA,Q0,8.32,,5.43,,,,,,,
SPA_F1(Am),SPA,Q1,8.32,,5.43,,,,,,,
SPA_F1(Su),SPA,O1,8.32,,5.43,,,,,,,
SPA_F1(Su),SPA,O2,8.32,,5.43,,,,,,,
SPA_F1(Su),SPA,O3,8.32,,5.43,,,,,,,
SPA_F1(Su),SPA,O4,8.32,,5.43,,,,,,,
SPA_F1(Su),SPA,O6,8.32,,5.43,,,,,,,
SPA_F1(Su),SPA,O8,8.32,,5.43,,,,,,,
SPA_F1(Su),SPA,O9,8.32,,5.43,,,,,,,
SPA_F1(Su),SPA,P0,8.32,,5.43,,,,,,,
SPA_F1(Su),SPA,P1,8.32,,5.43,,,,,,,
SPA_F1(Su),SPA,P2,8.32,,5.43,,,,,,,
SPA_F1(Su),SPA,P3,8.32,,5.43,,,,,,,
SPA_F1(Su),SPA,P8,8.32,,5.43,,,,,,,
SPA_F1(Su),SPA,P9,8.32,,5.43,,,,,,,
SPA_F1(Su),SPA,Q0,8.32,,5.43,,,,,,,
SPA_F1(Su),SPA,Q1,8.32,,5.43,,,,,,,
SPA_F2(De),SPA,O1,8.32,,5.43,,,,,,,
SPA_F2(De),SPA,O2,8.32,,5.43,,,,,,,
SPA_F2(De),SPA,O3,8.32,,5.43,,,,,,,
SPA_F2(De),SPA,O4,8.32,,5.43,,,,,,,
SPA_F2(De),SPA,O6,8.32,,5.43,,,,,,,
SPA_F2(De),SPA,O8,8.32,,5.43,,,,,,,
SPA_F2(De),SPA,O9,8.32,,5.43,,,,,,,
SPA_F2(De),SPA,P0,8.32,,5.43,,,,,,,
SPA_F2(De),SPA,P1,8.32,,5.43,,,,,,,
SPA_F2(De),SPA,P2,8.32,,5.43,,,,,,,
SPA_F2(De),SPA,P3,8.32,,5.43,,,,,,,
SPA_F2(De),SPA,P8,8.32,,5.43,,,,,,,
SPA_F2(De),SPA,P9,8.32,,5.43,,,,,,,
SPA_F2(De),SPA,Q0,8.32,,5.43,,,,,,,
SPA_F2(De),SPA,Q1,8.32,,5.43,,,,,,,
SPA_F3(En),SPA,O1,8.32,,5.43,,,,,,,
SPA_F3(En),SPA,O2,8.32,,5.43,,,,,,,
SPA_F3(En),SPA,O3,8.32,,5.43,,,,,,,
SPA_F3(En),SPA,O4,8.32,,5.43,,,,,,,
SPA_F3(En),SPA,O6,8.32,,5.43,,,,,,,
SPA_F3(En),SPA,O8,8.32,,5.43,,,,,,,
SPA_F3(En),SPA,O9,8.32,,5.43,,,,,,,
SPA_F3(En),SPA,P0,8.32,,5.43,,,,,,,
SPA_F3(En),SPA,P1,8.32,,5.43,,,,,,,
SPA_F3(En),SPA,P2,8.32,,5.43,,,,,,,
SPA_F3(En),SPA,P3,8.32,,5.43,,,,,,,
SPA_F3(En),SPA,P8,8.32,,5.43,,,,,,,
SPA_F3(En),SPA,P9,8.32,,5.43,,,,,,,
SPA_F3(En),SPA,Q0,8.32,,5.43,,,,,,,
SPA_F3(En),SPA,Q1,8.32,,5.43,,,,,,,
SPA_F3(Mo),SPA,O1,8.32,,5.43,,,,,,,
SPA_F3(Mo),SPA,O2,8.32,,5.43,,,,,,,
SPA_F3(Mo),SPA,O3,8.32,,5.43,,,,,,,
SPA_F3(Mo),SPA,O4,8.32,,5.43,,,,,,,
SPA_F3(Mo),SPA,O6,8.32,,5.43,,,,,,,
SPA_F3(Mo),SPA,O8,8.32,,5.43,,,,,,,
SPA_F3(Mo),SPA,O9,8.32,,5.43,,,,,,,
SPA_F3(Mo),SPA,P0,8.32,,5.43,,,,,,,
SPA_F3(Mo),SPA,P1,8.32,,5.43,,,,,,,
SPA_F3(Mo),SPA,P2,8.32,,5.43,,,,,,,
SPA_F3(Mo),SPA,P3,8.32,,5.43,,,,,,,
SPA_F3(Mo),SPA,P8,8.32,,5.43,,,,,,,
SPA_F3(Mo),SPA,P9,8.32,,5.43,,,,,,,
SPA_F3(Mo),SPA,Q0,8.32,,5.43,,,,,,,
SPA_F3(Mo),SPA,Q1,8.32,,5.43,,,,,,,
SPA_M1(Bo),SPA,O1,8.32,,5.43,,,,,,,
SPA_M1(Bo),SPA,O2,8.32,,5.43,,,,,,,
SPA_M1(Bo),SPA,O3,8.32,,5.43,,,,,,,
SPA_M1(Bo),SPA,O4,8.32,,5.43,,,,,,,
SPA_M1(Bo),SPA,O6,8.32,,5.43,,,,,,,
SPA_M1(Bo),SPA,O8,8.32,,5.43,,,,,,,
SPA_M1(Bo),SPA,O9,8.32,,5.43,,,,,,,
SPA_M1(Bo),SPA,P0,8.32,,5.43,,,,,,,
SPA_M1(Bo),SPA,P1,8.32,,5.43,,,,,,,
SPA_M1(Bo),SPA,P2,8.32,,5.43,,,,,,,
SPA_M1(Bo),SPA,P3,8.32,,5.43,,,,,,,
SPA_M1(Bo),SPA,P8,8.32,,5.43,,,,,,,
SPA_M1(Bo),SPA,P9,8.32,,5.43,,,,,,,
SPA_M1(Bo),SPA,Q0,8.32,,5.43,,,,,,,
SPA_M1(Bo),SPA,Q1,8.32,,5.43,,,,,,,
SPA_M4(In),SPA,O1,8.32,,5.43,,,,,,,
SPA_M4(In),SPA,O2,8.32,,5.43,,,,,,,
SPA_M4(In),SPA,O3,8.32,,5.43,,,,,,,
SPA_M4(In),SPA,O4,8.32,,5.43,,,,,,,
SPA_M4(In),SPA,O6,8.32,,5.43,,,,,,,
SPA_M4(In),SPA,O8,8.32,,5.43,,,,,,,
SPA_M4(In),SPA,O9,8.32,,5.43,,,,,,,
SPA_M4(In),SPA,P0,8.32,,5.43,,,,,,,
SPA_M4(In),SPA,P1,8.32,,5.43,,,,,,,
SPA_M4(In),SPA,P2,8.32,,5.43,,,,,,,
SPA_M4(In),SPA,P3,8.32,,5.43,,,,,,,
SPA_M4(In),SPA,P8,8.32,,5.43,,,,,,,
SPA_M4(In),SPA,P9,8.32,,5.43,,,,,,,
SPA_M4(In),SPA,Q0,8.32,,5.43,,,,,,,
SPA_M4(In),SPA,Q1,8.32,,5.43,,,,,,,
SPA_M4(Ma),SPA,O1,8.32,,5.43,,,,,,,
SPA_M4(Ma),SPA,O2,8.32,,5.43,,,,,,,
SPA_M4(Ma),SPA,O3,8.32,,5.43,,,,,,,
SPA_M4(Ma),SPA,O4,8.32,,5.43,,,,,,,
SPA_M4(Ma),SPA,O6,8.32,,5.43,,,,,,,
SPA_M4(Ma),SPA,O8,8.32,,5.43,,,,,,,
SPA_M4(Ma),SPA,O9,8.32,,5.43,,,,,,,
SPA_M4(Ma),SPA,P0,8.32,,5.43,,,,,,,
SPA_M4(Ma),SPA,P1,8.32,,5.43,,,,,,,
SPA_M4(Ma),SPA,P2,8.32,,5.43,,,,,,,
SPA_M4(Ma),SPA,P3,8.32,,5.43,,,,,,,
SPA_M4(Ma),SPA,P8,8.32,,5.43,,,,,,,
SPA_M4(Ma),SPA,P9,8.32,,5.43,,,,,,,
SPA_M4(Ma),SPA,Q0,8.32,,5.43,,,,,,,
SPA_M4(Ma),SPA,Q1,8.32,,5.43,,,,,,,
SPA_M5(Ax),SPA,O1,8.32,,5.43,,,,,,,
SPA_M5(Ax),SPA,O2,8.32,,5.43,,,,,,,
SPA_M5(Ax),SPA,O3,8.32,,5.43,,,,,,,
SPA_M5(Ax),SPA,O4,8.32,,5.43,,,,,,,
SPA_M5(Ax),SPA,O6,8.32,,5.43,,,,,,,
SPA_M5(Ax),SPA,O8,8.32,,5.43,,,,,,,
SPA_M5(Ax),SPA,O9,8.32,,5.43,,,,,,,
SPA_M5(Ax),SPA,P0,8.32,,5.43,,,,,,,
SPA_M5(Ax),SPA,P1,8.32,,5.43,,,,,,,
SPA_M5(Ax),SPA,P2,8.32,,5.43,,,,,,,
SPA_M5(Ax),SPA,P3,8.32,,5.43,,,,,,,
SPA_M5(Ax),SPA,P8,8.32,,5.43,,,,,,,
SPA_M5(Ax),SPA,P9,8.32,,5.43,,,,,,,
SPA_M5(Ax),SPA,Q0,8.32,,5.43,,,,,,,
SPA_M5(Ax),SPA,Q1,8.32,,5.43,,,,,,,
SPA_M5(Jo),SPA,O1,8.32,,5.43,,,,,,,
SPA_M5(Jo),SPA,O2,8.32,,5.43,,,,,,,
SPA_M5(Jo),SPA,O3,8.32,,5.43,,,,,,,
SPA_M5(Jo),SPA,O4,8.32,,5.43,,,,,,,
SPA_M5(Jo),SPA,O6,8.32,,5.43,,,,,,,
SPA_M5(Jo),SPA,O8,8.32,,5.43,,,,,,,
SPA_M5(Jo),SPA,O9,8.32,,5.43,,,,,,,
SPA_M5(Jo),SPA,P0,8.32,,5.43,,,,,,,
SPA_M5(Jo),SPA,P1,8.32,,5.43,,,,,,,
SPA_M5(Jo),SPA,P2,8.32,,5.43,,,,,,,
SPA_M5(Jo),SPA,P3,8.32,,5.43,,,,,,,
SPA_M5(Jo),SPA,P8,8.32,,5.43,,,,,,,
SPA_M5(Jo),SPA,P9,8.32,,5.43,,,,,,,
SPA_M5(Jo),SPA,Q0,8.32,,5.43,,,,,,,
SPA_M5(Jo),SPA,Q1,8.32,,5.43,,,,,,,
SRP_F1(Li),SRP,O1,8.79,,5.47,,,,,,,
SRP_F1(Li),SRP,O2,8.79,,5.47,,,,,,,
SRP_F1(Li),SRP,O3,8.79,,5.47,,,,,,,
SRP_F1(Li),SRP,O4,8.79,,5.47,,,,,,,
SRP_F1(Li),SRP,O6,8.79,,5.47,,,,,,,
SRP_F1(Li),SRP,O8,8.79,,5.47,,,,,,,
SRP_F1(Li),SRP,O9,8.79,,5.47,,,,,,,
SRP_F1(Li),SRP,P0,8.79,,5.47,,,,,,,
SRP_F1(Li),SRP,P1,8.79,,5.47,,,,,,,
SRP_F1(Li),SRP,P2,8.79,,5.47,,,,,,,
SRP_F1(Li),SRP,P3,8.79,,5.47,,,,,,,
SRP_F1(Li),SRP,P8,8.79,,5.47,,,,,,,
SRP_F1(Li),SRP,P9,8.79,,5.47,,,,,,,
SRP_F1(Li),SRP,Q0,8.79,,5.47,,,,,,,
SRP_F1(Li),SRP,Q1,8.79,,5.47,,,,,,,
SRP_F2(Le),SRP,O1,8.79,,5.47,,,,,,,
SRP_F2(Le),SRP,O2,8.79,,5.47,,,,,,,
SRP_F2(Le),SRP,O3,8.79,,5.47,,,,,,,
SRP_F2(Le),SRP,O4,8.79,,5.47,,,,,,,
SRP_F2(Le),SRP,O6,8.79,,5.47,,,,,,,
SRP_F2(Le),SRP,O8,8.79,,5.47,,,,,,,
SRP_F2(Le),SRP,O9,8.79,,5.47,,,,,,,
SRP_F2(Le),SRP,P0,8.79,,5.47,,,,,,,
SRP_F2(Le),SRP,P1,8.79,,5.47,,,,,,,
SRP_F2(Le),SRP,P2,8.79,,5.47,,,,,,,
SRP_F2(Le),SRP,P3,8.79,,5.47,,,,,,,
SRP_F2(Le),SRP,P8,8.79,,5.47,,,,,,,
SRP_F2(Le),SRP,P9,8.79,,5.47,,,,,,,
SRP_F2(Le),SRP,Q0,8.79,,5.47,,,,,,,
SRP_F2(Le),SRP,Q1,8.79,,5.47,,,,,,,
SRP_F3(Je),SRP,O1,8.79,,5.47,,,,,,,
SRP_F3(Je),SRP,O2,8.79,,5.47,,,,,,,
SRP_F3(Je),SRP,O3,8.79,,5.47,,,,,,,
SRP_F3(Je),SRP,O4,8.79,,5.47,,,,,,,
SRP_F3(Je),SRP,O6,8.79,,5.47,,,,,,,
SRP_F3(Je),SRP,O8,8.79,,5.47,,,,,,,
SRP_F3(Je),SRP,O9,8.79,,5.47,,,,,,,
SRP_F3(Je),SRP,P0,8.79,,5.47,,,,,,,
SRP_F3(Je),SRP,P1,8.79,,5.47,,,,,,,
SRP_F3(Je),SRP,P2,8.79,,5.47,,,,,,,
SRP_F3(Je),SRP,P3,8.79,,5.47,,,,,,,
SRP_F3(Je),SRP,P8,8.79,,5.47,,,,,,,
SRP_F3(Je),SRP,P9,8.79,,5.47,,,,,,,
SRP_F3(Je),SRP,Q0,8.79,,5.47,,,,,,,
SRP_F3(Je),SRP,Q1,8.79,,5.47,,,,,,,
SRP_F4(So),SRP,O1,8.79,,5.47,,,,,,,
SRP_F4(So),SRP,O2,8.79,,5.47,,,,,,,
SRP_F4(So),SRP,O3,8.79,,5.47,,,,,,,
SRP_F4(So),SRP,O4,8.79,,5.47,,,,,,,
SRP_F4(So),SRP,O6,8.79,,5.47,,,,,,,
SRP_F4(So),SRP,O8,8.79,,5.47,,,,,,,
SRP_F4(So),SRP,O9,8.79,,5.47,,,,,,,
SRP_F4(So),SRP,P0,8.79,,5.47,,,,,,,
SRP_F4(So),SRP,P1,8.79,,5.47,,,,,,,
SRP_F4(So),SRP,P2,8.79,,5.47,,,,,,,
SRP_F4(So),SRP,P3,8.79,,5.47,,,,,,,
SRP_F4(So),SRP,P8,8.79,,5.47,,,,,,,
SRP_F4(So),SRP,P9,8.79,,5.47,,,,,,,
SRP_F4(So),SRP,Q0,8.79,,5.47,,,,,,,
SRP_F4(So),SRP,Q1,8.79,,5.47,,,,,,,
SRP_F5(Ol),SRP,O1,8.79,,5.47,,,,,,,
SRP_F5(Ol),SRP,O2,8.79,,5.47,,,,,,,
SRP_F5(Ol),SRP,O3,8.79,,5.47,,,,,,,
SRP_F5(Ol),SRP,O4,8.79,,5.47,,,,,,,
SRP_F5(Ol),SRP,O6,8.79,,5.47,,,,,,,
SRP_F5(Ol),SRP,O8,8.79,,5.47,,,,,,,
SRP_F5(Ol),SRP,O9,8.79,,5.47,,,,,,,
SRP_F5(Ol),SRP,P0,8.79,,5.47,,,,,,,
SRP_F5(Ol),SRP,P1,8.79,,5.47,,,,,,,
SRP_F5(Ol),SRP,P2,8.79,,5.47,,,,,,,
SRP_F5(Ol),SRP,P3,8.79,,5.47,,,,,,,
SRP_F5(Ol),SRP,P8,8.79,,5.47,,,,,,,
SRP_F5(Ol),SRP,P9,8.79,,5.47,,,,,,,
SRP_F5(Ol),SRP,Q0,8.79,,5.47,,,,,,,
SRP_F5(Ol),SRP,Q1,8.79,,5.47,,,,,,,
SRP_M1(Go),SRP,O1,8.79,,5.47,,,,,,,
SRP_M1(Go),SRP,O2,8.79,,5.47,,,,,,,
SRP_M1(Go),SRP,O3,8.79,,5.47,,,,,,,
SRP_M1(Go),SRP,O4,8.79,,5.47,,,,,,,
SRP_M1(Go),SRP,O6,8.79,,5.47,,,,,,,
SRP_M1(Go),SRP,O8,8.79,,5.47,,,,,,,
SRP_M1(Go),SRP,O9,8.79,,5.47,,,,,,,
SRP_M1(Go),SRP,P0,8.79,,5.47,,,,,,,
SRP_M1(Go),SRP,P1,8.79,,5.47,,,,,,,
SRP_M1(Go),SRP,P2,8.79,,5.47,,,,,,,
SRP_M1(Go),SRP,P3,8.79,,5.47,,,,,,,
SRP_M1(Go),SRP,P8,8.79,,5.47,,,,,,,
SRP_M1(Go),SRP,P9,8.79,,5.47,,,,,,,
SRP_M1(Go),SRP,Q0,8.79,,5.47,,,,,,,
SRP_M1(Go),SRP,Q1,8.79,,5.47,,,,,,,
SRP_M2(Iv),SRP,O1,8.79,,5.47,,,,,,,
SRP_M2(Iv),SRP,O2,8.79,,5.47,,,,,,,
SRP_M2(Iv),SRP,O3,8.79,,5.47,,,,,,,
SRP_M2(Iv),SRP,O4,8.79,,5.47,,,,,,,
SRP_M2(Iv),SRP,O6,8.79,,5.47,,,,,,,
SRP_M2(Iv),SRP,O8,8.79,,5.47,,,,,,,
SRP_M2(Iv),SRP,O9,8.79,,5.47,,,,,,,
SRP_M2(Iv),SRP,P0,8.79,,5.47,,,,,,,
SRP_M2(Iv),SRP,P1,8.79,,5.47,,,,,,,
SRP_M2(Iv),SRP,P2,8.79,,5.47,,,,,,,
SRP_M2(Iv),SRP,P3,8.79,,5.47,,,,,,,
SRP_M2(Iv),SRP,P8,8.79,,5.47,,,,,,,
SRP_M2(Iv),SRP,P9,8.79,,5.47,,,,,,,
SRP_M2(Iv),SRP,Q0,8.79,,5.47,,,,,,,
SRP_M2(Iv),SRP,Q1,8.79,,5.47,,,,,,,
SRP_M3(Pe),SRP,O1,8.79,,5.47,,,,,,,
SRP_M3(Pe),SRP,O2,8.79,,5.47,,,,,,,
SRP_M3(Pe),SRP,O3,8.79,,5.47,,,,,,,
SRP_M3(Pe),SRP,O4,8.79,,5.47,,,,,,,
SRP_M3(Pe),SRP,O6,8.79,,5.47,,,,,,,
SRP_M3(Pe),SRP,O8,8.79,,5.47,,,,,,,
SRP_M3(Pe),SRP,O9,8.79,,5.47,,,,,,,
SRP_M3(Pe),SRP,P0,8.79,,5.47,,,,,,,
SRP_M3(Pe),SRP,P1,8.79,,5.47,,,,,,,
SRP_M3(Pe),SRP,P2,8.79,,5.47,,,,,,,
SRP_M3(Pe),SRP,P3,8.79,,5.47,,,,,,,
SRP_M3(Pe),SRP,P8,8.79,,5.47,,,,,,,
SRP_M3(Pe),SRP,P9,8.79,,5.47,,,,,,,
SRP_M3(Pe),SRP,Q0,8.79,,5.47,,,,,,,
SRP_M3(Pe),SRP,Q1,8.79,,5.47,,,,,,,
SRP_M4(Vo),SRP,O1,8.79,,5.47,,,,,,,
SRP_M4(Vo),SRP,O2,8.79,,5.47,,,,,,,
SRP_M4(Vo),SRP,O3,8.79,,5.47,,,,,,,
SRP_M4(Vo),SRP,O4,8.79,,5.47,,,,,,,
SRP_M4(Vo),SRP,O6,8.79,,5.47,,,,,,,
SRP_M4(Vo),SRP,O8,8.79,,5.47,,,,,,,
SRP_M4(Vo),SRP,O9,8.79,,5.47,,,,,,,
SRP_M4(Vo),SRP,P0,8.79,,5.47,,,,,,,
SRP_M4(Vo),SRP,P1,8.79,,5.47,,,,,,,
SRP_M4(Vo),SRP,P2,8.79,,5.47,,,,,,,
SRP_M4(Vo),SRP,P3,8.79,,5.47,,,,,,,
SRP_M4(Vo),SRP,P8,8.79,,5.47,,,,,,,
SRP_M4(Vo),SRP,P9,8.79,,5.47,,,,,,,
SRP_M4(Vo),SRP,Q0,8.79,,5.47,,,,,,,
SRP_M4(Vo),SRP,Q1,8.79,,5.47,,,,,,,
SRP_M5(Ste),SRP,O1,8.79,,5.47,,,,,,,
SRP_M5(Ste),SRP,O2,8.79,,5.47,,,,,,,
SRP_M5(Ste),SRP,O3,8.79,,5.47,,,,,,,
SRP_M5(Ste),SRP,O4,8.79,,5.47,,,,,,,
SRP_M5(Ste),SRP,O6,8.79,,5.47,,,,,,,
SRP_M5(Ste),SRP,O8,8.79,,5.47,,,,,,,
SRP_M5(Ste),SRP,O9,8.79,,5.47,,,,,,,
SRP_M5(Ste),SRP,P0,8.79,,5.47,,,,,,,
SRP_M5(Ste),SRP,P1,8.79,,5.47,,,,,,,
SRP_M5(Ste),SRP,P2,8.79,,5.47,,,,,,,
SRP_M5(Ste),SRP,P3,8.79,,5.47,,,,,,,
SRP_M5(Ste),SRP,P8,8.79,,5.47,,,,,,,
SRP_M5(Ste),SRP,P9,8.79,,5.47,,,,,,,
SRP_M5(Ste),SRP,Q0,8.79,,5.47,,,,,,,
SRP_M5(Ste),SRP,Q1,8.79,,5.47,,,,,,,
THA_F1(Ja),THA,O1,9.13,,7.19,,,,,,,
THA_F1(Ja),THA,O2,9.13,,7.19,,,,,,,
THA_F1(Ja),THA,O3,9.13,,7.19,,,,,,,
THA_F1(Ja),THA,O4,9.13,,7.19,,,,,,,
THA_F1(Ja),THA,O6,9.13,,7.19,,,,,,,
THA_F1(Ja),THA,O8,9.13,,7.19,,,,,,,
THA_F1(Ja),THA,O9,9.13,,7.19,,,,,,,
THA_F1(Ja),THA,P0,9.13,,7.19,,,,,,,
THA_F1(Ja),THA,P1,9.13,,7.19,,,,,,,
THA_F1(Ja),THA,P2,9.13,,7.19,,,,,,,
THA_F1(Ja),THA,P3,9.13,,7.19,,,,,,,
THA_F1(Ja),THA,P8,9.13,,7.19,,,,,,,
THA_F1(Ja),THA,P9,9.13,,7.19,,,,,,,
THA_F1(Ja),THA,Q0,9.13,,7.19,,,,,,,
THA_F1(Ja),THA,Q1,9.13,,7.19,,,,,,,
THA_F2(Si),THA,O1,9.13,,7.19,,,,,,,
THA_F2(Si),THA,O2,9.13,,7.19,,,,,,,
THA_F2(Si),THA,O3,9.13,,7.19,,,,,,,
THA_F2(Si),THA,O4,9.13,,7.19,,,,,,,
THA_F2(Si),THA,O6,9.13,,7.19,,,,,,,
THA_F2(Si),THA,O8,9.13,,7.19,,,,,,,
THA_F2(Si),THA,O9,9.13,,7.19,,,,,,,
THA_F2(Si),THA,P0,9.13,,7.19,,,,,,,
THA_F2(Si),THA,P1,9.13,,7.19,,,,,,,
THA_F2(Si),THA,P2,9.13,,7.19,,,,,,,
THA_F2(Si),THA,P3,9.13,,7.19,,,,,,,
THA_F2(Si),THA,P8,9.13,,7.19,,,,,,,
THA_F2(Si),THA,P9,9.13,,7.19,,,,,,,
THA_F2(Si),THA,Q0,9.13,,7.19,,,,,,,
THA_F2(Si),THA,Q1,9.13,,7.19,,,,,,,
THA_F3(Fa),THA,O1,9.13,,7.19,,,,,,,
THA_F3(Fa),THA,O2,9.13,,7.19,,,,,,,
THA_F3(Fa),THA,O3,9.13,,7.19,,,,,,,
THA_F3(Fa),THA,O4,9.13,,7.19,,,,,,,
THA_F3(Fa),THA,O6,9.13,,7.19,,,,,,,
THA_F3(Fa),THA,O8,9.13,,7.19,,,,,,,
THA_F3(Fa),THA,O9,9.13,,7.19,,,,,,,
THA_F3(Fa),THA,P0,9.13,,7.19,,,,,,,
THA_F3(Fa),THA,P1,9.13,,7.19,,,,,,,
THA_F3(Fa),THA,P2,9.13,,7.19,,,,,,,
THA_F3(Fa),THA,P3,9.13,,7.19,,,,,,,
THA_F3(Fa),THA,P8,9.13,,7.19,,,,,,,
THA_F3(Fa),THA,P9,9.13,,7.19,,,,,,,
THA_F3(Fa),THA,Q0,9.13,,7.19,,,,,,,
THA_F3(Fa),THA,Q1,9.13,,7.19,,,,,,,
THA_F5(Ki),THA,O1,9.13,,7.19,,,,,,,
THA_F5(Ki),THA,O2,9.13,,7.19,,,,,,,
THA_F5(Ki),THA,O3,9.13,,7.19,,,,,,,
THA_F5(Ki),THA,O4,9.13,,7.19,,,,,,,
THA_F5(Ki),THA,O6,9.13,,7.19,,,,,,,
THA_F5(Ki),THA,O8,9.13,,7.19,,,,,,,
THA_F5(Ki),THA,O9,9.13,,7.19,,,,,,,
THA_F5(Ki),THA,P0,9.13,,7.19,,,,,,,
THA_F5(Ki),THA,P1,9.13,,7.19,,,,,,,
THA_F5(Ki),THA,P2,9.13,,7.19,,,,,,,
THA_F5(Ki),THA,P3,9.13,,7.19,,,,,,,
THA_F5(Ki),THA,P8,9.13,,7.19,,,,,,,
THA_F5(Ki),THA,P9,9.13,,7.19,,,,,,,
THA_F5(Ki),THA,Q0,9.13,,7.19,,,,,,,
THA_F5(Ki),THA,Q1,9.13,,7.19,,,,,,,
THA_F7(Pi),THA,O1,9.13,,7.19,,,,,,,
THA_F7(Pi),THA,O2,9.13,,7.19,,,,,,,
THA_F7(Pi),THA,O3,9.13,,7.19,,,,,,,
THA_F7(Pi),THA,O4,9.13,,7.19,,,,,,,
THA_F7(Pi),THA,O6,9.13,,7.19,,,,,,,
THA_F7(Pi),THA,O8,9.13,,7.19,,,,,,,
THA_F7(Pi),THA,O9,9.13,,7.19,,,,,,,
THA_F7(Pi),THA,P0,9.13,,7.19,,,,,,,
THA_F7(Pi),THA,P1,9.13,,7.19,,,,,,,
THA_F7(Pi),THA,P2,9.13,,7.19,,,,,,,
THA_F7(Pi),THA,P3,9.13,,7.19,,,,,,,
THA_F7(Pi),THA,P8,9.13,,7.19,,,,,,,
THA_F7(Pi),THA,P9,9.13,,7.19,,,,,,,
THA_F7(Pi),THA,Q0,9.13,,7.19,,,,,,,
THA_F7(Pi),THA,Q1,9.13,,7.19,,,,,,,
THA_M1(Pa),THA,O1,9.13,,7.19,,,,,,,
THA_M1(Pa),THA,O2,9.13,,7.19,,,,,,,
THA_M1(Pa),THA,O3,9.13,,7.19,,,,,,,
THA_M1(Pa),THA,O4,9.13,,7.19,,,,,,,
THA_M1(Pa),THA,O6,9.13,,7.19,,,,,,,
THA_M1(Pa),THA,O8,9.13,,7.19,,,,,,,
THA_M1(Pa),THA,O9,9.13,,7.19,,,,,,,
THA_M1(Pa),THA,P0,9.13,,7.19,,,,,,,
THA_M1(Pa),THA,P1,9.13,,7.19,,,,,,,
THA_M1(Pa),THA,P2,9.13,,7.19,,,,,,,
THA_M1(Pa),THA,P3,9.13,,7.19,,,,,,,
THA_M1(Pa),THA,P8,9.13,,7.19,,,,,,,
THA_M1(Pa),THA,P9,9.13,,7.19,,,,,,,
THA_M1(Pa),THA,Q0,9.13,,7.19,,,,,,,
THA_M1(Pa),THA,Q1,9.13,,7.19,,,,,,,
THA_M2(Ra),THA,O1,9.13,,7.19,,,,,,,
THA_M2(Ra),THA,O2,9.13,,7.19,,,,,,,
THA_M2(Ra),THA,O3,9.13,,7.19,,,,,,,
THA_M2(Ra),THA,O4,9.13,,7.19,,,,,,,
THA_M2(Ra),THA,O6,9.13,,7.19,,,,,,,
THA_M2(Ra),THA,O8,9.13,,7.19,,,,,,,
THA_M2(Ra),THA,O9,9.13,,7.19,,,,,,,
THA_M2(Ra),THA,P0,9.13,,7.19,,,,,,,
THA_M2(Ra),THA,P1,9.13,,7.19,,,,,,,
THA_M2(Ra),THA,P2,9.13,,7.19,,,,,,,
THA_M2(Ra),THA,P3,9.13,,7.19,,,,,,,
THA_M2(Ra),THA,P8,9.13,,7.19,,,,,,,
THA_M2(Ra),THA,P9,9.13,,7.19,,,,,,,
THA_M2(Ra),THA,Q0,9.13,,7.19,,,,,,,
THA_M2(Ra),THA,Q1,9.13,,7.19,,,,,,,
THA_M3(Shi),THA,O1,9.13,,7.19,,,,,,,
THA_M3(Shi),THA,O2,9.13,,7.19,,,,,,,
THA_M3(Shi),THA,O3,9.13,,7.19,,,,,,,
THA_M3(Shi),THA,O4,9.13,,7.19,,,,,,,
THA_M3(Shi),THA,O6,9.13,,7.19,,,,,,,
THA_M3(Shi),THA,O8,9.13,,7.19,,,,,,,
THA_M3(Shi),THA,O9,9.13,,7.19,,,,,,,
THA_M3(Shi),THA,P0,9.13,,7.19,,,,,,,
THA_M3(Shi),THA,P1,9.13,,7.19,,,,,,,
THA_M3(Shi),THA,P2,9.13,,7.19,,,,,,,
THA_M3(Shi),THA,P3,9.13,,7.19,,,,,,,
THA_M3(Shi),THA,P8,9.13,,7.19,,,,,,,
THA_M3(Shi),THA,P9,9.13,,7.19,,,,,,,
THA_M3(Shi),THA,Q0,9.13,,7.19,,,,,,,
THA_M3(Shi),THA,Q1,9.13,,7.19,,,,,,,
THA_M4(Su),THA,O1,9.13,,7.19,,,,,,,
THA_M4(Su),THA,O2,9.13,,7.19,,,,,,,
THA_M4(Su),THA,O3,9.13,,7.19,,,,,,,
THA_M4(Su),THA,O4,9.13,,7.19,,,,,,,
THA_M4(Su),THA,O6,9.13,,7.19,,,,,,,
THA_M4(Su),THA,O8,9.13,,7.19,,,,,,,
THA_M4(Su),THA,O9,9.13,,7.19,,,,,,,
THA_M4(Su),THA,P0,9.13,,7.19,,,,,,,
THA_M4(Su),THA,P1,9.13,,7.19,,,,,,,
THA_M4(Su),THA,P2,9.13,,7.19,,,,,,,
THA_M4(Su),THA,P3,9.13,,7.19,,,,,,,
THA_M4(Su),THA,P8,9.13,,7.19,,,,,,,
THA_M4(Su),THA,P9,9.13,,7.19,,,,,,,
THA_M4(Su),THA,Q0,9.13,,7.19,,,,,,,
THA_M4(Su),THA,Q1,9.13,,7.19,,,,,,,
THA_M5(Ik),THA,O1,9.13,,7.19,,,,,,,
THA_M5(Ik),THA,O2,9.13,,7.19,,,,,,,
THA_M5(Ik),THA,O3,9.13,,7.19,,,,,,,
THA_M5(Ik),THA,O4,9.13,,7.19,,,,,,,
THA_M5(Ik),THA,O6,9.13,,7.19,,,,,,,
THA_M5(Ik),THA,O8,9.13,,7.19,,,,,,,
THA_M5(Ik),THA,O9,9.13,,7.19,,,,,,,
THA_M5(Ik),THA,P0,9.13,,7.19,,,,,,,
THA_M5(Ik),THA,P1,9.13,,7.19,,,,,,,
THA_M5(Ik),THA,P2,9.13,,7.19,,,,,,,
THA_M5(Ik),THA,P3,9.13,,7.19,,,,,,,
THA_M5(Ik),THA,P8,9.13,,7.19,,,,,,,
THA_M5(Ik),THA,P9,9.13,,7.19,,,,,,,
THA_M5(Ik),THA,Q0,9.13,,7.19,,,,,,,
THA_M5(Ik),THA,Q1,9.13,,7.19,,,,,,,
TUR_F1(Em),TUR,O1,9.19,,5.34,,,,,,,
TUR_F1(Em),TUR,O2,9.19,,5.34,,,,,,,
TUR_F1(Em),TUR,O3,9.19,,5.34,,,,,,,
TUR_F1(Em),TUR,O4,9.19,,5.34,,,,,,,
TUR_F1(Em),TUR,O6,9.19,,5.34,,,,,,,
TUR_F1(Em),TUR,O8,9.19,,5.34,,,,,,,
TUR_F1(Em),TUR,O9,9.19,,5.34,,,,,,,
TUR_F1(Em),TUR,P0,9.19,,5.34,,,,,,,
TUR_F1(Em),TUR,P1,9.19,,5.34,,,,,,,
TUR_F1(Em),TUR,P2,9.19,,5.34,,,,,,,
TUR_F1(Em),TUR,P3,9.19,,5.34,,,,,,,
TUR_F1(Em),TUR,P8,9.19,,5.34,,,,,,,
TUR_F1(Em),TUR,P9,9.19,,5.34,,,,,,,
TUR_F1(Em),TUR,Q0,9.19,,5.34,,,,,,,
TUR_F1(Em),TUR,Q1,9.19,,5.34,,,,,,,
TUR_F2(Fe),TUR,O1,9.19,,5.34,,,,,,,
TUR_F2(Fe),TUR,O2,9.19,,5.34,,,,,,,
TUR_F2(Fe),TUR,O3,9.19,,5.34,,,,,,,
TUR_F2(Fe),TUR,O4,9.19,,5.34,,,,,,,
TUR_F2(Fe),TUR,O6,9.19,,5.34,,,,,,,
TUR_F2(Fe),TUR,O8,9.19,,5.34,,,,,,,
TUR_F2(Fe),TUR,O9,9.19,,5.34,,,,,,,
TUR_F2(Fe),TUR,P0,9.19,,5.34,,,,,,,
TUR_F2(Fe),TUR,P1,9.19,,5.34,,,,,,,
TUR_F2(Fe),TUR,P2,9.19,,5.34,,,,,,,
TUR_F2(Fe),TUR,P3,9.19,,5.34,,,,,,,
TUR_F2(Fe),TUR,P8,9.19,,5.34,,,,,,,
TUR_F2(Fe),TUR,P9,9.19,,5.34,,,,,,,
TUR_F2(Fe),TUR,Q0,9.19,,5.34,,,,,,,
TUR_F2(Fe),TUR,Q1,9.19,,5.34,,,,,,,
TUR_F3(Be),TUR,O1,9.19,,5.34,,,,,,,
TUR_F3(Be),TUR,O2,9.19,,5.34,,,,,,,
TUR_F3(Be),TUR,O3,9.19,,5.34,,,,,,,
TUR_F3(Be),TUR,O4,9.19,,5.34,,,,,,,
TUR_F3(Be),TUR,O6,9.19,,5.34,,,,,,,
TUR_F3(Be),TUR,O8,9.19,,5.34,,,,,,,
TUR_F3(Be),TUR,O9,9.19,,5.34,,,,,,,
TUR_F3(Be),TUR,P0,9.19,,5.34,,,,,,,
TUR_F3(Be),TUR,P1,9.19,,5.34,,,,,,,
TUR_F3(Be),TUR,P2,9.19,,5.34,,,,,,,
TUR_F3(Be),TUR,P3,9.19,,5.34,,,,,,,
TUR_F3(Be),TUR,P8,9.19,,5.34,,,,,,,
TUR_F3(Be),TUR,P9,9.19,,5.34,,,,,,,
TUR_F3(Be),TUR,Q0,9.19,,5.34,,,,,,,
TUR_F3(Be),TUR,Q1,9.19,,5.34,,,,,,,
TUR_F4(Ra),TUR,O1,9.19,,5.34,,,,,,,
TUR_F4(Ra),TUR,O2,9.19,,5.34,,,,,,,
TUR_F4(Ra),TUR,O3,9.19,,5.34,,,,,,,
TUR_F4(Ra),TUR,O4,9.19,,5.34,,,,,,,
TUR_F4(Ra),TUR,O6,9.19,,5.34,,,,,,,
TUR_F4(Ra),TUR,O8,9.19,,5.34,,,,,,,
TUR_F4(Ra),TUR,O9,9.19,,5.34,,,,,,,
TUR_F4(Ra),TUR,P0,9.19,,5.34,,,,,,,
TUR_F4(Ra),TUR,P1,9.19,,5.34,,,,,,,
TUR_F4(Ra),TUR,P2,9.19,,5.34,,,,,,,
TUR_F4(Ra),TUR,P3,9.19,,5.34,,,,,,,
TUR_F4(Ra),TUR,P8,9.19,,5.34,,,,,,,
TUR_F4(Ra),TUR,P9,9.19,,5.34,,,,,,,
TUR_F4(Ra),TUR,Q0,9.19,,5.34,,,,,,,
TUR_F4(Ra),TUR,Q1,9.19,,5.34,,,,,,,
TUR_F5(Nu),TUR,O1,9.19,,5.34,,,,,,,
TUR_F5(Nu),TUR,O2,9.19,,5.34,,,,,,,
TUR_F5(Nu),TUR,O3,9.19,,5.34,,,,,,,
TUR_F5(Nu),TUR,O4,9.19,,5.34,,,,,,,
TUR_F5(Nu),TUR,O6,9.19,,5.34,,,,,,,
TUR_F5(Nu),TUR,O8,9.19,,5.34,,,,,,,
TUR_F5(Nu),TUR,O9,9.19,,5.34,,,,,,,
TUR_F5(Nu),TUR,P0,9.19,,5.34,,,,,,,
TUR_F5(Nu),TUR,P1,9.19,,5.34,,,,,,,
TUR_F5(Nu),TUR,P2,9.19,,5.34,,,,,,,
TUR_F5(Nu),TUR,P3,9.19,,5.34,,,,,,,
TUR_F5(Nu),TUR,P8,9.19,,5.34,,,,,,,
TUR_F5(Nu),TUR,P9,9.19,,5.34,,,,,,,
TUR_F5(Nu),TUR,Q0,9.19,,5.34,,,,,,,
TUR_F5(Nu),TUR,Q1,9.19,,5.34,,,,,,,
TUR_M1(Ta),TUR,O1,9.19,,5.34,,,,,,,
TUR_M1(Ta),TUR,O2,9.19,,5.34,,,,,,,
TUR_M1(Ta),TUR,O3,9.19,,5.34,,,,,,,
TUR_M1(Ta),TUR,O4,9.19,,5.34,,,,,,,
TUR_M1(Ta),TUR,O6,9.19,,5.34,,,,,,,
TUR_M1(Ta),TUR,O8,9.19,,5.34,,,,,,,
TUR_M1(Ta),TUR,O9,9.19,,5.34,,,,,,,
TUR_M1(Ta),TUR,P0,9.19,,5.34,,,,,,,
TUR_M1(Ta),TUR,P1,9.19,,5.34,,,,,,,
TUR_M1(Ta),TUR,P2,9.19,,5.34,,,,,,,
TUR_M1(Ta),TUR,P3,9.19,,5.34,,,,,,,
TUR_M1(Ta),TUR,P8,9.19,,5.34,,,,,,,
TUR_M1(Ta),TUR,P9,9.19,,5.34,,,,,,,
TUR_M1(Ta),TUR,Q0,9.19,,5.34,,,,,,,
TUR_M1(Ta),TUR,Q1,9.19,,5.34,,,,,,,
TUR_M2(Al),TUR,O1,9.19,,5.34,,,,,,,
TUR_M2(Al),TUR,O2,9.19,,5.34,,,,,,,
TUR_M2(Al),TUR,O3,9.19,,5.34,,,,,,,
TUR_M2(Al),TUR,O4,9.19,,5.34,,,,,,,
TUR_M2(Al),TUR,O6,9.19,,5.34,,,,,,,
TUR_M2(Al),TUR,O8,9.19,,5.34,,,,,,,
TUR_M2(Al),TUR,O9,9.19,,5.34,,,,,,,
TUR_M2(Al),TUR,P0,9.19,,5.34,,,,,,,
TUR_M2(Al),TUR,P1,9.19,,5.34,,,,,,,
TUR_M2(Al),TUR,P2,9.19,,5.34,,,,,,,
TUR_M2(Al),TUR,P3,9.19,,5.34,,,,,,,
TUR_M2(Al),TUR,P8,9.19,,5.34,,,,,,,
TUR_M2(Al),TUR,P9,9.19,,5.34,,,,,,,
TUR_M2(Al),TUR,Q0,9.19,,5.34,,,,,,,
TUR_M2(Al),TUR,Q1,9.19,,5.34,,,,,,,
TUR_M3(En),TUR,O2,9.19,,5.34,,,,,,,
TUR_M3(En),TUR,O3,9.19,,5.34,,,,,,,
TUR_M3(En),TUR,O4,9.19,,5.34,,,,,,,
TUR_M3(En),TUR,O6,9.19,,5.34,,,,,,,
TUR_M3(En),TUR,O8,9.19,,5.34,,,,,,,
TUR_M3(En),TUR,O9,9.19,,5.34,,,,,,,
TUR_M3(En),TUR,P0,9.19,,5.34,,,,,,,
TUR_M3(En),TUR,P1,9.19,,5.34,,,,,,,
TUR_M3(En),TUR,P2,9.19,,5.34,,,,,,,
TUR_M3(En),TUR,P3,9.19,,5.34,,,,,,,
TUR_M3(En),TUR,P8,9.19,,5.34,,,,,,,
TUR_M3(En),TUR,P9,9.19,,5.34,,,,,,,
TUR_M3(En),TUR,Q0,9.19,,5.34,,,,,,,
TUR_M3(En),TUR,Q1,9.19,,5.34,,,,,,,
TUR_M4(An),TUR,O1,9.19,,5.34,,,,,,,
TUR_M4(An),TUR,O2,9.19,,5.34,,,,,,,
TUR_M4(An),TUR,O3,9.19,,5.34,,,,,,,
TUR_M4(An),TUR,O4,9.19,,5.34,,,,,,,
TUR_M4(An),TUR,O6,9.19,,5.34,,,,,,,
TUR_M4(An),TUR,O8,9.19,,5.34,,,,,,,
TUR_M4(An),TUR,O9,9.19,,5.34,,,,,,,
TUR_M4(An),TUR,P0,9.19,,5.34,,,,,,,
TUR_M4(An),TUR,P1,9.19,,5.34,,,,,,,
TUR_M4(An),TUR,P2,9.19,,5.34,,,,,,,
TUR_M4(An),TUR,P3,9.19,,5.34,,,,,,,
TUR_M4(An),TUR,P8,9.19,,5.34,,,,,,,
TUR_M4(An),TUR,P9,9.19,,5.34,,,,,,,
TUR_M4(An),TUR,Q0,9.19,,5.34,,,,,,,
TUR_M4(An),TUR,Q1,9.19,,5.34,,,,,,,
TUR_M5(Me),TUR,O1,9.19,,5.34,,,,,,,
TUR_M5(Me),TUR,O2,9.19,,5.34,,,,,,,
TUR_M5(Me),TUR,O3,9.19,,5.34,,,,,,,
TUR_M5(Me),TUR,O4,9.19,,5.34,,,,,,,
TUR_M5(Me),TUR,O6,9.19,,5.34,,,,,,,
TUR_M5(Me),TUR,O8,9.19,,5.34,,,,,,,
TUR_M5(Me),TUR,O9,9.19,,5.34,,,,,,,
TUR_M5(Me),TUR,P0,9.19,,5.34,,,,,,,
TUR_M5(Me),TUR,P1,9.19,,5.34,,,,,,,
TUR_M5(Me),TUR,P2,9.19,,5.34,,,,,,,
TUR_M5(Me),TUR,P3,9.19,,5.34,,,,,,,
TUR_M5(Me),TUR,P8,9.19,,5.34,,,,,,,
TUR_M5(Me),TUR,P9,9.19,,5.34,,,,,,,
TUR_M5(Me),TUR,Q0,9.19,,5.34,,,,,,,
TUR_M5(Me),TUR,Q1,9.19,,5.34,,,,,,,
VIE_F1(DTND),VIE,O1,9.72,9.720546565222495,8.02,2.171250207636948,0.0581168452040594,0.0,51.748,11.559,0.309,0.0
VIE_F1(DTND),VIE,O2,9.72,9.720546565222495,8.02,2.171250207636948,0.0581168452040594,0.0,40.038,8.943,0.239,0.0
VIE_F1(DTND),VIE,O3,9.72,9.720546565222495,8.02,2.171250207636948,0.0581168452040594,0.0,50.879,11.365,0.304,0.0
VIE_F1(DTND),VIE,O4,9.72,9.720546565222495,8.02,2.171250207636948,0.0581168452040594,0.0,48.576,10.85,0.29,0.0
VIE_F1(DTND),VIE,O6,9.72,9.720546565222495,8.02,2.171250207636948,0.0581168452040594,0.0,46.644,10.419,0.279,0.0
VIE_F1(DTND),VIE,O8,9.72,9.720546565222495,8.02,2.171250207636948,0.0581168452040594,0.0,50.472,11.274,0.302,0.0
VIE_F1(DTND),VIE,O9,9.72,9.720546565222495,8.02,2.171250207636948,0.0581168452040594,0.0,49.777,11.118,0.298,0.0
VIE_F1(DTND),VIE,P0,9.72,9.720546565222495,8.02,2.171250207636948,0.0581168452040594,0.0,52.53,11.734,0.314,0.0
VIE_F1(DTND),VIE,P1,9.72,9.720546565222495,8.02,2.171250207636948,0.0581168452040594,0.0,47.796,10.676,0.286,0.0
VIE_F1(DTND),VIE,P2,9.72,9.720546565222495,8.02,2.171250207636948,0.0581168452040594,0.0,48.662,10.87,0.291,0.0
VIE_F1(DTND),VIE,P3,9.72,9.720546565222495,8.02,2.171250207636948,0.0581168452040594,0.0,49.158,10.98,0.294,0.0
VIE_F1(DTND),VIE,P8,9.72,9.720546565222495,8.02,2.171250207636948,0.0581168452040594,0.0,43.148,9.638,0.258,0.0
VIE_F1(DTND),VIE,P9,9.72,9.720546565222495,8.02,2.171250207636948,0.0581168452040594,0.0,47.68,10.65,0.285,0.0
VIE_F1(DTND),VIE,Q0,9.72,9.720546565222495,8.02,2.171250207636948,0.0581168452040594,0.0,49.806,11.125,0.298,0.0
VIE_F1(DTND),VIE,Q1,9.72,9.720546565222495,8.02,2.171250207636948,0.0581168452040594,0.0,51.902,11.593,0.31,0.0
VIE_F2(DTNH),VIE,O1,9.72,9.720546565222495,8.02,2.171250207636948,0.0581168452040594,0.0,48.987,10.942,0.293,0.0
VIE_F2(DTNH),VIE,O2,9.72,9.720546565222495,8.02,2.171250207636948,0.0581168452040594,0.0,51.99,11.613,0.311,0.0
VIE_F2(DTNH),VIE,O3,9.72,9.720546565222495,8.02,2.171250207636948,0.0581168452040594,0.0,51.3,11.459,0.307,0.0
VIE_F2(DTNH),VIE,O4,9.72,9.720546565222495,8.02,2.171250207636948,0.0581168452040594,0.0,51.072,11.408,0.305,0.0
VIE_F2(DTNH),VIE,O6,9.72,9.720546565222495,8.02,2.171250207636948,0.0581168452040594,0.0,53.389,11.925,0.319,0.0
VIE_F2(DTNH),VIE,O8,9.72,9.720546565222495,8.02,2.171250207636948,0.0581168452040594,0.0,50.311,11.238,0.301,0.0
VIE_F2(DTNH),VIE,O9,9.72,9.720546565222495,8.02,2.171250207636948,0.0581168452040594,0.0,46.914,10.479,0.28,0.0
VIE_F2(DTNH),VIE,P0,9.72,9.720546565222495,8.02,2.171250207636948,0.0581168452040594,0.0,48.467,10.826,0.29,0.0
VIE_F2(DTNH),VIE,P1,9.72,9.720546565222495,8.02,2.171250207636948,0.0581168452040594,0.0,49.043,10.955,0.293,0.0
VIE_F2(DTNH),VIE,P2,9.72,9.720546565222495,8.02,2.171250207636948,0.0581168452040594,0.0,52.294,11.681,0.313,0.0
VIE_F2(DTNH),VIE,P3,9.72,9.720546565222495,8.02,2.171250207636948,0.0581168452040594,0.0,48.311,10.791,0.289,0.0
VIE_F2(DTNH),VIE,P8,9.72,9.720546565222495,8.02,2.171250207636948,0.0581168452040594,0.0,49.458,11.047,0.296,0.0
VIE_F2(DTNH),VIE,P9,9.72,9.720546565222495,8.02,2.171250207636948,0.0581168452040594,0.0,48.843,10.91,0.292,0.0
VIE_F2(DTNH),VIE,Q0,9.72,9.720546565222495,8.02,2.171250207636948,0.0581168452040594,0.0,49.958,11.159,0.299,0.0
VIE_F2(DTNH),VIE,Q1,9.72,9.720546565222495,8.02,2.171250207636948,0.0581168452040594,0.0,47.863,10.691,0.286,0.0
VIE_F3(Ly),VIE,O1,9.72,9.720546565222495,8.02,2.171250207636948,0.0581168452040594,0.0,52.543,11.736,0.314,0.0
VIE_F3(Ly),VIE,O2,9.72,9.720546565222495,8.02,2.171250207636948,0.0581168452040594,0.0,51.226,11.442,0.306,0.0
VIE_F3(Ly),VIE,O3,9.72,9.720546565222495,8.02,2.171250207636948,0.0581168452040594,0.0,57.716,12.892,0.345,0.0
VIE_F3(Ly),VIE,O4,9.72,9.720546565222495,8.02,2.171250207636948,0.0581168452040594,0.0,44.328,9.901,0.265,0.0
VIE_F3(Ly),VIE,O6,9.72,9.720546565222495,8.02,2.171250207636948,0.0581168452040594,0.0,49.536,11.065,0.296,0.0
VIE_F3(Ly),VIE,O8,9.72,9.720546565222495,8.02,2.171250207636948,0.0581168452040594,0.0,54.723,12.223,0.327,0.0
VIE_F3(Ly),VIE,O9,9.72,9.720546565222495,8.02,2.171250207636948,0.0581168452040594,0.0,48.657,10.868,0.291,0.0
VIE_F3(Ly),VIE,P0,9.72,9.720546565222495,8.02,2.171250207636948,0.0581168452040594,0.0,50.83,11.354,0.304,0.0
VIE_F3(Ly),VIE,P1,9.72,9.720546565222495,8.02,2.171250207636948,0.0581168452040594,0.0,52.69,11.769,0.315,0.0
VIE_F3(Ly),VIE,P2,9.72,9.720546565222495,8.02,2.171250207636948,0.0581168452040594,0.0,50.913,11.372,0.304,0.0
VIE_F3(Ly),VIE,P3,9.72,9.720546565222495,8.02,2.171250207636948,0.0581168452040594,0.0,50.235,11.221,0.3,0.0
VIE_F3(Ly),VIE,P8,9.72,9.720546565222495,8.02,2.171250207636948,0.0581168452040594,0.0,54.797,12.24,0.328,0.0
VIE_F3(Ly),VIE,P9,9.72,9.720546565222495,8.02,2.171250207636948,0.0581168452040594,0.0,46.073,10.291,0.275,0.0
VIE_F3(Ly),VIE,Q0,9.72,9.720546565222495,8.02,2.171250207636948,0.0581168452040594,0.0,54.003,12.063,0.323,0.0
VIE_F3(Ly),VIE,Q1,9.72,9.720546565222495,8.02,2.171250207636948,0.0581168452040594,0.0,51.044,11.402,0.305,0.0
VIE_F4(Ma),VIE,O1,9.72,9.720546565222495,8.02,2.171250207636948,0.0581168452040594,0.0,39.209,8.758,0.234,0.0
VIE_F4(Ma),VIE,O2,9.72,9.720546565222495,8.02,2.171250207636948,0.0581168452040594,0.0,47.603,10.633,0.285,0.0
VIE_F4(Ma),VIE,O3,9.72,9.720546565222495,8.02,2.171250207636948,0.0581168452040594,0.0,42.822,9.565,0.256,0.0
VIE_F4(Ma),VIE,O4,9.72,9.720546565222495,8.02,2.171250207636948,0.0581168452040594,0.0,47.162,10.534,0.282,0.0
VIE_F4(Ma),VIE,O6,9.72,9.720546565222495,8.02,2.171250207636948,0.0581168452040594,0.0,46.695,10.43,0.279,0.0
VIE_F4(Ma),VIE,O8,9.72,9.720546565222495,8.02,2.171250207636948,0.0581168452040594,0.0,43.405,9.695,0.26,0.0
VIE_F4(Ma),VIE,O9,9.72,9.720546565222495,8.02,2.171250207636948,0.0581168452040594,0.0,45.579,10.181,0.273,0.0
VIE_F4(Ma),VIE,P0,9.72,9.720546565222495,8.02,2.171250207636948,0.0581168452040594,0.0,43.074,9.621,0.258,0.0
VIE_F4(Ma),VIE,P1,9.72,9.720546565222495,8.02,2.171250207636948,0.0581168452040594,0.0,44.666,9.977,0.267,0.0
VIE_F4(Ma),VIE,P2,9.72,9.720546565222495,8.02,2.171250207636948,0.0581168452040594,0.0,42.9,9.582,0.256,0.0
VIE_F4(Ma),VIE,P3,9.72,9.720546565222495,8.02,2.171250207636948,0.0581168452040594,0.0,44.72,9.989,0.267,0.0
VIE_F4(Ma),VIE,P8,9.72,9.720546565222495,8.02,2.171250207636948,0.0581168452040594,0.0,43.475,9.711,0.26,0.0
VIE_F4(Ma),VIE,P9,9.72,9.720546565222495,8.02,2.171250207636948,0.0581168452040594,0.0,46.124,10.303,0.276,0.0
VIE_F4(Ma),VIE,Q0,9.72,9.720546565222495,8.02,2.171250207636948,0.0581168452040594,0.0,47.698,10.654,0.285,0.0
VIE_F4(Ma),VIE,Q1,9.72,9.720546565222495,8.02,2.171250207636948,0.0581168452040594,0.0,42.542,9.503,0.254,0.0
VIE_F5(Vu),VIE,O1,9.72,9.720546565222495,8.02,2.171250207636948,0.0581168452040594,0.0,47.225,10.549,0.282,0.0
VIE_F5(Vu),VIE,O2,9.72,9.720546565222495,8.02,2.171250207636948,0.0581168452040594,0.0,47.739,10.663,0.285,0.0
VIE_F5(Vu),VIE,O3,9.72,9.720546565222495,8.02,2.171250207636948,0.0581168452040594,0.0,47.806,10.678,0.286,0.0
VIE_F5(Vu),VIE,O4,9.72,9.720546565222495,8.02,2.171250207636948,0.0581168452040594,0.0,48.101,10.744,0.288,0.0
VIE_F5(Vu),VIE,O6,9.72,9.720546565222495,8.02,2.171250207636948,0.0581168452040594,0.0,45.518,10.167,0.272,0.0
VIE_F5(Vu),VIE,O8,9.72,9.720546565222495,8.02,2.171250207636948,0.0581168452040594,0.0,51.291,11.457,0.307,0.0
VIE_F5(Vu),VIE,O9,9.72,9.720546565222495,8.02,2.171250207636948,0.0581168452040594,0.0,50.096,11.19,0.3,0.0
VIE_F5(Vu),VIE,P0,9.72,9.720546565222495,8.02,2.171250207636948,0.0581168452040594,0.0,48.829,10.907,0.292,0.0
VIE_F5(Vu),VIE,P1,9.72,9.720546565222495,8.02,2.171250207636948,0.0581168452040594,0.0,52.561,11.74,0.314,0.0
VIE_F5(Vu),VIE,P2,9.72,9.720546565222495,8.02,2.171250207636948,0.0581168452040594,0.0,47.24,10.552,0.282,0.0
VIE_F5(Vu),VIE,P3,9.72,9.720546565222495,8.02,2.171250207636948,0.0581168452040594,0.0,50.759,11.338,0.303,0.0
VIE_F5(Vu),VIE,P8,9.72,9.720546565222495,8.02,2.171250207636948,0.0581168452040594,0.0,53.562,11.964,0.32,0.0
VIE_F5(Vu),VIE,P9,9.72,9.720546565222495,8.02,2.171250207636948,0.0581168452040594,0.0,49.149,10.978,0.294,0.0
VIE_F5(Vu),VIE,Q0,9.72,9.720546565222495,8.02,2.171250207636948,0.0581168452040594,0.0,52.81,11.796,0.316,0.0
VIE_F5(Vu),VIE,Q1,9.72,9.720546565222495,8.02,2.171250207636948,0.0581168452040594,0.0,50.82,11.352,0.304,0.0
VIE_M1(NCP1),VIE,O1,9.72,9.720546565222495,8.02,2.171250207636948,0.0581168452040594,0.0,46.977,10.493,0.281,0.0
VIE_M1(NCP1),VIE,O2,9.72,9.720546565222495,8.02,2.171250207636948,0.0581168452040594,0.0,37.6,8.399,0.225,0.0
VIE_M1(NCP1),VIE,O3,9.72,9.720546565222495,8.02,2.171250207636948,0.0581168452040594,0.0,46.893,10.474,0.28,0.0
VIE_M1(NCP1),VIE,O4,9.72,9.720546565222495,8.02,2.171250207636948,0.0581168452040594,0.0,44.213,9.876,0.264,0.0
VIE_M1(NCP1),VIE,O6,9.72,9.720546565222495,8.02,2.171250207636948,0.0581168452040594,0.0,42.773,9.554,0.256,0.0
VIE_M1(NCP1),VIE,O8,9.72,9.720546565222495,8.02,2.171250207636948,0.0581168452040594,0.0,47.699,10.654,0.285,0.0
VIE_M1(NCP1),VIE,O9,9.72,9.720546565222495,8.02,2.171250207636948,0.0581168452040594,0.0,42.9,9.582,0.256,0.0
VIE_M1(NCP1),VIE,P0,9.72,9.720546565222495,8.02,2.171250207636948,0.0581168452040594,0.0,43.652,9.75,0.261,0.0
VIE_M1(NCP1),VIE,P1,9.72,9.720546565222495,8.02,2.171250207636948,0.0581168452040594,0.0,39.417,8.804,0.236,0.0
VIE_M1(NCP1),VIE,P2,9.72,9.720546565222495,8.02,2.171250207636948,0.0581168452040594,0.0,43.811,9.786,0.262,0.0
VIE_M1(NCP1),VIE,P3,9.72,9.720546565222495,8.02,2.171250207636948,0.0581168452040594,0.0,45.49,10.161,0.272,0.0
VIE_M1(NCP1),VIE,P8,9.72,9.720546565222495,8.02,2.171250207636948,0.0581168452040594,0.0,45.072,10.068,0.269,0.0
VIE_M1(NCP1),VIE,P9,9.72,9.720546565222495,8.02,2.171250207636948,0.0581168452040594,0.0,41.496,9.269,0.248,0.0
VIE_M1(NCP1),VIE,Q0,9.72,9.720546565222495,8.02,2.171250207636948,0.0581168452040594,0.0,48.151,10.755,0.288,0.0
VIE_M1(NCP1),VIE,Q1,9.72,9.720546565222495,8.02,2.171250207636948,0.0581168452040594,0.0,45.212,10.099,0.27,0.0
VIE_M2(NVS1),VIE,O1,9.72,9.720546565222495,8.02,2.171250207636948,0.0581168452040594,0.0,46.626,10.415,0.279,0.0
VIE_M2(NVS1),VIE,O2,9.72,9.720546565222495,8.02,2.171250207636948,0.0581168452040594,0.0,51.277,11.454,0.307,0.0
VIE_M2(NVS1),VIE,O3,9.72,9.720546565222495,8.02,2.171250207636948,0.0581168452040594,0.0,51.808,11.572,0.31,0.0
VIE_M2(NVS1),VIE,O4,9.72,9.720546565222495,8.02,2.171250207636948,0.0581168452040594,0.0,55.123,12.313,0.33,0.0
VIE_M2(NVS1),VIE,O6,9.72,9.720546565222495,8.02,2.171250207636948,0.0581168452040594,0.0,53.514,11.953,0.32,0.0
VIE_M2(NVS1),VIE,O8,9.72,9.720546565222495,8.02,2.171250207636948,0.0581168452040594,0.0,51.374,11.475,0.307,0.0
VIE_M2(NVS1),VIE,O9,9.72,9.720546565222495,8.02,2.171250207636948,0.0581168452040594,0.0,51.161,11.428,0.306,0.0
VIE_M2(NVS1),VIE,P0,9.72,9.720546565222495,8.02,2.171250207636948,0.0581168452040594,0.0,47.472,10.604,0.284,0.0
VIE_M2(NVS1),VIE,P1,9.72,9.720546565222495,8.02,2.171250207636948,0.0581168452040594,0.0,51.862,11.584,0.31,0.0
VIE_M2(NVS1),VIE,P2,9.72,9.720546565222495,8.02,2.171250207636948,0.0581168452040594,0.0,54.041,12.071,0.323,0.0
VIE_M2(NVS1),VIE,P3,9.72,9.720546565222495,8.02,2.171250207636948,0.0581168452040594,0.0,48.912,10.925,0.292,0.0
VIE_M2(NVS1),VIE,P8,9.72,9.720546565222495,8.02,2.171250207636948,0.0581168452040594,0.0,53.273,11.899,0.319,0.0
VIE_M2(NVS1),VIE,P9,9.72,9.720546565222495,8.02,2.171250207636948,0.0581168452040594,0.0,52.406,11.706,0.313,0.0
VIE_M2(NVS1),VIE,Q0,9.72,9.720546565222495,8.02,2.171250207636948,0.0581168452040594,0.0,54.849,12.252,0.328,0.0
VIE_M2(NVS1),VIE,Q1,9.72,9.720546565222495,8.02,2.171250207636948,0.0581168452040594,0.0,56.14,12.54,0.336,0.0
VIE_M3(Van),VIE,O1,9.72,9.720546565222495,8.02,2.171250207636948,0.0581168452040594,0.0,58.623,13.094,0.35,0.0
VIE_M3(Van),VIE,O2,9.72,9.720546565222495,8.02,2.171250207636948,0.0581168452040594,0.0,56.887,12.707,0.34,0.0
VIE_M3(Van),VIE,O3,9.72,9.720546565222495,8.02,2.171250207636948,0.0581168452040594,0.0,60.753,13.57,0.363,0.0
VIE_M3(Van),VIE,O4,9.72,9.720546565222495,8.02,2.171250207636948,0.0581168452040594,0.0,55.39,12.372,0.331,0.0
VIE_M3(Van),VIE,O6,9.72,9.720546565222495,8.02,2.171250207636948,0.0581168452040594,0.0,55.546,12.407,0.332,0.0
VIE_M3(Van),VIE,O8,9.72,9.720546565222495,8.02,2.171250207636948,0.0581168452040594,0.0,57.59,12.864,0.344,0.0
VIE_M3(Van),VIE,O9,9.72,9.720546565222495,8.02,2.171250207636948,0.0581168452040594,0.0,58.527,13.073,0.35,0.0
VIE_M3(Van),VIE,P0,9.72,9.720546565222495,8.02,2.171250207636948,0.0581168452040594,0.0,60.676,13.553,0.363,0.0
VIE_M3(Van),VIE,P1,9.72,9.720546565222495,8.02,2.171250207636948,0.0581168452040594,0.0,63.344,14.149,0.379,0.0
VIE_M3(Van),VIE,P2,9.72,9.720546565222495,8.02,2.171250207636948,0.0581168452040594,0.0,55.36,12.366,0.331,0.0
VIE_M3(Van),VIE,P3,9.72,9.720546565222495,8.02,2.171250207636948,0.0581168452040594,0.0,59.775,13.352,0.357,0.0
VIE_M3(Van),VIE,P8,9.72,9.720546565222495,8.02,2.171250207636948,0.0581168452040594,0.0,61.347,13.703,0.367,0.0
VIE_M3(Van),VIE,P9,9.72,9.720546565222495,8.02,2.171250207636948,0.0581168452040594,0.0,57.664,12.88,0.345,0.0
VIE_M3(Van),VIE,Q0,9.72,9.720546565222495,8.02,2.171250207636948,0.0581168452040594,0.0,68.307,15.257,0.408,0.0
VIE_M3(Van),VIE,Q1,9.72,9.720546565222495,8.02,2.171250207636948,0.0581168452040594,0.0,55.546,12.407,0.332,0.0
VIE_M4(Qua),VIE,O1,9.72,9.720546565222495,8.02,2.171250207636948,0.0581168452040594,0.0,51.105,11.415,0.306,0.0
VIE_M4(Qua),VIE,O2,9.72,9.720546565222495,8.02,2.171250207636948,0.0581168452040594,0.0,47.849,10.688,0.286,0.0
VIE_M4(Qua),VIE,O3,9.72,9.720546565222495,8.02,2.171250207636948,0.0581168452040594,0.0,52.423,11.71,0.313,0.0
VIE_M4(Qua),VIE,O4,9.72,9.720546565222495,8.02,2.171250207636948,0.0581168452040594,0.0,50.77,11.34,0.304,0.0
VIE_M4(Qua),VIE,O6,9.72,9.720546565222495,8.02,2.171250207636948,0.0581168452040594,0.0,54.889,12.261,0.328,0.0
VIE_M4(Qua),VIE,O8,9.72,9.720546565222495,8.02,2.171250207636948,0.0581168452040594,0.0,51.712,11.551,0.309,0.0
VIE_M4(Qua),VIE,O9,9.72,9.720546565222495,8.02,2.171250207636948,0.0581168452040594,0.0,50.279,11.231,0.301,0.0
VIE_M4(Qua),VIE,P0,9.72,9.720546565222495,8.02,2.171250207636948,0.0581168452040594,0.0,47.725,10.66,0.285,0.0
VIE_M4(Qua),VIE,P1,9.72,9.720546565222495,8.02,2.171250207636948,0.0581168452040594,0.0,52.218,11.664,0.312,0.0
VIE_M4(Qua),VIE,P2,9.72,9.720546565222495,8.02,2.171250207636948,0.0581168452040594,0.0,54.29,12.127,0.325,0.0
VIE_M4(Qua),VIE,P3,9.72,9.720546565222495,8.02,2.171250207636948,0.0581168452040594,0.0,51.401,11.481,0.307,0.0
VIE_M4(Qua),VIE,P8,9.72,9.720546565222495,8.02,2.171250207636948,0.0581168452040594,0.0,53.449,11.939,0.32,0.0
VIE_M4(Qua),VIE,P9,9.72,9.720546565222495,8.02,2.171250207636948,0.0581168452040594,0.0,51.205,11.438,0.306,0.0
VIE_M4(Qua),VIE,Q0,9.72,9.720546565222495,8.02,2.171250207636948,0.0581168452040594,0.0,52.222,11.665,0.312,0.0
VIE_M4(Qua),VIE,Q1,9.72,9.720546565222495,8.02,2.171250207636948,0.0581168452040594,0.0,53.793,12.016,0.322,0.0
VIE_M5(Ti),VIE,O1,9.72,9.720546565222495,8.02,2.171250207636948,0.0581168452040594,0.0,40.016,8.938,0.239,0.0
VIE_M5(Ti),VIE,O2,9.72,9.720546565222495,8.02,2.171250207636948,0.0581168452040594,0.0,46.211,10.322,0.276,0.0
VIE_M5(Ti),VIE,O3,9.72,9.720546565222495,8.02,2.171250207636948,0.0581168452040594,0.0,42.137,9.412,0.252,0.0
VIE_M5(Ti),VIE,O4,9.72,9.720546565222495,8.02,2.171250207636948,0.0581168452040594,0.0,43.483,9.713,0.26,0.0
VIE_M5(Ti),VIE,O6,9.72,9.720546565222495,8.02,2.171250207636948,0.0581168452040594,0.0,43.385,9.691,0.259,0.0
VIE_M5(Ti),VIE,O8,9.72,9.720546565222495,8.02,2.171250207636948,0.0581168452040594,0.0,46.343,10.351,0.277,0.0
VIE_M5(Ti),VIE,O9,9.72,9.720546565222495,8.02,2.171250207636948,0.0581168452040594,0.0,41.716,9.318,0.249,0.0
VIE_M5(Ti),VIE,P0,9.72,9.720546565222495,8.02,2.171250207636948,0.0581168452040594,0.0,44.065,9.843,0.263,0.0
VIE_M5(Ti),VIE,P1,9.72,9.720546565222495,8.02,2.171250207636948,0.0581168452040594,0.0,44.846,10.017,0.268,0.0
VIE_M5(Ti),VIE,P2,9.72,9.720546565222495,8.02,2.171250207636948,0.0581168452040594,0.0,45.909,10.255,0.274,0.0
VIE_M5(Ti),VIE,P3,9.72,9.720546565222495,8.02,2.171250207636948,0.0581168452040594,0.0,41.73,9.321,0.249,0.0
VIE_M5(Ti),VIE,P8,9.72,9.720546565222495,8.02,2.171250207636948,0.0581168452040594,0.0,43.078,9.622,0.258,0.0
VIE_M5(Ti),VIE,P9,9.72,9.720546565222495,8.02,2.171250207636948,0.0581168452040594,0.0,44.249,9.884,0.265,0.0
VIE_M5(Ti),VIE,Q0,9.72,9.720546565222495,8.02,2.171250207636948,0.0581168452040594,0.0,44.597,9.962,0.267,0.0
VIE_M5(Ti),VIE,Q1,9.72,9.720546565222495,8.02,2.171250207636948,0.0581168452040594,0.0,45.744,10.218,0.273,0.0
YUE_F1(Vi),YUE,O1,7.97,7.971067822204827,6.53,1.894666596178111,0.0623204854942668,0.0,40.6010731068645,9.65058869155171,0.3174328263221493,0.0
YUE_F1(Vi),YUE,O2,7.97,7.971067822204827,6.53,1.894666596178111,0.0623204854942668,0.0,41.923171204204486,9.964842083665973,0.3277694333031803,0.0
YUE_F1(Vi),YUE,O3,7.97,7.971067822204827,6.53,1.894666596178111,0.0623204854942668,0.0,40.09768777339078,9.530937548491329,0.3134971907119007,0.0
YUE_F1(Vi),YUE,O4,7.97,7.971067822204827,6.53,1.894666596178111,0.0623204854942668,0.0,45.6040141318729,10.839752484177753,0.3565474996045887,0.0
YUE_F1(Vi),YUE,O6,7.97,7.971067822204827,6.53,1.894666596178111,0.0623204854942668,0.0,43.1988085390462,10.268052080252568,0.3377427944381203,0.0
YUE_F1(Vi),YUE,O8,7.97,7.971067822204827,6.53,1.894666596178111,0.0623204854942668,0.0,42.81541734738667,10.176922698304178,0.3347453133312742,0.0
YUE_F1(Vi),YUE,O9,7.97,7.971067822204827,6.53,1.894666596178111,0.0623204854942668,0.0,38.64004730075835,9.184466689839162,0.3021008679159144,0.0
YUE_F1(Vi),YUE,P0,7.97,7.971067822204827,6.53,1.894666596178111,0.0623204854942668,0.0,39.14181641594186,9.303733669212209,0.3060238673887273,0.0
YUE_F1(Vi),YUE,P1,7.97,7.971067822204827,6.53,1.894666596178111,0.0623204854942668,0.0,36.27283671902196,8.62179743204646,0.2835932205076188,0.0
YUE_F1(Vi),YUE,P2,7.97,7.971067822204827,6.53,1.894666596178111,0.0623204854942668,0.0,43.27933731643857,10.287193202616546,0.3383723954671533,0.0
YUE_F1(Vi),YUE,P3,7.97,7.971067822204827,6.53,1.894666596178111,0.0623204854942668,0.0,37.20785697977118,8.844045152716497,0.2909035229534898,0.0
YUE_F1(Vi),YUE,P8,7.97,7.971067822204827,6.53,1.894666596178111,0.0623204854942668,0.0,39.70456229219303,9.437494394582018,0.3104236036599673,0.0
YUE_F1(Vi),YUE,P9,7.97,7.971067822204827,6.53,1.894666596178111,0.0623204854942668,0.0,38.54142683263873,9.161025300201857,0.3013298199722793,0.0
YUE_F1(Vi),YUE,Q0,7.97,7.971067822204827,6.53,1.894666596178111,0.0623204854942668,0.0,38.793145832283045,9.220857130878407,0.3032978436569186,0.0
YUE_F1(Vi),YUE,Q1,7.97,7.971067822204827,6.53,1.894666596178111,0.0623204854942668,0.0,35.71557883676297,8.489341164138176,0.2792363912166743,0.0
YUE_F2(Ka),YUE,O1,7.97,7.971067822204827,6.53,1.894666596178111,0.0623204854942668,0.0,40.81570872815724,9.701606064767436,0.3191109196995592,0.0
YUE_F2(Ka),YUE,O2,7.97,7.971067822204827,6.53,1.894666596178111,0.0623204854942668,0.0,44.02283406961429,10.463917136477049,0.3441853028033884,0.0
YUE_F2(Ka),YUE,O3,7.97,7.971067822204827,6.53,1.894666596178111,0.0623204854942668,0.0,40.9488597988339,9.733255135065605,0.3201519394918554,0.0
YUE_F2(Ka),YUE,O4,7.97,7.971067822204827,6.53,1.894666596178111,0.0623204854942668,0.0,44.248083646993805,10.517457372187422,0.3459463796544177,0.0
YUE_F2(Ka),YUE,O6,7.97,7.971067822204827,6.53,1.894666596178111,0.0623204854942668,0.0,42.20326736588685,10.031418965596265,0.3299593191717335,0.0
YUE_F2(Ka),YUE,O8,7.97,7.971067822204827,6.53,1.894666596178111,0.0623204854942668,0.0,45.804682994175685,10.88745005729826,0.3581163961691688,0.0
YUE_F2(Ka),YUE,O9,7.97,7.971067822204827,6.53,1.894666596178111,0.0623204854942668,0.0,41.9097380342728,9.961649113926152,0.3276644082688257,0.0
YUE_F2(Ka),YUE,P0,7.97,7.971067822204827,6.53,1.894666596178111,0.0623204854942668,0.0,42.57951220362142,10.120849709624602,0.3329009276833324,0.0
YUE_F2(Ka),YUE,P1,7.97,7.971067822204827,6.53,1.894666596178111,0.0623204854942668,0.0,41.17894815899172,9.787945515311272,0.3219508475718582,0.0
YUE_F2(Ka),YUE,P2,7.97,7.971067822204827,6.53,1.894666596178111,0.0623204854942668,0.0,41.02336548954592,9.750964612210437,0.320734450006234,0.0
YUE_F2(Ka),YUE,P3,7.97,7.971067822204827,6.53,1.894666596178111,0.0623204854942668,0.0,41.68968526257755,9.909344122270456,0.3259439617900986,0.0
YUE_F2(Ka),YUE,P8,7.97,7.971067822204827,6.53,1.894666596178111,0.0623204854942668,0.0,43.16260353795862,10.259446406871628,0.3374597315793634,0.0
YUE_F2(Ka),YUE,P9,7.97,7.971067822204827,6.53,1.894666596178111,0.0623204854942668,0.0,42.72009866881528,10.154266120752805,0.3340000798873067,0.0
YUE_F2(Ka),YUE,Q0,7.97,7.971067822204827,6.53,1.894666596178111,0.0623204854942668,0.0,42.96390392437605,10.212216910281512,0.3359062312626939,0.0
YUE_F2(Ka),YUE,Q1,7.97,7.971067822204827,6.53,1.894666596178111,0.0623204854942668,0.0,39.11787105024091,9.298042024687431,0.305836654477094,0.0
YUE_F3(Ce),YUE,O1,7.97,7.971067822204827,6.53,1.894666596178111,0.0623204854942668,0.0,37.19831650362253,8.841777448831186,0.2908289323065787,0.0
YUE_F3(Ce),YUE,O2,7.97,7.971067822204827,6.53,1.894666596178111,0.0623204854942668,0.0,40.293309870485935,9.57743554112012,0.3150266299710192,0.0
YUE_F3(Ce),YUE,O3,7.97,7.971067822204827,6.53,1.894666596178111,0.0623204854942668,0.0,40.74813533464845,9.68554434576978,0.3185826082130816,0.0
YUE_F3(Ce),YUE,O4,7.97,7.971067822204827,6.53,1.894666596178111,0.0623204854942668,0.0,43.512949345896594,10.342721134200133,0.3401988527772478,0.0
YUE_F3(Ce),YUE,O6,7.97,7.971067822204827,6.53,1.894666596178111,0.0623204854942668,0.0,40.19501529662946,9.554071614250418,0.3142581299781923,0.0
YUE_F3(Ce),YUE,O8,7.97,7.971067822204827,6.53,1.894666596178111,0.0623204854942668,0.0,44.37281215580151,10.547104458939184,0.346921549029118,0.0
YUE_F3(Ce),YUE,O9,7.97,7.971067822204827,6.53,1.894666596178111,0.0623204854942668,0.0,41.83067661798452,9.942856772946357,0.3270462795617503,0.0
YUE_F3(Ce),YUE,P0,7.97,7.971067822204827,6.53,1.894666596178111,0.0623204854942668,0.0,40.68657011333968,9.670910726924498,0.3181012706348418,0.0
YUE_F3(Ce),YUE,P1,7.97,7.971067822204827,6.53,1.894666596178111,0.0623204854942668,0.0,41.75576159381978,9.92505000012711,0.3264605687409546,0.0
YUE_F3(Ce),YUE,P2,7.97,7.971067822204827,6.53,1.894666596178111,0.0623204854942668,0.0,40.3160944764695,9.582851281247672,0.315204767673315,0.0
YUE_F3(Ce),YUE,P3,7.97,7.971067822204827,6.53,1.894666596178111,0.0623204854942668,0.0,37.285652265686295,8.862536543437434,0.2915117526280498,0.0
YUE_F3(Ce),YUE,P8,7.97,7.971067822204827,6.53,1.894666596178111,0.0623204854942668,0.0,42.12803577799491,10.01353694781199,0.3293711333493936,0.0
YUE_F3(Ce),YUE,P9,7.97,7.971067822204827,6.53,1.894666596178111,0.0623204854942668,0.0,40.248002550541614,9.566666310751549,0.3146724021262242,0.0
YUE_F3(Ce),YUE,Q0,7.97,7.971067822204827,6.53,1.894666596178111,0.0623204854942668,0.0,42.49282478748896,10.100244722273018,0.3322231763481137,0.0
YUE_F3(Ce),YUE,Q1,7.97,7.971067822204827,6.53,1.894666596178111,0.0623204854942668,0.0,38.73563710107129,9.207187711116106,0.3028482210807197,0.0
YUE_F5(Ye),YUE,O1,7.97,7.971067822204827,6.53,1.894666596178111,0.0623204854942668,0.0,34.38769552288536,8.17371266685984,0.2688545534696586,0.0
YUE_F5(Ye),YUE,O2,7.97,7.971067822204827,6.53,1.894666596178111,0.0623204854942668,0.0,36.60710319382553,8.701250215306978,0.2862066280784571,0.0
YUE_F5(Ye),YUE,O3,7.97,7.971067822204827,6.53,1.894666596178111,0.0623204854942668,0.0,39.81252993904666,9.463157542672628,0.3112677309864026,0.0
YUE_F5(Ye),YUE,O4,7.97,7.971067822204827,6.53,1.894666596178111,0.0623204854942668,0.0,39.05768222060336,9.28373556443381,0.3053660779912316,0.0
YUE_F5(Ye),YUE,O6,7.97,7.971067822204827,6.53,1.894666596178111,0.0623204854942668,0.0,41.87333096474687,9.952995410302735,0.3273797655711487,0.0
YUE_F5(Ye),YUE,O8,7.97,7.971067822204827,6.53,1.894666596178111,0.0623204854942668,0.0,41.69176195922824,9.909837738416025,0.3259601981020185,0.0
YUE_F5(Ye),YUE,O9,7.97,7.971067822204827,6.53,1.894666596178111,0.0623204854942668,0.0,35.36409859008353,8.405796788722764,0.2764884005956826,0.0
YUE_F5(Ye),YUE,P0,7.97,7.971067822204827,6.53,1.894666596178111,0.0623204854942668,0.0,41.26596125599963,9.808627914709714,0.3226311451895484,0.0
YUE_F5(Ye),YUE,P1,7.97,7.971067822204827,6.53,1.894666596178111,0.0623204854942668,0.0,35.34841606299258,8.402069162652378,0.2763657893315603,0.0
YUE_F5(Ye),YUE,P2,7.97,7.971067822204827,6.53,1.894666596178111,0.0623204854942668,0.0,39.05288261885586,9.282594732953164,0.3053285530927168,0.0
YUE_F5(Ye),YUE,P3,7.97,7.971067822204827,6.53,1.894666596178111,0.0623204854942668,0.0,39.36329788743124,9.356378252731412,0.3077554839223054,0.0
YUE_F5(Ye),YUE,P8,7.97,7.971067822204827,6.53,1.894666596178111,0.0623204854942668,0.0,41.0054931882557,9.74671649225879,0.3205947183519374,0.0
YUE_F5(Ye),YUE,P9,7.97,7.971067822204827,6.53,1.894666596178111,0.0623204854942668,0.0,39.29399630664352,9.33990575580759,0.307213660887231,0.0
YUE_F5(Ye),YUE,Q0,7.97,7.971067822204827,6.53,1.894666596178111,0.0623204854942668,0.0,38.87183485564046,9.239560956685263,0.3039130608709841,0.0
YUE_F5(Ye),YUE,Q1,7.97,7.971067822204827,6.53,1.894666596178111,0.0623204854942668,0.0,41.48511134232995,9.860718344421397,0.3243445341709056,0.0
YUE_F6(Tra),YUE,O1,7.97,7.971067822204827,6.53,1.894666596178111,0.0623204854942668,0.0,38.38526512742079,9.123906764382298,0.3001088953105064,0.0
YUE_F6(Tra),YUE,O2,7.97,7.971067822204827,6.53,1.894666596178111,0.0623204854942668,0.0,40.77701128387893,9.692407955220892,0.3188083700827947,0.0
YUE_F6(Tra),YUE,O3,7.97,7.971067822204827,6.53,1.894666596178111,0.0623204854942668,0.0,40.65189654329133,9.662669063899395,0.3178301810183148,0.0
YUE_F6(Tra),YUE,O4,7.97,7.971067822204827,6.53,1.894666596178111,0.0623204854942668,0.0,36.97272024450351,8.788154809316708,0.2890651449812692,0.0
YUE_F6(Tra),YUE,O6,7.97,7.971067822204827,6.53,1.894666596178111,0.0623204854942668,0.0,39.37077571757703,9.358155680211036,0.3078139481099807,0.0
YUE_F6(Tra),YUE,O8,7.97,7.971067822204827,6.53,1.894666596178111,0.0623204854942668,0.0,39.4444593263744,9.375669754283436,0.308390031311836,0.0
YUE_F6(Tra),YUE,O9,7.97,7.971067822204827,6.53,1.894666596178111,0.0623204854942668,0.0,36.33535189609038,8.63665684867515,0.2840819851590512,0.0
YUE_F6(Tra),YUE,P0,7.97,7.971067822204827,6.53,1.894666596178111,0.0623204854942668,0.0,35.141266743053535,8.35283123046264,0.2747462263725743,0.0
YUE_F6(Tra),YUE,P1,7.97,7.971067822204827,6.53,1.894666596178111,0.0623204854942668,0.0,37.00495726745026,8.795817322282321,0.2893171848541874,0.0
YUE_F6(Tra),YUE,P2,7.97,7.971067822204827,6.53,1.894666596178111,0.0623204854942668,0.0,39.60388586742146,9.413564318550552,0.3096364815566886,0.0
YUE_F6(Tra),YUE,P3,7.97,7.971067822204827,6.53,1.894666596178111,0.0623204854942668,0.0,37.08688174158209,8.815290191916507,0.2899576979091053,0.0
YUE_F6(Tra),YUE,P8,7.97,7.971067822204827,6.53,1.894666596178111,0.0623204854942668,0.0,37.25714357242108,8.855760228138772,0.2912888620888241,0.0
YUE_F6(Tra),YUE,P9,7.97,7.971067822204827,6.53,1.894666596178111,0.0623204854942668,0.0,40.82742055275643,9.704389882863495,0.3192024866779522,0.0
YUE_F6(Tra),YUE,Q0,7.97,7.971067822204827,6.53,1.894666596178111,0.0623204854942668,0.0,36.06338069926336,8.572011213580277,0.281955622994687,0.0
YUE_F6(Tra),YUE,Q1,7.97,7.971067822204827,6.53,1.894666596178111,0.0623204854942668,0.0,35.24185934254546,8.376741381816409,0.2755326931016622,0.0
YUE_M2(Ka),YUE,O1,7.97,7.971067822204827,6.53,1.894666596178111,0.0623204854942668,0.0,37.36438041658513,8.881249669584896,0.2921272757543759,0.0
YUE_M2(Ka),YUE,O2,7.97,7.971067822204827,6.53,1.894666596178111,0.0623204854942668,0.0,41.281996337389806,9.812439340450233,0.3227565128415953,0.0
YUE_M2(Ka),YUE,O3,7.97,7.971067822204827,6.53,1.894666596178111,0.0623204854942668,0.0,40.28698538298468,9.575932255051825,0.3149771830035148,0.0
YUE_M2(Ka),YUE,O4,7.97,7.971067822204827,6.53,1.894666596178111,0.0623204854942668,0.0,39.984320790995085,9.50399101642742,0.3126108495667108,0.0
YUE_M2(Ka),YUE,O6,7.97,7.971067822204827,6.53,1.894666596178111,0.0623204854942668,0.0,40.102546590003605,9.53209245492778,0.3135351785721214,0.0
YUE_M2(Ka),YUE,O8,7.97,7.971067822204827,6.53,1.894666596178111,0.0623204854942668,0.0,43.2496124968531,10.280127822669694,0.3381399968438929,0.0
YUE_M2(Ka),YUE,O9,7.97,7.971067822204827,6.53,1.894666596178111,0.0623204854942668,0.0,39.81386633359331,9.4634751942299,0.3112781793678261,0.0
YUE_M2(Ka),YUE,P0,7.97,7.971067822204827,6.53,1.894666596178111,0.0623204854942668,0.0,41.23747423653435,9.801856751120416,0.3224084241033703,0.0
YUE_M2(Ka),YUE,P1,7.97,7.971067822204827,6.53,1.894666596178111,0.0623204854942668,0.0,39.083945450810766,9.289978149002351,0.3055714127460827,0.0
YUE_M2(Ka),YUE,P2,7.97,7.971067822204827,6.53,1.894666596178111,0.0623204854942668,0.0,39.056457035302046,9.28344434652972,0.3053564990810403,0.0
YUE_M2(Ka),YUE,P3,7.97,7.971067822204827,6.53,1.894666596178111,0.0623204854942668,0.0,42.5199208154596,10.106685256995616,0.3324350221955913,0.0
YUE_M2(Ka),YUE,P8,7.97,7.971067822204827,6.53,1.894666596178111,0.0623204854942668,0.0,39.91155256534152,9.4866945224715,0.3120419231377254,0.0
YUE_M2(Ka),YUE,P9,7.97,7.971067822204827,6.53,1.894666596178111,0.0623204854942668,0.0,39.31916862970991,9.345889039443597,0.3074104665636482,0.0
YUE_M2(Ka),YUE,Q0,7.97,7.971067822204827,6.53,1.894666596178111,0.0623204854942668,0.0,41.48896719429969,9.861634853236756,0.3243746805166785,0.0
YUE_M2(Ka),YUE,Q1,7.97,7.971067822204827,6.53,1.894666596178111,0.0623204854942668,0.0,39.855339111024136,9.473332980890556,0.3116024274713342,0.0
YUE_M3(Bra),YUE,O1,7.97,7.971067822204827,6.53,1.894666596178111,0.0623204854942668,0.0,41.83067661798452,9.942856772946357,0.3270462795617503,0.0
YUE_M3(Bra),YUE,O2,7.97,7.971067822204827,6.53,1.894666596178111,0.0623204854942668,0.0,43.8573195169454,10.424575494790158,0.3428912544388823,0.0
YUE_M3(Bra),YUE,O3,7.97,7.971067822204827,6.53,1.894666596178111,0.0623204854942668,0.0,40.41042739947851,9.605273551655047,0.315942294149208,0.0
YUE_M3(Bra),YUE,O4,7.97,7.971067822204827,6.53,1.894666596178111,0.0623204854942668,0.0,42.95417610118074,10.209904675324694,0.3358301758736474,0.0
YUE_M3(Bra),YUE,O6,7.97,7.971067822204827,6.53,1.894666596178111,0.0623204854942668,0.0,42.90522887438396,10.198270264771937,0.3354474900145363,0.0
YUE_M3(Bra),YUE,O8,7.97,7.971067822204827,6.53,1.894666596178111,0.0623204854942668,0.0,42.03199604929099,9.990708981730153,0.3286202624933092,0.0
YUE_M3(Bra),YUE,O9,7.97,7.971067822204827,6.53,1.894666596178111,0.0623204854942668,0.0,39.65302774497832,9.425244996215984,0.3100206892608199,0.0
YUE_M3(Bra),YUE,P0,7.97,7.971067822204827,6.53,1.894666596178111,0.0623204854942668,0.0,43.77703151782971,10.40549160372418,0.3422635358952871,0.0
YUE_M3(Bra),YUE,P1,7.97,7.971067822204827,6.53,1.894666596178111,0.0623204854942668,0.0,44.31267265450688,10.532809723684723,0.3464513582088085,0.0
YUE_M3(Bra),YUE,P2,7.97,7.971067822204827,6.53,1.894666596178111,0.0623204854942668,0.0,44.80089213939939,10.648856051512013,0.3502684221210619,0.0
YUE_M3(Bra),YUE,P3,7.97,7.971067822204827,6.53,1.894666596178111,0.0623204854942668,0.0,41.515978240650135,9.86805518842766,0.3245858619493065,0.0
YUE_M3(Bra),YUE,P8,7.97,7.971067822204827,6.53,1.894666596178111,0.0623204854942668,0.0,42.20932044344715,10.032857739436023,0.3300066441651605,0.0
YUE_M3(Bra),YUE,P9,7.97,7.971067822204827,6.53,1.894666596178111,0.0623204854942668,0.0,42.74408790928929,10.159968194001658,0.334187635826652,0.0
YUE_M3(Bra),YUE,Q0,7.97,7.971067822204827,6.53,1.894666596178111,0.0623204854942668,0.0,38.8498145004249,9.234326873574508,0.3037408983378832,0.0
YUE_M3(Bra),YUE,Q1,7.97,7.971067822204827,6.53,1.894666596178111,0.0623204854942668,0.0,40.87727088310167,9.716238954759543,0.3195922333039326,0.0
YUE_M4(Al),YUE,O1,7.97,7.971067822204827,6.53,1.894666596178111,0.0623204854942668,0.0,42.70214904752585,10.149999622382737,0.3338597437192867,0.0
YUE_M4(Al),YUE,O2,7.97,7.971067822204827,6.53,1.894666596178111,0.0623204854942668,0.0,42.10477214333953,10.008007345948055,0.3291892504400492,0.0
YUE_M4(Al),YUE,O3,7.97,7.971067822204827,6.53,1.894666596178111,0.0623204854942668,0.0,43.22268806491898,10.2737280751146,0.3379294925918631,0.0
YUE_M4(Al),YUE,O4,7.97,7.971067822204827,6.53,1.894666596178111,0.0623204854942668,0.0,44.6484853303071,10.61263002801578,0.3490768544983646,0.0
YUE_M4(Al),YUE,O6,7.97,7.971067822204827,6.53,1.894666596178111,0.0623204854942668,0.0,43.596379811024185,10.362551967271266,0.3408511401755911,0.0
YUE_M4(Al),YUE,O8,7.97,7.971067822204827,6.53,1.894666596178111,0.0623204854942668,0.0,44.718473055847554,10.629265616707496,0.3496240420435728,0.0
YUE_M4(Al),YUE,O9,7.97,7.971067822204827,6.53,1.894666596178111,0.0623204854942668,0.0,43.63110807943695,10.370806631711766,0.3411226574423028,0.0
YUE_M4(Al),YUE,P0,7.97,7.971067822204827,6.53,1.894666596178111,0.0623204854942668,0.0,41.576517524680256,9.882444949218415,0.3250591784053179,0.0
YUE_M4(Al),YUE,P1,7.97,7.971067822204827,6.53,1.894666596178111,0.0623204854942668,0.0,41.89644812210084,9.958490195545329,0.327560503271753,0.0
YUE_M4(Al),YUE,P2,7.97,7.971067822204827,6.53,1.894666596178111,0.0623204854942668,0.0,35.56496266281191,8.45354076198449,0.2780588233809357,0.0
YUE_M4(Al),YUE,P3,7.97,7.971067822204827,6.53,1.894666596178111,0.0623204854942668,0.0,44.46899761341605,10.569967063755152,0.3476735592427719,0.0
YUE_M4(Al),YUE,P8,7.97,7.971067822204827,6.53,1.894666596178111,0.0623204854942668,0.0,44.72973310301989,10.631942050495876,0.3497120768743032,0.0
YUE_M4(Al),YUE,P9,7.97,7.971067822204827,6.53,1.894666596178111,0.0623204854942668,0.0,42.8113617049364,10.175958700700852,0.3347136049564204,0.0
YUE_M4(Al),YUE,Q0,7.97,7.971067822204827,6.53,1.894666596178111,0.0623204854942668,0.0,40.72808376309035,9.680778228647284,0.3184258382918744,0.0
YUE_M4(Al),YUE,Q1,7.97,7.971067822204827,6.53,1.894666596178111,0.0623204854942668,0.0,36.518320196515006,8.680147123090872,0.2855124927857407,0.0
YUE_M5(Ed),YUE,O1,7.97,7.971067822204827,6.53,1.894666596178111,0.0623204854942668,0.0,42.68900588069067,10.146875584333374,0.3337569860265446,0.0
YUE_M5(Ed),YUE,O2,7.97,7.971067822204827,6.53,1.894666596178111,0.0623204854942668,0.0,41.148580203122265,9.780727266406178,0.321713420693118,0.0
YUE_M5(Ed),YUE,O3,7.97,7.971067822204827,6.53,1.894666596178111,0.0623204854942668,0.0,40.012692395726425,9.510734746748556,0.3128326683017344,0.0
YUE_M5(Ed),YUE,O4,7.97,7.971067822204827,6.53,1.894666596178111,0.0623204854942668,0.0,40.62474720197055,9.656215856969524,0.3176179183491593,0.0
YUE_M5(Ed),YUE,O6,7.97,7.971067822204827,6.53,1.894666596178111,0.0623204854942668,0.0,41.58308709599873,9.88400648998133,0.3251105415204223,0.0
YUE_M5(Ed),YUE,O8,7.97,7.971067822204827,6.53,1.894666596178111,0.0623204854942668,0.0,45.18865080485268,10.741023551174528,0.3533000496049406,0.0
YUE_M5(Ed),YUE,O9,7.97,7.971067822204827,6.53,1.894666596178111,0.0623204854942668,0.0,42.599745812399895,10.125659095710358,0.3330591208326697,0.0
YUE_M5(Ed),YUE,P0,7.97,7.971067822204827,6.53,1.894666596178111,0.0623204854942668,0.0,44.99414397560657,10.694790649846736,0.3517793298844535,0.0
YUE_M5(Ed),YUE,P1,7.97,7.971067822204827,6.53,1.894666596178111,0.0623204854942668,0.0,43.77332159990447,10.40460978240183,0.3422345305108891,0.0
YUE_M5(Ed),YUE,P2,7.97,7.971067822204827,6.53,1.894666596178111,0.0623204854942668,0.0,42.13037960996209,10.014094060138008,0.3293894582149411,0.0
YUE_M5(Ed),YUE,P3,7.97,7.971067822204827,6.53,1.894666596178111,0.0623204854942668,0.0,45.07776285660661,10.71466626804173,0.3524330903813711,0.0
YUE_M5(Ed),YUE,P8,7.97,7.971067822204827,6.53,1.894666596178111,0.0623204854942668,0.0,45.007515192241215,10.697968893724846,0.3518838705471234,0.0
YUE_M5(Ed),YUE,P9,7.97,7.971067822204827,6.53,1.894666596178111,0.0623204854942668,0.0,40.81267342595392,9.70088459484368,0.3190871886874599,0.0
YUE_M5(Ed),YUE,Q0,7.97,7.971067822204827,6.53,1.894666596178111,0.0623204854942668,0.0,43.488194372641104,10.336837051670331,0.3400053100818285,0.0
YUE_M5(Ed),YUE,Q1,7.97,7.971067822204827,6.53,1.894666596178111,0.0623204854942668,0.0,39.32476685974191,9.347219699234222,0.3074542354063283,0.0
YUE_M6(Hu),YUE,O1,7.97,7.971067822204827,6.53,1.894666596178111,0.0623204854942668,0.0,38.46021371167891,9.141721514199022,0.3006948685153841,0.0
YUE_M6(Hu),YUE,O2,7.97,7.971067822204827,6.53,1.894666596178111,0.0623204854942668,0.0,39.66253512085332,9.427504832399723,0.310095021118674,0.0
YUE_M6(Hu),YUE,O3,7.97,7.971067822204827,6.53,1.894666596178111,0.0623204854942668,0.0,40.57998164031548,9.64557539872493,0.3172679261526313,0.0
YUE_M6(Hu),YUE,O4,7.97,7.971067822204827,6.53,1.894666596178111,0.0623204854942668,0.0,36.68692303106824,8.720222827598,0.2868306863752868,0.0
YUE_M6(Hu),YUE,O6,7.97,7.971067822204827,6.53,1.894666596178111,0.0623204854942668,0.0,37.95746582002298,9.022221886562434,0.296764216639366,0.0
YUE_M6(Hu),YUE,O8,7.97,7.971067822204827,6.53,1.894666596178111,0.0623204854942668,0.0,39.233347024057366,9.32548984913596,0.3067394844255631,0.0
YUE_M6(Hu),YUE,O9,7.97,7.971067822204827,6.53,1.894666596178111,0.0623204854942668,0.0,43.211984321729936,10.271183870859073,0.3378458071325212,0.0
YUE_M6(Hu),YUE,P0,7.97,7.971067822204827,6.53,1.894666596178111,0.0623204854942668,0.0,36.443598019808064,8.662386188752066,0.2849282897111423,0.0
YUE_M6(Hu),YUE,P1,7.97,7.971067822204827,6.53,1.894666596178111,0.0623204854942668,0.0,38.0515946875246,9.04459565441504,0.2975001477407656,0.0
YUE_M6(Hu),YUE,P2,7.97,7.971067822204827,6.53,1.894666596178111,0.0623204854942668,0.0,42.19977082343732,10.030587862119411,0.3299319820284715,0.0
YUE_M6(Hu),YUE,P3,7.97,7.971067822204827,6.53,1.894666596178111,0.0623204854942668,0.0,36.96452378905924,8.786206569672572,0.2890010623396441,0.0
YUE_M6(Hu),YUE,P8,7.97,7.971067822204827,6.53,1.894666596178111,0.0623204854942668,0.0,39.20197289608931,9.318032440220218,0.3064941909554108,0.0
YUE_M6(Hu),YUE,P9,7.97,7.971067822204827,6.53,1.894666596178111,0.0623204854942668,0.0,36.3515730353297,8.640512499054022,0.2842088074738543,0.0
YUE_M6(Hu),YUE,Q0,7.97,7.971067822204827,6.53,1.894666596178111,0.0623204854942668,0.0,39.20197289608931,9.318032440220218,0.3064941909554108,0.0
YUE_M6(Hu),YUE,Q1,7.97,7.971067822204827,6.53,1.894666596178111,0.0623204854942668,0.0,40.384978168977945,9.599224449075148,0.315743323517465,0.0
